timestamp,corridor_id,elevation_slope_deg,lane_isolation_score,turning_conflicts,passenger_density,weather_impact,hour,is_peak_hour,delay_minutes,delay_lag_15m,delay_lag_30m
2026-08-01 00:00:00,3,4.2,0.9879648184429082,7,83.20665999771502,1,0,0,8.67,7.543152777777777,7.543152777777777
2026-08-01 00:15:00,4,4.2,0.6375602863157673,6,69.30325986833157,0,0,0,9.53,8.67,7.543152777777777
2026-08-01 00:30:00,1,4.2,0.8690408472900505,5,23.58884461021736,2,0,0,10.67,9.53,8.67
2026-08-01 00:45:00,3,4.2,0.7775000877218284,6,69.80375923698253,0,0,0,5.91,10.67,9.53
2026-08-01 01:00:00,3,4.2,0.9472569017510022,1,44.71341782750129,0,1,0,3.18,5.91,10.67
2026-08-01 01:15:00,4,4.2,0.6708599157789543,2,49.498012437667676,0,1,0,4.43,3.18,5.91
2026-08-01 01:30:00,1,4.2,0.8770503808904657,1,81.57851346375041,2,1,0,7.44,4.43,3.18
2026-08-01 01:45:00,1,4.2,0.9352461158592441,2,84.87481541380885,0,1,0,2.62,7.44,4.43
2026-08-01 02:00:00,3,4.2,0.9778456877896093,5,52.02853014718645,0,2,0,8.39,2.62,7.44
2026-08-01 02:15:00,2,4.2,0.8732992113158583,4,95.77223488050838,1,2,0,7.64,8.39,2.62
2026-08-01 02:30:00,3,4.2,0.7988699056033709,6,52.51701743616578,0,2,0,5.2,7.64,8.39
2026-08-01 02:45:00,3,4.2,0.8471388960804855,6,81.74688281840879,1,2,0,10.9,5.2,7.64
2026-08-01 03:00:00,3,4.2,0.9475619937914873,3,58.710181165140725,0,3,0,4.97,10.9,5.2
2026-08-01 03:15:00,3,4.2,0.8282438986555318,7,91.80258612176672,1,3,0,9.43,4.97,10.9
2026-08-01 03:30:00,4,4.2,0.6121548238787348,1,92.62089949201429,2,3,0,8.53,9.43,4.97
2026-08-01 03:45:00,1,4.2,0.9723794782027911,6,26.99334462968671,0,3,0,7.02,8.53,9.43
2026-08-01 04:00:00,4,4.2,0.8758107004126244,5,94.91946650481806,0,4,0,5.83,7.02,8.53
2026-08-01 04:15:00,4,4.2,0.8706053543108986,4,86.04278732163326,0,4,0,3.48,5.83,7.02
2026-08-01 04:30:00,4,4.2,0.6862700609590868,7,83.30485714501336,2,4,0,15.12,3.48,5.83
2026-08-01 04:45:00,3,4.2,0.8635541880930628,5,36.072907174841795,0,4,0,5.7,15.12,3.48
2026-08-01 05:00:00,2,4.2,0.7575457622616634,1,84.4095367003732,0,5,0,5.31,5.7,15.12
2026-08-01 05:15:00,1,4.2,0.8604931908165968,3,88.01061877480295,0,5,0,6.03,5.31,5.7
2026-08-01 05:30:00,2,4.2,0.6426372121231962,6,43.132026756332074,0,5,0,6.83,6.03,5.31
2026-08-01 05:45:00,4,4.2,0.8631381218412144,5,96.1808062689859,0,5,0,7.17,6.83,6.03
2026-08-01 06:00:00,4,4.2,0.9997654903082667,7,23.98881171193314,0,6,0,6.27,7.17,6.83
2026-08-01 06:15:00,2,4.2,0.6192848155442224,2,31.992740259771175,0,6,0,3.27,6.27,7.17
2026-08-01 06:30:00,2,4.2,0.990869673688527,4,63.00649104412115,0,6,0,4.44,3.27,6.27
2026-08-01 06:45:00,2,4.2,0.7627631842891482,7,66.06339768978478,0,6,0,8.39,4.44,3.27
2026-08-01 07:00:00,4,4.2,0.9483013801349036,5,71.61200666407227,0,7,0,5.29,8.39,4.44
2026-08-01 07:15:00,4,4.2,0.9129541936233094,4,21.357530345237315,1,7,0,7.4,5.29,8.39
2026-08-01 07:30:00,1,4.2,0.8268065043946671,6,96.82934196977043,1,7,0,10.64,7.4,5.29
2026-08-01 07:45:00,1,4.2,0.8953796837005306,2,23.56704741873152,0,7,0,4.0,10.64,7.4
2026-08-01 08:00:00,4,4.2,0.9514062245205391,3,31.44495621787219,0,8,1,8.5,4.0,10.64
2026-08-01 08:15:00,2,4.2,0.7616561286604132,7,21.12116140208456,0,8,1,13.69,8.5,4.0
2026-08-01 08:30:00,2,4.2,0.7308132646252955,3,65.34867466352758,0,8,1,10.53,13.69,8.5
2026-08-01 08:45:00,1,4.2,0.8670373542254339,2,94.58135071367778,0,8,1,6.5,10.53,13.69
2026-08-01 09:00:00,4,4.2,0.9231383767765035,4,73.27577328643713,0,9,1,10.59,6.5,10.53
2026-08-01 09:15:00,1,4.2,0.9049140539106463,6,85.81259747843418,0,9,1,12.04,10.59,6.5
2026-08-01 09:30:00,1,4.2,0.9191254595434538,5,21.062496276686407,2,9,1,15.9,12.04,10.59
2026-08-01 09:45:00,3,4.2,0.7742333259251732,2,63.361223878378084,0,9,1,10.33,15.9,12.04
2026-08-01 10:00:00,3,4.2,0.9271336864700086,1,56.76503820044175,0,10,0,2.38,10.33,15.9
2026-08-01 10:15:00,3,4.2,0.6480836221482433,4,59.917435537663444,0,10,0,6.74,2.38,10.33
2026-08-01 10:30:00,2,4.2,0.8177956391843398,3,25.777054826815036,2,10,0,8.37,6.74,2.38
2026-08-01 10:45:00,4,4.2,0.6023034641992486,7,74.7548288855446,0,10,0,9.12,8.37,6.74
2026-08-01 11:00:00,4,4.2,0.7298343319601082,2,60.257633188690754,0,11,0,6.59,9.12,8.37
2026-08-01 11:15:00,4,4.2,0.7465846139485591,3,81.21190798890112,0,11,0,4.27,6.59,9.12
2026-08-01 11:30:00,4,4.2,0.7584690766437021,4,58.823250724937225,0,11,0,5.15,4.27,6.59
2026-08-01 11:45:00,3,4.2,0.8781868826759449,3,31.950530898114565,0,11,0,3.96,5.15,4.27
2026-08-01 12:00:00,2,4.2,0.7554232405081382,2,71.86055632622576,0,12,0,4.65,3.96,5.15
2026-08-01 12:15:00,2,4.2,0.7794774490490123,4,33.7909089684133,0,12,0,4.75,4.65,3.96
2026-08-01 12:30:00,3,4.2,0.695017652349731,1,89.7915650683852,0,12,0,4.51,4.75,4.65
2026-08-01 12:45:00,2,4.2,0.749300716651736,2,69.04929912553932,0,12,0,5.39,4.51,4.75
2026-08-01 13:00:00,3,4.2,0.6909078509052606,5,32.57631068455634,1,13,0,9.95,5.39,4.51
2026-08-01 13:15:00,4,4.2,0.6292783695073775,6,96.98704459849654,0,13,0,6.12,9.95,5.39
2026-08-01 13:30:00,3,4.2,0.8413794373525512,2,61.46923706682565,1,13,0,7.63,6.12,9.95
2026-08-01 13:45:00,4,4.2,0.8672851194220065,4,25.831876149732402,0,13,0,6.35,7.63,6.12
2026-08-01 14:00:00,4,4.2,0.8477961384038458,7,70.14663235320538,0,14,0,8.44,6.35,7.63
2026-08-01 14:15:00,1,4.2,0.785397617520229,6,40.255912561024815,0,14,0,7.56,8.44,6.35
2026-08-01 14:30:00,3,4.2,0.7519143120716919,2,84.2954761501842,0,14,0,4.76,7.56,8.44
2026-08-01 14:45:00,1,4.2,0.9453334598287301,1,85.42576588529525,1,14,0,6.5,4.76,7.56
2026-08-01 15:00:00,3,4.2,0.8076327140544872,7,98.31578846837294,2,15,0,14.71,6.5,4.76
2026-08-01 15:15:00,3,4.2,0.7916727510518924,1,60.149562481960295,0,15,0,2.7,14.71,6.5
2026-08-01 15:30:00,1,4.2,0.6102568263225743,5,56.39655037821897,0,15,0,8.35,2.7,14.71
2026-08-01 15:45:00,1,4.2,0.7364991310504625,7,80.27804843571845,0,15,0,8.02,8.35,2.7
2026-08-01 16:00:00,3,4.2,0.7520782475143428,3,30.597652507354127,0,16,0,5.11,8.02,8.35
2026-08-01 16:15:00,2,4.2,0.7595291123587602,7,63.75324110344994,0,16,0,6.47,5.11,8.02
2026-08-01 16:30:00,4,4.2,0.8320689476909329,6,63.699808010468075,0,16,0,6.69,6.47,5.11
2026-08-01 16:45:00,1,4.2,0.8134410186907514,7,27.157849824830976,2,16,0,11.76,6.69,6.47
2026-08-01 17:00:00,4,4.2,0.8431620371173778,4,53.43872684055309,0,17,0,5.06,11.76,6.69
2026-08-01 17:15:00,2,4.2,0.9059533046168513,4,88.26278388537615,2,17,0,9.15,5.06,11.76
2026-08-01 17:30:00,2,4.2,0.9251942954864374,3,88.49228975957283,1,17,0,6.51,9.15,5.06
2026-08-01 17:45:00,2,4.2,0.8872492304905977,7,27.939013193574482,1,17,0,9.52,6.51,9.15
2026-08-01 18:00:00,1,4.2,0.9822094783819739,1,27.25767061982647,0,18,1,7.9,9.52,6.51
2026-08-01 18:15:00,2,4.2,0.6072930330705446,1,41.01563816015482,0,18,1,7.87,7.9,9.52
2026-08-01 18:30:00,1,4.2,0.6783111942734185,2,89.98128500431947,0,18,1,8.42,7.87,7.9
2026-08-01 18:45:00,2,4.2,0.6030251499912568,5,30.312206805879917,0,18,1,12.67,8.42,7.87
2026-08-01 19:00:00,4,4.2,0.8589898856618412,6,77.5997442101957,0,19,1,11.06,12.67,8.42
2026-08-01 19:15:00,4,4.2,0.9592122195799948,5,28.093249569048258,2,19,1,16.78,11.06,12.67
2026-08-01 19:30:00,3,4.2,0.6973929186305197,7,69.85102829982603,1,19,1,16.01,16.78,11.06
2026-08-01 19:45:00,4,4.2,0.9708138179185226,5,48.48538392953159,1,19,1,13.76,16.01,16.78
2026-08-01 20:00:00,3,4.2,0.6241069561158243,2,83.11311703726936,1,20,0,9.02,13.76,16.01
2026-08-01 20:15:00,4,4.2,0.9737744107222057,5,38.69523590602909,0,20,0,5.33,9.02,13.76
2026-08-01 20:30:00,1,4.2,0.7406490748958537,3,71.13614635119679,0,20,0,4.71,5.33,9.02
2026-08-01 20:45:00,4,4.2,0.6405683313796866,2,38.8546027660708,0,20,0,5.91,4.71,5.33
2026-08-01 21:00:00,3,4.2,0.7943487036745303,3,77.0928226489723,0,21,0,5.55,5.91,4.71
2026-08-01 21:15:00,3,4.2,0.7027106270882032,7,89.8942427648599,1,21,0,10.57,5.55,5.91
2026-08-01 21:30:00,2,4.2,0.7139491607847691,2,30.144143930140803,0,21,0,6.1,10.57,5.55
2026-08-01 21:45:00,1,4.2,0.7229159859705147,7,89.32765508764028,0,21,0,7.95,6.1,10.57
2026-08-01 22:00:00,4,4.2,0.9212103591330654,7,67.48602035314383,0,22,0,7.31,7.95,6.1
2026-08-01 22:15:00,2,4.2,0.8156645106701018,5,30.168839269361918,0,22,0,6.37,7.31,7.95
2026-08-01 22:30:00,4,4.2,0.7245230796624015,3,54.20334842877696,0,22,0,4.43,6.37,7.31
2026-08-01 22:45:00,4,4.2,0.8441335133243674,7,32.86882347880783,1,22,0,10.2,4.43,6.37
2026-08-01 23:00:00,2,4.2,0.8864602696892774,3,76.02783110932556,0,23,0,6.03,10.2,4.43
2026-08-01 23:15:00,2,4.2,0.7090496002934135,3,80.70945075343597,0,23,0,5.87,6.03,10.2
2026-08-01 23:30:00,2,4.2,0.7654196406101406,2,28.463721621823915,0,23,0,4.51,5.87,6.03
2026-08-01 23:45:00,2,4.2,0.648754437334779,4,60.49118821557155,0,23,0,6.24,4.51,5.87
2026-08-02 00:00:00,2,4.2,0.6724597398138721,5,85.17000448207338,0,0,0,7.32,6.24,4.51
2026-08-02 00:15:00,4,4.2,0.8724471415859931,7,94.89304332407971,2,0,0,13.24,7.32,6.24
2026-08-02 00:30:00,2,4.2,0.6725753390782507,3,61.081429339341604,0,0,0,6.2,13.24,7.32
2026-08-02 00:45:00,1,4.2,0.8100653534668241,6,96.02233788891256,0,0,0,6.74,6.2,13.24
2026-08-02 01:00:00,3,4.2,0.8836185046889731,4,62.85511763648238,0,1,0,5.67,6.74,6.2
2026-08-02 01:15:00,2,4.2,0.6427507692378975,7,51.53523956799263,0,1,0,9.01,5.67,6.74
2026-08-02 01:30:00,2,4.2,0.8269248878515614,6,87.85625028423163,0,1,0,5.99,9.01,5.67
2026-08-02 01:45:00,4,4.2,0.7026251134805455,5,59.43861683664713,0,1,0,7.03,5.99,9.01
2026-08-02 02:00:00,2,4.2,0.985170750095032,5,57.752200845161845,0,2,0,3.43,7.03,5.99
2026-08-02 02:15:00,2,4.2,0.7934182586879699,3,59.22499915278627,1,2,0,8.03,3.43,7.03
2026-08-02 02:30:00,2,4.2,0.9223970199100633,3,87.74280014957964,0,2,0,5.13,8.03,3.43
2026-08-02 02:45:00,4,4.2,0.8200906168625047,7,86.55532333504416,0,2,0,8.48,5.13,8.03
2026-08-02 03:00:00,2,4.2,0.6173650131419276,2,52.281599395216894,0,3,0,4.75,8.48,5.13
2026-08-02 03:15:00,3,4.2,0.8532605502376089,4,46.663988789642005,0,3,0,5.79,4.75,8.48
2026-08-02 03:30:00,4,4.2,0.9805613368826628,7,59.354241923130346,1,3,0,10.93,5.79,4.75
2026-08-02 03:45:00,3,4.2,0.8406447280585325,4,65.82180077896872,2,3,0,11.95,10.93,5.79
2026-08-02 04:00:00,4,4.2,0.927675543770716,3,39.066976850239755,0,4,0,4.42,11.95,10.93
2026-08-02 04:15:00,2,4.2,0.9536825853393631,5,83.51640677724725,1,4,0,8.37,4.42,11.95
2026-08-02 04:30:00,3,4.2,0.691231908779573,3,58.91862125859383,1,4,0,9.12,8.37,4.42
2026-08-02 04:45:00,4,4.2,0.6848179359632907,5,46.72364387359677,2,4,0,10.44,9.12,8.37
2026-08-02 05:00:00,1,4.2,0.8443923955403967,7,28.545679437119247,0,5,0,7.3,10.44,9.12
2026-08-02 05:15:00,2,4.2,0.7644113879226819,5,39.10761283228855,0,5,0,7.92,7.3,10.44
2026-08-02 05:30:00,4,4.2,0.9359445211466881,3,95.9424937404787,0,5,0,5.38,7.92,7.3
2026-08-02 05:45:00,1,4.2,0.9600092493592045,1,44.40797494556213,1,5,0,5.77,5.38,7.92
2026-08-02 06:00:00,4,4.2,0.7413685517210873,4,33.50874314936283,0,6,0,4.48,5.77,5.38
2026-08-02 06:15:00,1,4.2,0.6947482235897928,6,56.85382333239946,0,6,0,7.54,4.48,5.77
2026-08-02 06:30:00,2,4.2,0.9122102060975448,5,44.56701946881989,0,6,0,5.33,7.54,4.48
2026-08-02 06:45:00,3,4.2,0.7099224142192544,5,22.812740021695532,0,6,0,7.16,5.33,7.54
2026-08-02 07:00:00,1,4.2,0.9290457274054713,1,45.85161738235338,0,7,0,2.23,7.16,5.33
2026-08-02 07:15:00,4,4.2,0.7694953014595052,7,63.528689915157486,1,7,0,9.43,2.23,7.16
2026-08-02 07:30:00,2,4.2,0.8670199597165882,7,64.13698976159736,0,7,0,5.45,9.43,2.23
2026-08-02 07:45:00,1,4.2,0.6382141255338672,7,48.524713694151096,1,7,0,12.27,5.45,9.43
2026-08-02 08:00:00,4,4.2,0.8495437298706292,6,55.78422050020805,0,8,1,11.5,12.27,5.45
2026-08-02 08:15:00,4,4.2,0.7807070714948916,2,97.24143345878132,0,8,1,9.56,11.5,12.27
2026-08-02 08:30:00,4,4.2,0.8346433852701897,1,50.18787817842493,0,8,1,8.46,9.56,11.5
2026-08-02 08:45:00,1,4.2,0.6672056830979454,6,40.65814506079864,0,8,1,11.65,8.46,9.56
2026-08-02 09:00:00,1,4.2,0.8947494979776729,1,39.477363525340806,0,9,1,6.93,11.65,8.46
2026-08-02 09:15:00,1,4.2,0.9451188310172914,5,56.62116901633073,0,9,1,9.76,6.93,11.65
2026-08-02 09:30:00,3,4.2,0.6866959200363103,4,80.76161189735552,0,9,1,10.51,9.76,6.93
2026-08-02 09:45:00,1,4.2,0.6382858222080646,1,36.47905473507785,1,9,1,12.21,10.51,9.76
2026-08-02 10:00:00,1,4.2,0.6094554344185346,2,76.74369017126145,0,10,0,4.38,12.21,10.51
2026-08-02 10:15:00,1,4.2,0.8567886001773064,3,21.691985867953303,0,10,0,6.51,4.38,12.21
2026-08-02 10:30:00,3,4.2,0.8428376144355123,6,53.51463823871568,0,10,0,7.95,6.51,4.38
2026-08-02 10:45:00,1,4.2,0.818678965085628,1,82.06920521622294,0,10,0,4.34,7.95,6.51
2026-08-02 11:00:00,4,4.2,0.6927788384463902,1,47.09863646195451,0,11,0,3.98,4.34,7.95
2026-08-02 11:15:00,1,4.2,0.7563623983622059,2,65.09896811563195,0,11,0,6.03,3.98,4.34
2026-08-02 11:30:00,4,4.2,0.8377905340744692,4,36.398338626072864,0,11,0,5.33,6.03,3.98
2026-08-02 11:45:00,4,4.2,0.7987067435436678,1,79.35963129009379,0,11,0,3.59,5.33,6.03
2026-08-02 12:00:00,4,4.2,0.995114208085955,1,24.18232826150077,0,12,0,2.91,3.59,5.33
2026-08-02 12:15:00,3,4.2,0.6545759010226933,4,88.20341159004003,1,12,0,9.58,2.91,3.59
2026-08-02 12:30:00,3,4.2,0.8780578216190376,2,35.85571091373345,0,12,0,4.61,9.58,2.91
2026-08-02 12:45:00,3,4.2,0.7617275072417169,6,89.95184253666646,0,12,0,6.82,4.61,9.58
2026-08-02 13:00:00,1,4.2,0.7712798459702459,6,48.20233930404139,1,13,0,9.22,6.82,4.61
2026-08-02 13:15:00,4,4.2,0.8870391062632705,1,77.81468595795893,0,13,0,3.87,9.22,6.82
2026-08-02 13:30:00,3,4.2,0.8769744605297478,4,45.53802382289508,0,13,0,6.09,3.87,9.22
2026-08-02 13:45:00,3,4.2,0.9965023974808753,1,92.47293369877181,0,13,0,2.34,6.09,3.87
2026-08-02 14:00:00,1,4.2,0.65135771578165,7,30.13097004146995,0,14,0,6.9,2.34,6.09
2026-08-02 14:15:00,3,4.2,0.6416438597536666,3,34.2815831418079,0,14,0,5.53,6.9,2.34
2026-08-02 14:30:00,1,4.2,0.8897355268514964,6,59.44241001270419,0,14,0,7.34,5.53,6.9
2026-08-02 14:45:00,2,4.2,0.8313547668025636,7,26.55507512305169,2,14,0,14.48,7.34,5.53
2026-08-02 15:00:00,3,4.2,0.7096642666239223,5,35.678414776140954,1,15,0,8.13,14.48,7.34
2026-08-02 15:15:00,2,4.2,0.6317677475955946,3,95.50131057696115,0,15,0,5.35,8.13,14.48
2026-08-02 15:30:00,1,4.2,0.6342632998385722,1,98.11917289183097,0,15,0,3.98,5.35,8.13
2026-08-02 15:45:00,4,4.2,0.9576763498656473,2,50.10074634643375,0,15,0,4.97,3.98,5.35
2026-08-02 16:00:00,3,4.2,0.6767469298874972,6,93.86288168111486,0,16,0,7.64,4.97,3.98
2026-08-02 16:15:00,1,4.2,0.7293486248462083,5,63.58597405387454,0,16,0,5.83,7.64,4.97
2026-08-02 16:30:00,4,4.2,0.6906625608907953,3,41.579397269901364,0,16,0,6.07,5.83,7.64
2026-08-02 16:45:00,4,4.2,0.741998522332775,6,76.19189768644789,0,16,0,6.98,6.07,5.83
2026-08-02 17:00:00,2,4.2,0.6277695370984373,4,72.71214452598858,0,17,0,5.27,6.98,6.07
2026-08-02 17:15:00,1,4.2,0.8076239163633081,2,99.13002552869867,2,17,0,8.39,5.27,6.98
2026-08-02 17:30:00,4,4.2,0.6270450254368859,3,41.20378299274266,0,17,0,7.53,8.39,5.27
2026-08-02 17:45:00,3,4.2,0.9201426031289446,4,73.76476021293882,2,17,0,10.56,7.53,8.39
2026-08-02 18:00:00,3,4.2,0.6934848327641732,7,24.16190040235575,2,18,1,18.41,10.56,7.53
2026-08-02 18:15:00,2,4.2,0.8160047658418043,1,29.09168309573755,0,18,1,8.3,18.41,10.56
2026-08-02 18:30:00,4,4.2,0.9520316350245833,4,20.313469996087463,1,18,1,12.83,8.3,18.41
2026-08-02 18:45:00,1,4.2,0.8603509476188776,3,99.95685448477386,0,18,1,10.03,12.83,8.3
2026-08-02 19:00:00,3,4.2,0.8131831146205342,3,84.18189577179822,0,19,1,10.25,10.03,12.83
2026-08-02 19:15:00,4,4.2,0.7297335012461502,7,82.93784117868327,0,19,1,13.25,10.25,10.03
2026-08-02 19:30:00,4,4.2,0.7332007652232791,1,60.77808602305438,0,19,1,9.79,13.25,10.25
2026-08-02 19:45:00,2,4.2,0.867794782079276,4,44.0053666324352,0,19,1,10.44,9.79,13.25
2026-08-02 20:00:00,3,4.2,0.9976557444884671,4,32.101142757014074,0,20,0,3.85,10.44,9.79
2026-08-02 20:15:00,3,4.2,0.8647356759397514,1,42.773979107717096,0,20,0,2.72,3.85,10.44
2026-08-02 20:30:00,1,4.2,0.82311336694801,4,50.077697754331126,0,20,0,3.64,2.72,3.85
2026-08-02 20:45:00,3,4.2,0.8922602040956984,6,80.50480775842352,0,20,0,8.73,3.64,2.72
2026-08-02 21:00:00,1,4.2,0.7860822449134872,1,63.17294311225219,0,21,0,4.55,8.73,3.64
2026-08-02 21:15:00,3,4.2,0.6240569370403141,2,26.198690124438613,0,21,0,4.28,4.55,8.73
2026-08-02 21:30:00,2,4.2,0.8249187263511639,3,21.442320716712977,0,21,0,4.63,4.28,4.55
2026-08-02 21:45:00,3,4.2,0.9830501138021521,2,28.186574362725054,0,21,0,2.86,4.63,4.28
2026-08-02 22:00:00,1,4.2,0.6701211769430638,6,52.83989709579035,0,22,0,9.25,2.86,4.63
2026-08-02 22:15:00,1,4.2,0.8760019563282663,7,94.65543336392146,1,22,0,8.56,9.25,2.86
2026-08-02 22:30:00,2,4.2,0.6803734754636226,6,70.99219849673773,0,22,0,7.77,8.56,9.25
2026-08-02 22:45:00,3,4.2,0.8143310737892325,5,84.14607199004121,0,22,0,6.25,7.77,8.56
2026-08-02 23:00:00,3,4.2,0.6386705798586878,5,57.30996756036389,0,23,0,7.97,6.25,7.77
2026-08-02 23:15:00,2,4.2,0.780148374503274,5,48.933286655603425,1,23,0,8.91,7.97,6.25
2026-08-02 23:30:00,3,4.2,0.9024653315580984,1,28.67202981732982,0,23,0,1.4,8.91,7.97
2026-08-02 23:45:00,3,4.2,0.7390286096955928,4,90.07464177489639,0,23,0,5.74,1.4,8.91
2026-08-03 00:00:00,1,4.2,0.8659646897948872,6,82.65280232223222,0,0,0,5.85,5.74,1.4
2026-08-03 00:15:00,3,4.2,0.9181799843158917,2,33.44944780781801,0,0,0,3.87,5.85,5.74
2026-08-03 00:30:00,3,4.2,0.9708711277917811,7,60.980845110100844,0,0,0,8.49,3.87,5.85
2026-08-03 00:45:00,2,4.2,0.6938568327421815,2,58.98998463369959,0,0,0,3.06,8.49,3.87
2026-08-03 01:00:00,2,4.2,0.7597263663237233,2,70.00732421492229,2,1,0,8.7,3.06,8.49
2026-08-03 01:15:00,4,4.2,0.660966405332167,2,95.6949515193009,0,1,0,4.39,8.7,3.06
2026-08-03 01:30:00,1,4.2,0.9969934008633501,7,66.38171534099837,0,1,0,6.55,4.39,8.7
2026-08-03 01:45:00,3,4.2,0.9708003871697182,5,63.217381342289485,1,1,0,8.89,6.55,4.39
2026-08-03 02:00:00,3,4.2,0.8159828521122239,2,24.025834634773116,0,2,0,4.07,8.89,6.55
2026-08-03 02:15:00,4,4.2,0.9368133177505685,7,25.032598081441915,1,2,0,10.12,4.07,8.89
2026-08-03 02:30:00,3,4.2,0.8083831909088168,7,34.98774330614311,0,2,0,7.16,10.12,4.07
2026-08-03 02:45:00,1,4.2,0.8494342752011039,4,22.597661735339862,1,2,0,8.23,7.16,10.12
2026-08-03 03:00:00,4,4.2,0.6356497728464067,7,79.468231645601,0,3,0,9.34,8.23,7.16
2026-08-03 03:15:00,1,4.2,0.9021081681987232,5,77.86642431951705,1,3,0,7.73,9.34,8.23
2026-08-03 03:30:00,4,4.2,0.6510853934540939,2,30.884498754531435,1,3,0,8.27,7.73,9.34
2026-08-03 03:45:00,4,4.2,0.9304270521010114,7,86.88631206362247,0,3,0,7.29,8.27,7.73
2026-08-03 04:00:00,2,4.2,0.9128112350681543,1,32.382882787688956,0,4,0,4.16,7.29,8.27
2026-08-03 04:15:00,1,4.2,0.8834978790971906,7,44.094046959788706,0,4,0,7.24,4.16,7.29
2026-08-03 04:30:00,3,4.2,0.6144641522099048,3,39.9181519329092,2,4,0,11.24,7.24,4.16
2026-08-03 04:45:00,3,4.2,0.7212513423781315,3,49.78456788584382,0,4,0,5.33,11.24,7.24
2026-08-03 05:00:00,1,4.2,0.7052450279643372,3,40.37310127119695,0,5,0,5.35,5.33,11.24
2026-08-03 05:15:00,3,4.2,0.7440545629886076,7,59.11607411507617,0,5,0,8.33,5.35,5.33
2026-08-03 05:30:00,3,4.2,0.6350570987055354,5,52.59263050837483,0,5,0,7.7,8.33,5.35
2026-08-03 05:45:00,1,4.2,0.9747831292124252,2,98.92555926234613,0,5,0,2.28,7.7,8.33
2026-08-03 06:00:00,4,4.2,0.8215208962849505,6,24.474108010258053,2,6,0,13.46,2.28,7.7
2026-08-03 06:15:00,1,4.2,0.7222097242632094,6,31.37451011098813,0,6,0,5.61,13.46,2.28
2026-08-03 06:30:00,4,4.2,0.7587926068297134,6,24.2260715126882,1,6,0,9.12,5.61,13.46
2026-08-03 06:45:00,3,4.2,0.7788810162019343,5,70.06729559859006,0,6,0,6.42,9.12,5.61
2026-08-03 07:00:00,3,4.2,0.8402377333442469,4,24.360742193097565,0,7,0,5.95,6.42,9.12
2026-08-03 07:15:00,3,4.2,0.8062717710785992,1,86.91517899008987,0,7,0,5.17,5.95,6.42
2026-08-03 07:30:00,2,4.2,0.9677567892857669,1,60.955090454554224,0,7,0,1.01,5.17,5.95
2026-08-03 07:45:00,4,4.2,0.7987853931623321,3,62.1606099665227,2,7,0,9.52,1.01,5.17
2026-08-03 08:00:00,2,4.2,0.9968632059293251,3,64.92756061697554,1,8,1,9.51,9.52,1.01
2026-08-03 08:15:00,2,4.2,0.9405699830980383,7,33.66509650449686,0,8,1,12.22,9.51,9.52
2026-08-03 08:30:00,1,4.2,0.6834042057429344,6,35.815224249159,0,8,1,12.92,12.22,9.51
2026-08-03 08:45:00,2,4.2,0.9722380858575665,7,45.50538582984038,0,8,1,13.64,12.92,12.22
2026-08-03 09:00:00,1,4.2,0.6465465591541905,6,67.47971326574812,2,9,1,17.93,13.64,12.92
2026-08-03 09:15:00,1,4.2,0.9269798833964766,3,36.809422075217164,1,9,1,12.99,17.93,13.64
2026-08-03 09:30:00,2,4.2,0.752249317390632,2,29.3065381706609,1,9,1,12.62,12.99,17.93
2026-08-03 09:45:00,4,4.2,0.9511897281780278,4,97.60935091347457,0,9,1,9.6,12.62,12.99
2026-08-03 10:00:00,4,4.2,0.9472226760429802,7,21.758545184769833,0,10,0,5.75,9.6,12.62
2026-08-03 10:15:00,4,4.2,0.9223701600470484,4,84.21579242688173,0,10,0,5.44,5.75,9.6
2026-08-03 10:30:00,4,4.2,0.9160121745228246,4,83.04281196600176,0,10,0,3.71,5.44,5.75
2026-08-03 10:45:00,4,4.2,0.7218716556392163,4,43.77712910760768,0,10,0,7.37,3.71,5.44
2026-08-03 11:00:00,2,4.2,0.6323677132205009,3,30.850129280585072,0,11,0,5.61,7.37,3.71
2026-08-03 11:15:00,2,4.2,0.7611920715060646,1,31.65029173643387,0,11,0,4.99,5.61,7.37
2026-08-03 11:30:00,3,4.2,0.6694098059946034,3,75.7945293789754,1,11,0,7.63,4.99,5.61
2026-08-03 11:45:00,4,4.2,0.8779804355609846,4,71.42452728689389,1,11,0,8.14,7.63,4.99
2026-08-03 12:00:00,2,4.2,0.7384398906151142,3,82.61965394011094,0,12,0,5.51,8.14,7.63
2026-08-03 12:15:00,3,4.2,0.9902440803439659,4,94.99849379192837,0,12,0,4.82,5.51,8.14
2026-08-03 12:30:00,4,4.2,0.8563888309381328,5,75.35418906132736,0,12,0,5.73,4.82,5.51
2026-08-03 12:45:00,1,4.2,0.9289922254537444,6,32.46812292411548,1,12,0,9.43,5.73,4.82
2026-08-03 13:00:00,3,4.2,0.6530098690967393,1,39.475409341232854,1,13,0,5.86,9.43,5.73
2026-08-03 13:15:00,2,4.2,0.944805792909049,5,87.37549846984916,1,13,0,7.06,5.86,9.43
2026-08-03 13:30:00,1,4.2,0.9691028762053577,2,36.744486066736684,1,13,0,7.3,7.06,5.86
2026-08-03 13:45:00,1,4.2,0.7948247675275744,3,25.801785356358515,0,13,0,5.77,7.3,7.06
2026-08-03 14:00:00,1,4.2,0.842501175100391,2,76.26240432338004,0,14,0,4.19,5.77,7.3
2026-08-03 14:15:00,3,4.2,0.9059239203611982,7,52.202108439211365,0,14,0,9.01,4.19,5.77
2026-08-03 14:30:00,2,4.2,0.669935450904165,3,93.60320420367229,0,14,0,5.34,9.01,4.19
2026-08-03 14:45:00,1,4.2,0.8010264305853769,6,72.02040568749293,1,14,0,10.94,5.34,9.01
2026-08-03 15:00:00,4,4.2,0.7594652111089253,5,27.233518223332858,0,15,0,6.78,10.94,5.34
2026-08-03 15:15:00,1,4.2,0.6585495968648997,6,95.82852538029286,0,15,0,6.73,6.78,10.94
2026-08-03 15:30:00,1,4.2,0.7470137689166125,7,40.68458109121967,0,15,0,9.91,6.73,6.78
2026-08-03 15:45:00,3,4.2,0.6272689237541974,4,46.97699923250286,2,15,0,12.49,9.91,6.73
2026-08-03 16:00:00,3,4.2,0.6103247627797947,6,52.180833094683365,0,16,0,7.85,12.49,9.91
2026-08-03 16:15:00,2,4.2,0.6540665156619291,6,24.09794371234506,0,16,0,8.5,7.85,12.49
2026-08-03 16:30:00,4,4.2,0.9852460446356696,4,59.721233778448386,0,16,0,4.48,8.5,7.85
2026-08-03 16:45:00,3,4.2,0.8198118143580068,3,29.86547928602338,0,16,0,5.76,4.48,8.5
2026-08-03 17:00:00,1,4.2,0.986328864461288,4,52.077626135068144,0,17,0,2.49,5.76,4.48
2026-08-03 17:15:00,2,4.2,0.7729991513320528,5,48.05678303936674,1,17,0,8.02,2.49,5.76
2026-08-03 17:30:00,1,4.2,0.7247264532341038,6,81.82720667412028,0,17,0,8.44,8.02,2.49
2026-08-03 17:45:00,1,4.2,0.8024567451360977,4,84.25364093061849,1,17,0,7.96,8.44,8.02
2026-08-03 18:00:00,3,4.2,0.775804675453164,7,32.27303059112704,0,18,1,13.14,7.96,8.44
2026-08-03 18:15:00,2,4.2,0.6422658737046976,7,49.3240949903381,0,18,1,12.18,13.14,7.96
2026-08-03 18:30:00,4,4.2,0.8563305258760825,6,49.868252882546535,2,18,1,18.71,12.18,13.14
2026-08-03 18:45:00,4,4.2,0.6864152730038399,5,32.112835514886804,0,18,1,13.12,18.71,12.18
2026-08-03 19:00:00,3,4.2,0.8478351819591319,2,83.87628040409524,0,19,1,8.9,13.12,18.71
2026-08-03 19:15:00,3,4.2,0.8600804369592614,5,76.57826626683386,1,19,1,13.24,8.9,13.12
2026-08-03 19:30:00,2,4.2,0.6608099412514592,1,35.23054290376278,0,19,1,10.28,13.24,8.9
2026-08-03 19:45:00,4,4.2,0.6245398508442672,1,49.33775268750392,1,19,1,13.89,10.28,13.24
2026-08-03 20:00:00,4,4.2,0.912304634427376,1,28.46440198852114,0,20,0,4.07,13.89,10.28
2026-08-03 20:15:00,4,4.2,0.783920169507728,6,70.25652776744352,0,20,0,9.36,4.07,13.89
2026-08-03 20:30:00,1,4.2,0.6232655182021903,7,29.709753963889575,0,20,0,7.69,9.36,4.07
2026-08-03 20:45:00,4,4.2,0.9979465268679069,3,98.87473348999342,1,20,0,5.81,7.69,9.36
2026-08-03 21:00:00,1,4.2,0.6231122243985466,7,82.45456597502898,0,21,0,7.43,5.81,7.69
2026-08-03 21:15:00,2,4.2,0.8780140915434212,3,51.21908396671961,1,21,0,7.61,7.43,5.81
2026-08-03 21:30:00,1,4.2,0.9934715701053655,3,66.28511458234836,2,21,0,9.32,7.61,7.43
2026-08-03 21:45:00,2,4.2,0.6956720416863702,7,92.9073452973127,0,21,0,8.14,9.32,7.61
2026-08-03 22:00:00,4,4.2,0.6568997474748784,6,64.32794243166609,0,22,0,8.57,8.14,9.32
2026-08-03 22:15:00,4,4.2,0.6485539757689716,5,33.95987891183641,0,22,0,8.33,8.57,8.14
2026-08-03 22:30:00,2,4.2,0.7213100590270383,3,50.296268446492746,0,22,0,3.85,8.33,8.57
2026-08-03 22:45:00,3,4.2,0.6404183244042586,2,87.45158920237964,0,22,0,4.44,3.85,8.33
2026-08-03 23:00:00,2,4.2,0.8768645366776527,7,71.53704127916943,0,23,0,8.29,4.44,3.85
2026-08-03 23:15:00,3,4.2,0.6249167192520251,7,72.05795074670402,2,23,0,13.14,8.29,4.44
2026-08-03 23:30:00,1,4.2,0.8037688512599159,1,89.34571885507913,2,23,0,7.8,13.14,8.29
2026-08-03 23:45:00,1,4.2,0.9986787415411907,5,91.51784459700038,1,23,0,9.04,7.8,13.14
2026-08-04 00:00:00,1,4.2,0.9255881078024075,1,93.5834057423549,1,0,0,4.27,9.04,7.8
2026-08-04 00:15:00,4,4.2,0.8460877752924043,7,27.58793546025249,0,0,0,7.31,4.27,9.04
2026-08-04 00:30:00,1,4.2,0.7225014483146447,7,63.530080157048076,0,0,0,8.5,7.31,4.27
2026-08-04 00:45:00,3,4.2,0.8495583345166554,3,79.24076169746549,1,0,0,6.72,8.5,7.31
2026-08-04 01:00:00,1,4.2,0.8108165855646606,5,80.5541476101611,0,1,0,7.15,6.72,8.5
2026-08-04 01:15:00,2,4.2,0.7704333535561486,4,68.53729615760031,2,1,0,10.28,7.15,6.72
2026-08-04 01:30:00,2,4.2,0.6522841506960798,2,33.34298681469393,0,1,0,6.39,10.28,7.15
2026-08-04 01:45:00,4,4.2,0.9546416860961867,3,83.79364431533315,0,1,0,4.2,6.39,10.28
2026-08-04 02:00:00,2,4.2,0.779913859528529,7,77.60890668119566,1,2,0,11.08,4.2,6.39
2026-08-04 02:15:00,3,4.2,0.677849004728306,3,26.890861723922903,2,2,0,11.32,11.08,4.2
2026-08-04 02:30:00,1,4.2,0.7471037403509159,2,57.1047859739501,0,2,0,3.93,11.32,11.08
2026-08-04 02:45:00,4,4.2,0.7656519010115708,7,33.918191961744284,1,2,0,8.42,3.93,11.32
2026-08-04 03:00:00,1,4.2,0.9310151582267497,2,46.99816365703775,0,3,0,4.09,8.42,3.93
2026-08-04 03:15:00,1,4.2,0.8934457522245608,4,21.446487376454833,0,3,0,5.37,4.09,8.42
2026-08-04 03:30:00,3,4.2,0.9077219574565359,3,52.02638947286066,1,3,0,7.59,5.37,4.09
2026-08-04 03:45:00,2,4.2,0.6044125057714589,6,63.99015369249683,0,3,0,7.77,7.59,5.37
2026-08-04 04:00:00,2,4.2,0.7664615992719046,3,69.56660742616694,0,4,0,4.74,7.77,7.59
2026-08-04 04:15:00,1,4.2,0.7925376606541294,1,73.07922761029681,0,4,0,5.66,4.74,7.77
2026-08-04 04:30:00,4,4.2,0.6076769107292227,5,86.9033050481968,0,4,0,5.81,5.66,4.74
2026-08-04 04:45:00,2,4.2,0.7039252834980136,5,37.237032582058404,0,4,0,7.59,5.81,5.66
2026-08-04 05:00:00,4,4.2,0.904115929248854,1,29.638545795077434,0,5,0,2.58,7.59,5.81
2026-08-04 05:15:00,2,4.2,0.6548438822915996,7,88.12297375183405,0,5,0,8.14,2.58,7.59
2026-08-04 05:30:00,4,4.2,0.8141240525810367,5,32.52902519141199,2,5,0,11.04,8.14,2.58
2026-08-04 05:45:00,3,4.2,0.686080748806895,2,97.98080650689562,0,5,0,4.03,11.04,8.14
2026-08-04 06:00:00,4,4.2,0.6048483098575573,5,87.40305835189096,1,6,0,10.37,4.03,11.04
2026-08-04 06:15:00,3,4.2,0.6964805830398166,5,60.07012847116793,0,6,0,8.28,10.37,4.03
2026-08-04 06:30:00,3,4.2,0.9903495019640215,1,98.51371399376202,0,6,0,3.23,8.28,10.37
2026-08-04 06:45:00,4,4.2,0.9206148447531959,7,27.79013832864034,0,6,0,7.38,3.23,8.28
2026-08-04 07:00:00,3,4.2,0.9838306577284134,4,44.24526089400813,0,7,0,3.91,7.38,3.23
2026-08-04 07:15:00,1,4.2,0.795141617570545,5,71.05795320324891,0,7,0,6.96,3.91,7.38
2026-08-04 07:30:00,3,4.2,0.6438944794710014,6,48.0005494778543,0,7,0,9.98,6.96,3.91
2026-08-04 07:45:00,2,4.2,0.8191837955894772,5,94.26980415846334,0,7,0,5.95,9.98,6.96
2026-08-04 08:00:00,4,4.2,0.7817509338239843,4,25.250087054225403,0,8,1,10.43,5.95,9.98
2026-08-04 08:15:00,1,4.2,0.9377428330958464,1,63.952946564877166,0,8,1,7.44,10.43,5.95
2026-08-04 08:30:00,4,4.2,0.6392330323136978,4,67.26930139160916,0,8,1,10.95,7.44,10.43
2026-08-04 08:45:00,2,4.2,0.7952964548087113,1,72.21824990217793,0,8,1,5.9,10.95,7.44
2026-08-04 09:00:00,2,4.2,0.6600194658775936,2,40.45329786654516,2,9,1,15.35,5.9,10.95
2026-08-04 09:15:00,2,4.2,0.729870370756024,1,49.165314201589155,0,9,1,8.09,15.35,5.9
2026-08-04 09:30:00,3,4.2,0.8949428309551198,2,87.49444237319821,0,9,1,7.28,8.09,15.35
2026-08-04 09:45:00,3,4.2,0.7904072517475066,2,35.595421517612785,0,9,1,10.12,7.28,8.09
2026-08-04 10:00:00,4,4.2,0.7503553140583077,1,86.14942777386896,2,10,0,7.76,10.12,7.28
2026-08-04 10:15:00,4,4.2,0.7577905114280141,6,65.01243383221939,0,10,0,6.97,7.76,10.12
2026-08-04 10:30:00,1,4.2,0.7837787073623946,3,80.97500089552656,1,10,0,9.06,6.97,7.76
2026-08-04 10:45:00,1,4.2,0.9140066175348227,1,77.08858930107772,0,10,0,1.7,9.06,6.97
2026-08-04 11:00:00,4,4.2,0.9568338755760938,5,36.60091963079032,2,11,0,9.18,1.7,9.06
2026-08-04 11:15:00,3,4.2,0.9821338746015713,6,65.50501891470984,1,11,0,9.07,9.18,1.7
2026-08-04 11:30:00,2,4.2,0.914761354502118,6,89.4178522244074,1,11,0,10.25,9.07,9.18
2026-08-04 11:45:00,4,4.2,0.7261627582992051,5,54.56929894415435,0,11,0,5.18,10.25,9.07
2026-08-04 12:00:00,1,4.2,0.8752538824346168,3,97.32726161786533,0,12,0,5.09,5.18,10.25
2026-08-04 12:15:00,3,4.2,0.7750412496221568,6,56.17720800813744,0,12,0,7.81,5.09,5.18
2026-08-04 12:30:00,4,4.2,0.7018682488184205,2,31.422850933430773,0,12,0,2.7,7.81,5.09
2026-08-04 12:45:00,4,4.2,0.9363486317703691,3,51.15477440621386,1,12,0,7.7,2.7,7.81
2026-08-04 13:00:00,3,4.2,0.6153705395849299,7,96.13619251124297,0,13,0,9.53,7.7,2.7
2026-08-04 13:15:00,4,4.2,0.9607047968541694,5,45.57766794718834,0,13,0,5.39,9.53,7.7
2026-08-04 13:30:00,3,4.2,0.7845909858498936,3,89.44785278936503,0,13,0,6.34,5.39,9.53
2026-08-04 13:45:00,2,4.2,0.8548805907233121,1,90.50005453455118,0,13,0,4.51,6.34,5.39
2026-08-04 14:00:00,3,4.2,0.8637415688823131,3,48.01492194655688,0,14,0,4.84,4.51,6.34
2026-08-04 14:15:00,3,4.2,0.9580470962826145,2,26.66061264405057,1,14,0,5.66,4.84,4.51
2026-08-04 14:30:00,3,4.2,0.8546678728668828,1,77.96463273270547,0,14,0,2.4,5.66,4.84
2026-08-04 14:45:00,4,4.2,0.8455734339040247,4,44.92098392111888,0,14,0,5.48,2.4,5.66
2026-08-04 15:00:00,4,4.2,0.6266608162242759,5,82.63388914060579,0,15,0,7.77,5.48,2.4
2026-08-04 15:15:00,3,4.2,0.8073632087780817,5,55.41238786083465,0,15,0,6.06,7.77,5.48
2026-08-04 15:30:00,4,4.2,0.6600676003268167,3,58.82133938740972,0,15,0,3.45,6.06,7.77
2026-08-04 15:45:00,1,4.2,0.8949735074885943,6,82.23275253988294,0,15,0,7.96,3.45,6.06
2026-08-04 16:00:00,1,4.2,0.8048887683250698,1,50.58906648493023,1,16,0,6.29,7.96,3.45
2026-08-04 16:15:00,4,4.2,0.8720911116833413,4,55.450187625833166,1,16,0,7.52,6.29,7.96
2026-08-04 16:30:00,4,4.2,0.6166691602409536,1,50.09523750156977,1,16,0,7.8,7.52,6.29
2026-08-04 16:45:00,3,4.2,0.6339168064183213,5,49.387241222182396,0,16,0,8.69,7.8,7.52
2026-08-04 17:00:00,2,4.2,0.8865293552250728,1,62.07572615211675,2,17,0,5.43,8.69,7.8
2026-08-04 17:15:00,4,4.2,0.6288337343994693,4,84.70395556009206,1,17,0,9.42,5.43,8.69
2026-08-04 17:30:00,1,4.2,0.6285026911061035,6,48.941464953805266,2,17,0,11.47,9.42,5.43
2026-08-04 17:45:00,3,4.2,0.6048433900939549,3,61.940377643018934,0,17,0,6.4,11.47,9.42
2026-08-04 18:00:00,4,4.2,0.9826005593197921,2,73.65818603540806,2,18,1,13.63,6.4,11.47
2026-08-04 18:15:00,1,4.2,0.8950033437836027,1,41.5551557042924,1,18,1,11.33,13.63,6.4
2026-08-04 18:30:00,1,4.2,0.7413005634008256,2,42.201824392191405,1,18,1,11.58,11.33,13.63
2026-08-04 18:45:00,2,4.2,0.7186142325150621,5,94.67305016187639,0,18,1,9.91,11.58,11.33
2026-08-04 19:00:00,3,4.2,0.7398812918983398,3,77.88276586648709,1,19,1,12.34,9.91,11.58
2026-08-04 19:15:00,3,4.2,0.9098614124724728,7,66.1749340978647,2,19,1,17.73,12.34,9.91
2026-08-04 19:30:00,2,4.2,0.8645482444281658,3,71.81760435364896,0,19,1,10.74,17.73,12.34
2026-08-04 19:45:00,2,4.2,0.6740782271469872,1,22.34395544827347,0,19,1,8.01,10.74,17.73
2026-08-04 20:00:00,3,4.2,0.6696437341336338,6,69.44823724493574,2,20,0,13.73,8.01,10.74
2026-08-04 20:15:00,3,4.2,0.6393582598853589,3,60.76070985793615,0,20,0,5.1,13.73,8.01
2026-08-04 20:30:00,4,4.2,0.8641210878805352,1,63.659974382354854,0,20,0,3.69,5.1,13.73
2026-08-04 20:45:00,4,4.2,0.9057490648886943,1,48.75390614646537,0,20,0,2.63,3.69,5.1
2026-08-04 21:00:00,2,4.2,0.7060185713300016,2,26.51791181703535,2,21,0,9.93,2.63,3.69
2026-08-04 21:15:00,4,4.2,0.6083779844123651,3,35.46713868896418,0,21,0,6.77,9.93,2.63
2026-08-04 21:30:00,1,4.2,0.6328686669905709,1,96.05957705701374,0,21,0,3.15,6.77,9.93
2026-08-04 21:45:00,4,4.2,0.9871440139380122,2,52.69596498167472,0,21,0,2.8,3.15,6.77
2026-08-04 22:00:00,4,4.2,0.7181779109909681,4,57.33465246646914,1,22,0,8.77,2.8,3.15
2026-08-04 22:15:00,1,4.2,0.9076892591352534,7,24.21678318827512,0,22,0,9.74,8.77,2.8
2026-08-04 22:30:00,2,4.2,0.8498654275417055,2,23.00529836351845,2,22,0,8.23,9.74,8.77
2026-08-04 22:45:00,1,4.2,0.7527758558611584,2,77.37451576374062,2,22,0,11.57,8.23,9.74
2026-08-04 23:00:00,4,4.2,0.6822749048782221,1,63.0475731296889,0,23,0,6.15,11.57,8.23
2026-08-04 23:15:00,2,4.2,0.6485545672637626,5,60.696478737301334,0,23,0,7.0,6.15,11.57
2026-08-04 23:30:00,4,4.2,0.8460051872155466,5,39.449962433813496,0,23,0,5.91,7.0,6.15
2026-08-04 23:45:00,1,4.2,0.9098535122551152,6,79.58005853039379,0,23,0,5.93,5.91,7.0
2026-08-05 00:00:00,1,4.2,0.8575617014164523,5,33.458926328679354,0,0,0,6.09,5.93,5.91
2026-08-05 00:15:00,4,4.2,0.8121208532996633,2,35.1947794928816,2,0,0,7.86,6.09,5.93
2026-08-05 00:30:00,3,4.2,0.6167804893726545,6,56.85697370786204,1,0,0,10.37,7.86,6.09
2026-08-05 00:45:00,3,4.2,0.9873955110377535,1,42.90238896895527,0,0,0,4.27,10.37,7.86
2026-08-05 01:00:00,1,4.2,0.9194856766618298,3,39.79703849865171,0,1,0,3.87,4.27,10.37
2026-08-05 01:15:00,1,4.2,0.7171288146803859,7,71.61901156426653,0,1,0,7.95,3.87,4.27
2026-08-05 01:30:00,3,4.2,0.9919881317435403,7,72.07773961748356,0,1,0,5.25,7.95,3.87
2026-08-05 01:45:00,3,4.2,0.8407526358545289,2,85.96136558399434,0,1,0,4.51,5.25,7.95
2026-08-05 02:00:00,4,4.2,0.8329690632828985,2,53.41668535783807,1,2,0,6.94,4.51,5.25
2026-08-05 02:15:00,4,4.2,0.8992292717718129,6,25.84680728209202,2,2,0,11.74,6.94,4.51
2026-08-05 02:30:00,3,4.2,0.924707915236055,1,41.893310793716616,0,2,0,2.84,11.74,6.94
2026-08-05 02:45:00,4,4.2,0.862591442932601,4,98.40043705574536,1,2,0,7.65,2.84,11.74
2026-08-05 03:00:00,4,4.2,0.65123829854648,2,67.70068601861617,0,3,0,5.49,7.65,2.84
2026-08-05 03:15:00,2,4.2,0.7353070023977993,4,76.77896678408162,1,3,0,8.48,5.49,7.65
2026-08-05 03:30:00,4,4.2,0.9712334561304199,4,20.58862637003316,0,3,0,5.26,8.48,5.49
2026-08-05 03:45:00,1,4.2,0.6898462447375407,5,61.45645857460167,0,3,0,7.13,5.26,8.48
2026-08-05 04:00:00,4,4.2,0.7488668095350053,1,23.00229260254425,2,4,0,9.97,7.13,5.26
2026-08-05 04:15:00,4,4.2,0.7728307531776784,7,65.53841696731584,0,4,0,8.62,9.97,7.13
2026-08-05 04:30:00,3,4.2,0.7757619958777808,7,93.66166797088603,1,4,0,10.62,8.62,9.97
2026-08-05 04:45:00,1,4.2,0.8451758329978102,4,97.47353044003263,0,4,0,7.04,10.62,8.62
2026-08-05 05:00:00,4,4.2,0.977230335097883,7,63.244214031113934,0,5,0,7.44,7.04,10.62
2026-08-05 05:15:00,4,4.2,0.696277084733002,1,56.656384420177275,0,5,0,5.39,7.44,7.04
2026-08-05 05:30:00,2,4.2,0.6486005505203672,5,95.60136753987952,0,5,0,7.71,5.39,7.44
2026-08-05 05:45:00,4,4.2,0.678988195943975,1,73.8887865597356,0,5,0,2.32,7.71,5.39
2026-08-05 06:00:00,4,4.2,0.9547699600837078,2,25.191942363072755,0,6,0,4.93,2.32,7.71
2026-08-05 06:15:00,2,4.2,0.8583243250620824,4,57.25804621339981,0,6,0,5.59,4.93,2.32
2026-08-05 06:30:00,3,4.2,0.714362715695664,1,39.21960147714431,0,6,0,3.95,5.59,4.93
2026-08-05 06:45:00,4,4.2,0.9263787755874469,7,57.58434571589453,1,6,0,10.03,3.95,5.59
2026-08-05 07:00:00,2,4.2,0.9445479985453744,3,56.43724576050894,0,7,0,4.02,10.03,3.95
2026-08-05 07:15:00,1,4.2,0.9386057354761113,1,66.57158422517936,2,7,0,8.22,4.02,10.03
2026-08-05 07:30:00,3,4.2,0.9675706134558217,4,48.541639227940095,0,7,0,4.37,8.22,4.02
2026-08-05 07:45:00,1,4.2,0.7008964080693446,5,33.141635956474246,0,7,0,8.14,4.37,8.22
2026-08-05 08:00:00,1,4.2,0.9020167714985113,7,60.2975547671965,0,8,1,12.25,8.14,4.37
2026-08-05 08:15:00,2,4.2,0.784215798909656,5,86.41623074766096,0,8,1,11.11,12.25,8.14
2026-08-05 08:30:00,4,4.2,0.9367994211560247,4,73.12097824540818,0,8,1,9.18,11.11,12.25
2026-08-05 08:45:00,2,4.2,0.8913962708646452,7,47.06942927401727,0,8,1,12.68,9.18,11.11
2026-08-05 09:00:00,2,4.2,0.9105789785998899,2,94.84184182070858,0,9,1,9.01,12.68,9.18
2026-08-05 09:15:00,2,4.2,0.8624647350724286,7,92.97660569993457,0,9,1,12.93,9.01,12.68
2026-08-05 09:30:00,2,4.2,0.6709715077878827,2,36.7478719507279,1,9,1,11.37,12.93,9.01
2026-08-05 09:45:00,3,4.2,0.8180107675587753,5,23.15340680962904,0,9,1,9.74,11.37,12.93
2026-08-05 10:00:00,4,4.2,0.9938678958098033,5,79.30469666806098,0,10,0,6.17,9.74,11.37
2026-08-05 10:15:00,1,4.2,0.9749552265988476,4,86.20882090793226,0,10,0,6.42,6.17,9.74
2026-08-05 10:30:00,1,4.2,0.6172694943188046,2,97.42916527610842,1,10,0,6.62,6.42,6.17
2026-08-05 10:45:00,4,4.2,0.6659259262917748,5,91.18691152706486,0,10,0,8.61,6.62,6.42
2026-08-05 11:00:00,1,4.2,0.6526915093818247,2,68.04278145651318,0,11,0,5.27,8.61,6.62
2026-08-05 11:15:00,4,4.2,0.8903919639941182,5,62.404187136990465,0,11,0,6.01,5.27,8.61
2026-08-05 11:30:00,1,4.2,0.927114131942778,7,22.2272841010069,0,11,0,6.85,6.01,5.27
2026-08-05 11:45:00,2,4.2,0.6854045465242687,1,39.73251574758223,0,11,0,2.75,6.85,6.01
2026-08-05 12:00:00,1,4.2,0.8023410771807316,3,56.76918013863411,1,12,0,8.5,2.75,6.85
2026-08-05 12:15:00,4,4.2,0.93628121120448,7,70.28031200668542,0,12,0,6.43,8.5,2.75
2026-08-05 12:30:00,4,4.2,0.8931206179065002,6,64.58014666547285,0,12,0,5.92,6.43,8.5
2026-08-05 12:45:00,4,4.2,0.8168948821967393,1,79.41087917453524,0,12,0,4.54,5.92,6.43
2026-08-05 13:00:00,4,4.2,0.8361390761835091,6,42.38135447096327,0,13,0,5.07,4.54,5.92
2026-08-05 13:15:00,4,4.2,0.803344218766512,5,65.19620861219786,0,13,0,4.88,5.07,4.54
2026-08-05 13:30:00,3,4.2,0.7190193805275282,3,27.05137947126337,0,13,0,5.37,4.88,5.07
2026-08-05 13:45:00,3,4.2,0.8260087971436064,3,53.09324188665656,0,13,0,5.2,5.37,4.88
2026-08-05 14:00:00,1,4.2,0.8755541208200363,5,80.01286663636807,0,14,0,6.56,5.2,5.37
2026-08-05 14:15:00,4,4.2,0.9493291663443231,5,75.47206827432352,0,14,0,5.45,6.56,5.2
2026-08-05 14:30:00,1,4.2,0.8545165415916992,2,99.25141897377432,1,14,0,9.11,5.45,6.56
2026-08-05 14:45:00,4,4.2,0.9044486148172632,5,42.23129007902048,0,14,0,5.72,9.11,5.45
2026-08-05 15:00:00,4,4.2,0.6640286539818292,4,59.85514393391833,0,15,0,6.1,5.72,9.11
2026-08-05 15:15:00,3,4.2,0.784622989767916,5,46.362433101919734,0,15,0,5.69,6.1,5.72
2026-08-05 15:30:00,3,4.2,0.6037326479308373,4,55.24824912473398,0,15,0,6.73,5.69,6.1
2026-08-05 15:45:00,2,4.2,0.6986715458086492,5,88.55601038955105,0,15,0,7.49,6.73,5.69
2026-08-05 16:00:00,3,4.2,0.8905846860452019,2,74.73672601507893,0,16,0,5.12,7.49,6.73
2026-08-05 16:15:00,2,4.2,0.9967239805397454,4,90.59529530780654,2,16,0,8.35,5.12,7.49
2026-08-05 16:30:00,2,4.2,0.6396712398348864,1,36.280888666550915,1,16,0,6.6,8.35,5.12
2026-08-05 16:45:00,2,4.2,0.7605977263445153,4,89.86888942731504,0,16,0,6.34,6.6,8.35
2026-08-05 17:00:00,2,4.2,0.9200283874796638,7,24.780981934270756,1,17,0,10.37,6.34,6.6
2026-08-05 17:15:00,2,4.2,0.6816142538515595,2,91.08794243497219,1,17,0,7.36,10.37,6.34
2026-08-05 17:30:00,1,4.2,0.8220339797209145,6,46.325902356858236,0,17,0,7.56,7.36,10.37
2026-08-05 17:45:00,3,4.2,0.8932285184118699,4,45.16701067312532,1,17,0,6.99,7.56,7.36
2026-08-05 18:00:00,2,4.2,0.8463941801040716,7,60.96708613589311,0,18,1,14.17,6.99,7.56
2026-08-05 18:15:00,4,4.2,0.6752098938461665,7,95.25521501785855,0,18,1,14.37,14.17,6.99
2026-08-05 18:30:00,3,4.2,0.7421538274742958,7,23.82250917451243,0,18,1,11.74,14.37,14.17
2026-08-05 18:45:00,3,4.2,0.9135167137941589,5,48.17847800565963,0,18,1,9.83,11.74,14.37
2026-08-05 19:00:00,2,4.2,0.8216906056528066,7,88.52575909466685,0,19,1,11.68,9.83,11.74
2026-08-05 19:15:00,1,4.2,0.6020918454171651,5,51.68435819483734,0,19,1,12.99,11.68,9.83
2026-08-05 19:30:00,2,4.2,0.9043963040112375,6,35.932551807765364,2,19,1,15.37,12.99,11.68
2026-08-05 19:45:00,1,4.2,0.6141245419760956,2,53.98353450651294,2,19,1,14.83,15.37,12.99
2026-08-05 20:00:00,4,4.2,0.8982935130924928,3,50.84420011933354,1,20,0,7.53,14.83,15.37
2026-08-05 20:15:00,3,4.2,0.6809922240660949,5,93.23329611733628,1,20,0,9.39,7.53,14.83
2026-08-05 20:30:00,4,4.2,0.9832293920477521,7,80.95475005944778,2,20,0,12.25,9.39,7.53
2026-08-05 20:45:00,1,4.2,0.7471763005208338,7,60.40924445952051,0,20,0,6.99,12.25,9.39
2026-08-05 21:00:00,1,4.2,0.7307726465352317,1,99.06964533772569,0,21,0,4.53,6.99,12.25
2026-08-05 21:15:00,4,4.2,0.6595552201329778,7,57.22220250207386,0,21,0,7.84,4.53,6.99
2026-08-05 21:30:00,1,4.2,0.722241686196086,2,24.65902646562202,1,21,0,6.85,7.84,4.53
2026-08-05 21:45:00,4,4.2,0.9506603047312803,4,40.98194574519879,0,21,0,5.28,6.85,7.84
2026-08-05 22:00:00,3,4.2,0.9985337350508989,4,54.88563841754501,1,22,0,7.43,5.28,6.85
2026-08-05 22:15:00,4,4.2,0.7473238122027394,7,32.55220993168961,0,22,0,8.08,7.43,5.28
2026-08-05 22:30:00,3,4.2,0.779444252381817,1,95.80521010592344,0,22,0,2.96,8.08,7.43
2026-08-05 22:45:00,4,4.2,0.8888283752810948,5,81.34791182542185,1,22,0,8.22,2.96,8.08
2026-08-05 23:00:00,1,4.2,0.9544783121860299,2,41.46297603422181,0,23,0,3.63,8.22,2.96
2026-08-05 23:15:00,4,4.2,0.8372177336747136,1,67.26436268143327,0,23,0,2.08,3.63,8.22
2026-08-05 23:30:00,1,4.2,0.7566102792711318,5,77.71593256876577,0,23,0,6.15,2.08,3.63
2026-08-05 23:45:00,4,4.2,0.7650487363394495,2,95.30231431254384,0,23,0,4.86,6.15,2.08
2026-08-06 00:00:00,4,4.2,0.8782472585987227,7,90.53082793403286,1,0,0,8.69,4.86,6.15
2026-08-06 00:15:00,2,4.2,0.6012873054417115,4,61.2153780910571,0,0,0,7.77,8.69,4.86
2026-08-06 00:30:00,1,4.2,0.8478357349839363,2,81.97220958344141,0,0,0,5.37,7.77,8.69
2026-08-06 00:45:00,2,4.2,0.742197204176543,7,64.9715803062068,0,0,0,6.83,5.37,7.77
2026-08-06 01:00:00,1,4.2,0.9176789325108337,6,64.21631120364322,1,1,0,10.45,6.83,5.37
2026-08-06 01:15:00,2,4.2,0.6371962559292529,3,29.17935666705535,0,1,0,5.61,10.45,6.83
2026-08-06 01:30:00,3,4.2,0.8352809067793562,2,30.091012641292167,0,1,0,4.58,5.61,10.45
2026-08-06 01:45:00,4,4.2,0.7923891559544495,3,62.3626892017966,1,1,0,7.06,4.58,5.61
2026-08-06 02:00:00,1,4.2,0.8569302103620909,2,41.50892359832053,0,2,0,4.99,7.06,4.58
2026-08-06 02:15:00,1,4.2,0.6259414377931873,3,21.68295219683749,1,2,0,8.71,4.99,7.06
2026-08-06 02:30:00,4,4.2,0.8319935149712525,6,77.82713631201699,0,2,0,6.16,8.71,4.99
2026-08-06 02:45:00,1,4.2,0.8245938351838095,4,22.598927735213195,0,2,0,4.44,6.16,8.71
2026-08-06 03:00:00,1,4.2,0.8242640377664684,5,67.62214728832436,0,3,0,4.85,4.44,6.16
2026-08-06 03:15:00,2,4.2,0.8413950666385819,3,63.13550353018515,2,3,0,10.02,4.85,4.44
2026-08-06 03:30:00,1,4.2,0.8705871748905449,6,97.50517524622435,1,3,0,9.87,10.02,4.85
2026-08-06 03:45:00,3,4.2,0.921995599872308,3,58.73705114781133,0,3,0,5.12,9.87,10.02
2026-08-06 04:00:00,3,4.2,0.7079282880512857,4,25.088114910223787,0,4,0,6.02,5.12,9.87
2026-08-06 04:15:00,4,4.2,0.9300197640720248,3,64.13503742451694,1,4,0,5.78,6.02,5.12
2026-08-06 04:30:00,1,4.2,0.7993022729053815,6,87.28769364928812,0,4,0,6.44,5.78,6.02
2026-08-06 04:45:00,4,4.2,0.6308233116537324,7,99.74794274251519,1,4,0,12.23,6.44,5.78
2026-08-06 05:00:00,3,4.2,0.6234203716975917,6,54.4274538951258,0,5,0,7.43,12.23,6.44
2026-08-06 05:15:00,1,4.2,0.7336953274784244,1,45.6238993997394,1,5,0,6.56,7.43,12.23
2026-08-06 05:30:00,1,4.2,0.913958790844587,4,92.53226375615992,0,5,0,4.13,6.56,7.43
2026-08-06 05:45:00,4,4.2,0.8830723738963663,7,35.29937032608971,0,5,0,7.78,4.13,6.56
2026-08-06 06:00:00,3,4.2,0.9154459858689625,1,69.23431320263413,0,6,0,2.64,7.78,4.13
2026-08-06 06:15:00,1,4.2,0.8069076225766437,4,52.45715393447582,2,6,0,11.74,2.64,7.78
2026-08-06 06:30:00,4,4.2,0.7760795991821963,7,23.286589196444424,0,6,0,8.7,11.74,2.64
2026-08-06 06:45:00,3,4.2,0.6589810106825136,3,47.78307794445582,0,6,0,5.16,8.7,11.74
2026-08-06 07:00:00,4,4.2,0.7312771014437246,7,41.218281800213965,0,7,0,8.0,5.16,8.7
2026-08-06 07:15:00,2,4.2,0.7736077464695501,6,74.88729231547894,0,7,0,6.69,8.0,5.16
2026-08-06 07:30:00,1,4.2,0.6354401718718469,1,95.90323981535346,1,7,0,5.44,6.69,8.0
2026-08-06 07:45:00,2,4.2,0.6882447810844845,3,41.44377499029102,1,7,0,7.17,5.44,6.69
2026-08-06 08:00:00,3,4.2,0.8392901176254955,6,84.91727513213453,0,8,1,12.14,7.17,5.44
2026-08-06 08:15:00,2,4.2,0.8942652456956759,4,24.428785355072762,2,8,1,15.62,12.14,7.17
2026-08-06 08:30:00,2,4.2,0.9993390045571798,7,63.049680803185055,1,8,1,14.57,15.62,12.14
2026-08-06 08:45:00,3,4.2,0.9732453325374231,6,25.644005096791567,1,8,1,13.54,14.57,15.62
2026-08-06 09:00:00,4,4.2,0.8570260798140765,3,94.72263929045114,0,9,1,10.7,13.54,14.57
2026-08-06 09:15:00,2,4.2,0.7684992213176288,1,81.30810244459121,1,9,1,11.33,10.7,13.54
2026-08-06 09:30:00,4,4.2,0.8544709458832931,1,72.63599289636738,0,9,1,9.08,11.33,10.7
2026-08-06 09:45:00,2,4.2,0.9142606472320928,7,85.91171052997313,0,9,1,10.53,9.08,11.33
2026-08-06 10:00:00,4,4.2,0.6473344763693549,6,71.80158364561305,1,10,0,6.38,10.53,9.08
2026-08-06 10:15:00,3,4.2,0.7639619558785153,3,97.51555177394329,0,10,0,5.47,6.38,10.53
2026-08-06 10:30:00,2,4.2,0.9359209142542468,2,77.11663582918172,0,10,0,2.28,5.47,6.38
2026-08-06 10:45:00,3,4.2,0.7535331807732176,4,93.97268876657974,1,10,0,8.22,2.28,5.47
2026-08-06 11:00:00,2,4.2,0.8287489084908746,4,61.37055136085104,1,11,0,7.79,8.22,2.28
2026-08-06 11:15:00,3,4.2,0.8351077443448793,3,29.36515303854901,0,11,0,6.45,7.79,8.22
2026-08-06 11:30:00,3,4.2,0.6737905012534557,2,62.25421771384137,1,11,0,7.79,6.45,7.79
2026-08-06 11:45:00,2,4.2,0.7448941766609154,1,30.149826245047464,0,11,0,4.03,7.79,6.45
2026-08-06 12:00:00,2,4.2,0.7338045154967728,7,67.3994783341124,0,12,0,8.95,4.03,7.79
2026-08-06 12:15:00,2,4.2,0.6104786834128259,5,58.59944484221303,1,12,0,10.14,8.95,4.03
2026-08-06 12:30:00,1,4.2,0.6096767055565421,5,69.80603182662253,0,12,0,6.82,10.14,8.95
2026-08-06 12:45:00,4,4.2,0.9326788174703093,7,20.803758484386528,0,12,0,8.29,6.82,10.14
2026-08-06 13:00:00,1,4.2,0.7092283239891249,3,35.58723933242913,0,13,0,4.32,8.29,6.82
2026-08-06 13:15:00,1,4.2,0.8072315064955262,2,59.30643455297047,0,13,0,4.61,4.32,8.29
2026-08-06 13:30:00,3,4.2,0.7194902294355092,2,96.04028492713078,0,13,0,3.13,4.61,4.32
2026-08-06 13:45:00,2,4.2,0.9762716980461362,4,50.68872322841267,1,13,0,7.63,3.13,4.61
2026-08-06 14:00:00,4,4.2,0.7037187035463095,1,53.949762084290775,1,14,0,6.75,7.63,3.13
2026-08-06 14:15:00,3,4.2,0.7718627250955741,6,77.17568712052977,0,14,0,8.92,6.75,7.63
2026-08-06 14:30:00,1,4.2,0.9490921001938407,2,68.30342058288944,1,14,0,4.58,8.92,6.75
2026-08-06 14:45:00,2,4.2,0.9367734267167235,7,43.91409200786666,0,14,0,6.6,4.58,8.92
2026-08-06 15:00:00,3,4.2,0.6744405671385109,6,52.86531164539422,0,15,0,8.51,6.6,4.58
2026-08-06 15:15:00,2,4.2,0.9210573239182842,5,37.415983908578596,1,15,0,8.71,8.51,6.6
2026-08-06 15:30:00,3,4.2,0.7832747546951571,6,97.28171673041669,0,15,0,7.38,8.71,8.51
2026-08-06 15:45:00,2,4.2,0.7931875488341421,1,30.450750524588777,0,15,0,2.69,7.38,8.71
2026-08-06 16:00:00,1,4.2,0.6533919889663775,7,49.746942765313555,0,16,0,7.89,2.69,7.38
2026-08-06 16:15:00,4,4.2,0.6322406055028499,1,22.067117777600895,0,16,0,5.62,7.89,2.69
2026-08-06 16:30:00,1,4.2,0.8911757227895061,6,37.742359354683714,1,16,0,9.16,5.62,7.89
2026-08-06 16:45:00,4,4.2,0.7985844609421199,3,82.4376910704124,0,16,0,5.4,9.16,5.62
2026-08-06 17:00:00,2,4.2,0.7747402810460718,2,36.094018583110355,0,17,0,4.32,5.4,9.16
2026-08-06 17:15:00,3,4.2,0.8918032914609586,7,26.40507220231725,0,17,0,6.22,4.32,5.4
2026-08-06 17:30:00,1,4.2,0.9062051595964439,3,57.95625438756186,0,17,0,5.48,6.22,4.32
2026-08-06 17:45:00,4,4.2,0.6635632670677414,6,20.797538778761478,0,17,0,8.24,5.48,6.22
2026-08-06 18:00:00,1,4.2,0.8440900597910566,2,26.781292354106654,0,18,1,11.43,8.24,5.48
2026-08-06 18:15:00,4,4.2,0.6541416329110742,4,84.610069565038,1,18,1,12.86,11.43,8.24
2026-08-06 18:30:00,1,4.2,0.9005500344116183,3,81.71786758876851,2,18,1,15.39,12.86,11.43
2026-08-06 18:45:00,4,4.2,0.8627820625068559,3,93.21110563239168,0,18,1,8.43,15.39,12.86
2026-08-06 19:00:00,4,4.2,0.9826458484333832,6,88.36123487285997,0,19,1,11.46,8.43,15.39
2026-08-06 19:15:00,2,4.2,0.6275832065425685,5,74.65404505918545,0,19,1,13.17,11.46,8.43
2026-08-06 19:30:00,4,4.2,0.6228218884605017,6,24.186628584053025,2,19,1,15.85,13.17,11.46
2026-08-06 19:45:00,2,4.2,0.71287482987728,3,82.6278894389326,2,19,1,15.21,15.85,13.17
2026-08-06 20:00:00,4,4.2,0.7046822734943624,2,87.64086486724483,0,20,0,4.19,15.21,15.85
2026-08-06 20:15:00,3,4.2,0.6987915196287999,5,83.92657166175636,1,20,0,8.67,4.19,15.21
2026-08-06 20:30:00,3,4.2,0.9625018322084147,6,60.67832282464209,0,20,0,6.77,8.67,4.19
2026-08-06 20:45:00,3,4.2,0.6998184799398024,7,38.63214709195853,0,20,0,9.39,6.77,8.67
2026-08-06 21:00:00,4,4.2,0.7087798904514524,6,87.62639805509814,0,21,0,7.4,9.39,6.77
2026-08-06 21:15:00,2,4.2,0.9037593049671855,3,78.17302477921108,0,21,0,4.76,7.4,9.39
2026-08-06 21:30:00,2,4.2,0.779895936980216,3,98.46089395110812,0,21,0,5.22,4.76,7.4
2026-08-06 21:45:00,4,4.2,0.9106842227820725,4,32.45540782047463,0,21,0,5.22,5.22,4.76
2026-08-06 22:00:00,3,4.2,0.626146463025754,6,38.053166644164406,0,22,0,6.81,5.22,5.22
2026-08-06 22:15:00,3,4.2,0.7950284774693537,3,36.943851990520216,0,22,0,6.15,6.81,5.22
2026-08-06 22:30:00,2,4.2,0.613445440073313,7,83.40318140970695,0,22,0,8.95,6.15,6.81
2026-08-06 22:45:00,3,4.2,0.6250612813821418,1,34.95258371600946,0,22,0,4.8,8.95,6.15
2026-08-06 23:00:00,1,4.2,0.9625749813377644,5,25.332786385864487,0,23,0,4.88,4.8,8.95
2026-08-06 23:15:00,2,4.2,0.655698148447038,1,99.8848645268503,0,23,0,3.81,4.88,4.8
2026-08-06 23:30:00,3,4.2,0.8129682729100869,5,21.98537691561193,0,23,0,6.19,3.81,4.88
2026-08-06 23:45:00,2,4.2,0.7644382410402826,7,86.81952481270925,0,23,0,6.45,6.19,3.81
2026-08-07 00:00:00,1,4.2,0.738937330503537,6,49.22934732405223,0,0,0,5.71,6.45,6.19
2026-08-07 00:15:00,2,4.2,0.959933338274909,4,87.32923678062522,0,0,0,4.4,5.71,6.45
2026-08-07 00:30:00,2,4.2,0.6087293587101957,3,64.36963929689159,0,0,0,6.4,4.4,5.71
2026-08-07 00:45:00,2,4.2,0.8655158744702356,3,92.13049835890881,0,0,0,4.07,6.4,4.4
2026-08-07 01:00:00,2,4.2,0.9853577736854202,3,94.09543891317013,1,1,0,5.67,4.07,6.4
2026-08-07 01:15:00,1,4.2,0.8240672733847367,6,20.72785450246208,0,1,0,6.2,5.67,4.07
2026-08-07 01:30:00,4,4.2,0.9747289848132368,5,26.032974079423063,0,1,0,5.18,6.2,5.67
2026-08-07 01:45:00,2,4.2,0.6209031517144095,7,40.02869836566844,0,1,0,8.27,5.18,6.2
2026-08-07 02:00:00,2,4.2,0.7675173276296645,3,73.54523330908013,0,2,0,7.33,8.27,5.18
2026-08-07 02:15:00,3,4.2,0.7040631163848204,1,91.06177572092048,0,2,0,5.11,7.33,8.27
2026-08-07 02:30:00,2,4.2,0.8923283859922919,3,56.79535610351702,0,2,0,5.63,5.11,7.33
2026-08-07 02:45:00,3,4.2,0.9925188361988987,6,68.55784930194123,0,2,0,7.42,5.63,5.11
2026-08-07 03:00:00,4,4.2,0.7026120249776991,7,35.07998822364489,2,3,0,12.26,7.42,5.63
2026-08-07 03:15:00,1,4.2,0.8616698405896297,4,84.39734671053483,0,3,0,4.22,12.26,7.42
2026-08-07 03:30:00,1,4.2,0.6792390531038961,7,97.38624890827758,0,3,0,7.26,4.22,12.26
2026-08-07 03:45:00,4,4.2,0.8261321018286439,1,41.4879146331678,0,3,0,4.84,7.26,4.22
2026-08-07 04:00:00,1,4.2,0.7855729946753345,3,59.58607612804371,2,4,0,9.54,4.84,7.26
2026-08-07 04:15:00,4,4.2,0.9888021318526148,3,26.889288840509906,1,4,0,5.42,9.54,4.84
2026-08-07 04:30:00,4,4.2,0.8434109090785866,2,64.73093251703747,0,4,0,3.69,5.42,9.54
2026-08-07 04:45:00,4,4.2,0.7398025488347275,5,60.222675347734445,1,4,0,8.95,3.69,5.42
2026-08-07 05:00:00,1,4.2,0.6456383139551733,1,31.554918732406207,0,5,0,4.58,8.95,3.69
2026-08-07 05:15:00,3,4.2,0.6604987314939738,2,55.365297049446,1,5,0,7.7,4.58,8.95
2026-08-07 05:30:00,4,4.2,0.690126771980494,7,46.72837216692506,1,5,0,9.99,7.7,4.58
2026-08-07 05:45:00,2,4.2,0.7003866645361192,4,61.746470024415146,0,5,0,6.85,9.99,7.7
2026-08-07 06:00:00,1,4.2,0.9402464231364551,5,66.85234683430394,1,6,0,7.65,6.85,9.99
2026-08-07 06:15:00,4,4.2,0.82448911531301,1,20.679646288576762,0,6,0,3.35,7.65,6.85
2026-08-07 06:30:00,4,4.2,0.8093563645497466,3,80.88047863596444,0,6,0,5.66,3.35,7.65
2026-08-07 06:45:00,2,4.2,0.645907548747687,7,77.04114334893927,0,6,0,7.87,5.66,3.35
2026-08-07 07:00:00,3,4.2,0.944055877339774,1,49.30291089652178,1,7,0,4.9,7.87,5.66
2026-08-07 07:15:00,3,4.2,0.8891257212833934,3,24.23487484550546,0,7,0,5.21,4.9,7.87
2026-08-07 07:30:00,3,4.2,0.6270673447600006,5,80.39460318280403,0,7,0,6.34,5.21,4.9
2026-08-07 07:45:00,4,4.2,0.8831340388919074,3,96.4140128382506,1,7,0,6.76,6.34,5.21
2026-08-07 08:00:00,4,4.2,0.8174152869370584,4,39.21212768176113,0,8,1,11.2,6.76,6.34
2026-08-07 08:15:00,4,4.2,0.6326901382987112,7,45.88196909896303,0,8,1,15.63,11.2,6.76
2026-08-07 08:30:00,1,4.2,0.7833202566114625,6,34.7050311585452,0,8,1,12.8,15.63,11.2
2026-08-07 08:45:00,2,4.2,0.7938785148520188,3,66.15488986758717,0,8,1,10.52,12.8,15.63
2026-08-07 09:00:00,4,4.2,0.6663098160653103,4,32.387311571796396,0,9,1,11.85,10.52,12.8
2026-08-07 09:15:00,2,4.2,0.9782792588001129,6,48.495515476910356,0,9,1,10.24,11.85,10.52
2026-08-07 09:30:00,2,4.2,0.9399901485922648,7,75.76104111474103,2,9,1,17.31,10.24,11.85
2026-08-07 09:45:00,3,4.2,0.8676089349316434,5,64.80927864074786,1,9,1,13.59,17.31,10.24
2026-08-07 10:00:00,1,4.2,0.7849182244002428,5,50.91700514623482,0,10,0,6.81,13.59,17.31
2026-08-07 10:15:00,4,4.2,0.7647062166338034,7,53.61996814460335,0,10,0,8.1,6.81,13.59
2026-08-07 10:30:00,3,4.2,0.8603893868603816,7,64.96887060985836,0,10,0,7.93,8.1,6.81
2026-08-07 10:45:00,3,4.2,0.8181727477627622,1,20.469178230972904,0,10,0,3.23,7.93,8.1
2026-08-07 11:00:00,4,4.2,0.6249092423527542,4,26.28078947628879,0,11,0,6.57,3.23,7.93
2026-08-07 11:15:00,2,4.2,0.8050010595081327,4,90.50064542104093,0,11,0,4.47,6.57,3.23
2026-08-07 11:30:00,3,4.2,0.9225614468931358,7,26.23031912730326,1,11,0,9.45,4.47,6.57
2026-08-07 11:45:00,2,4.2,0.7836959510387832,2,76.54428769684041,0,11,0,5.78,9.45,4.47
2026-08-07 12:00:00,1,4.2,0.6207826310217074,2,93.60305312872421,0,12,0,5.45,5.78,9.45
2026-08-07 12:15:00,2,4.2,0.9145112797536132,6,41.65468834413849,1,12,0,9.08,5.45,5.78
2026-08-07 12:30:00,1,4.2,0.6805455128543898,6,49.63931496476114,0,12,0,9.55,9.08,5.45
2026-08-07 12:45:00,2,4.2,0.7034483339552156,2,65.5137124675773,0,12,0,3.39,9.55,9.08
2026-08-07 13:00:00,3,4.2,0.6658825413729184,7,90.53671757108677,0,13,0,7.31,3.39,9.55
2026-08-07 13:15:00,3,4.2,0.7320860259485991,7,95.35244698083362,0,13,0,9.84,7.31,3.39
2026-08-07 13:30:00,1,4.2,0.902700602275454,6,79.16505984890145,1,13,0,9.2,9.84,7.31
2026-08-07 13:45:00,4,4.2,0.807754343801575,3,26.929580868375524,0,13,0,4.74,9.2,9.84
2026-08-07 14:00:00,1,4.2,0.681952509660285,7,73.53233244278806,1,14,0,9.65,4.74,9.2
2026-08-07 14:15:00,1,4.2,0.9511320312608164,2,52.82429774981296,2,14,0,9.09,9.65,4.74
2026-08-07 14:30:00,2,4.2,0.9518327419806116,4,57.656079959284924,2,14,0,10.58,9.09,9.65
2026-08-07 14:45:00,2,4.2,0.9482313700184027,7,23.931871227614163,2,14,0,11.06,10.58,9.09
2026-08-07 15:00:00,1,4.2,0.6955184845526157,7,35.28497114770865,0,15,0,8.15,11.06,10.58
2026-08-07 15:15:00,3,4.2,0.7804957376723952,3,83.24108860269182,0,15,0,4.77,8.15,11.06
2026-08-07 15:30:00,2,4.2,0.9939958624563501,6,56.31670664382878,0,15,0,6.5,4.77,8.15
2026-08-07 15:45:00,4,4.2,0.9088049905239961,7,44.13297933049191,0,15,0,6.21,6.5,4.77
2026-08-07 16:00:00,2,4.2,0.6108669684902239,5,50.72152591719665,1,16,0,11.02,6.21,6.5
2026-08-07 16:15:00,2,4.2,0.6260818365041968,1,88.35196106605441,0,16,0,5.32,11.02,6.21
2026-08-07 16:30:00,4,4.2,0.7855725507249331,2,79.91992139239656,2,16,0,9.02,5.32,11.02
2026-08-07 16:45:00,1,4.2,0.9636880823446241,5,41.78523177448662,1,16,0,7.97,9.02,5.32
2026-08-07 17:00:00,4,4.2,0.8154807191810857,6,29.400147216989865,2,17,0,11.91,7.97,9.02
2026-08-07 17:15:00,1,4.2,0.799125003213716,4,40.15985773152573,1,17,0,7.45,11.91,7.97
2026-08-07 17:30:00,1,4.2,0.6421894799826522,1,93.6605160843787,0,17,0,3.89,7.45,11.91
2026-08-07 17:45:00,1,4.2,0.8627120418897176,5,66.52710702798043,0,17,0,5.87,3.89,7.45
2026-08-07 18:00:00,4,4.2,0.9288412642400902,1,62.67841669958263,0,18,1,9.65,5.87,3.89
2026-08-07 18:15:00,1,4.2,0.7521680030030249,2,67.71148797539692,0,18,1,10.48,9.65,5.87
2026-08-07 18:30:00,3,4.2,0.910244740370131,6,49.282261259721224,0,18,1,12.56,10.48,9.65
2026-08-07 18:45:00,4,4.2,0.9857906615603247,7,84.56856162556102,1,18,1,14.85,12.56,10.48
2026-08-07 19:00:00,3,4.2,0.6815065836510756,4,61.862899944019986,1,19,1,12.64,14.85,12.56
2026-08-07 19:15:00,1,4.2,0.8093318524778965,6,29.33983222150364,0,19,1,12.04,12.64,14.85
2026-08-07 19:30:00,2,4.2,0.7148551832338302,1,30.325209986325035,0,19,1,9.97,12.04,12.64
2026-08-07 19:45:00,1,4.2,0.9171417676135357,5,62.948731720209466,0,19,1,9.63,9.97,12.04
2026-08-07 20:00:00,3,4.2,0.831037346352463,2,94.92561744566713,0,20,0,4.82,9.63,9.97
2026-08-07 20:15:00,3,4.2,0.8538329670201215,2,44.6681697340959,0,20,0,6.4,4.82,9.63
2026-08-07 20:30:00,4,4.2,0.9191656638463577,6,89.56329350873746,0,20,0,7.65,6.4,4.82
2026-08-07 20:45:00,2,4.2,0.758388189064982,7,81.12764692631035,0,20,0,9.42,7.65,6.4
2026-08-07 21:00:00,4,4.2,0.9660360273628172,5,39.82499543255255,0,21,0,5.89,9.42,7.65
2026-08-07 21:15:00,3,4.2,0.813211546898456,7,22.907259865299395,0,21,0,8.73,5.89,9.42
2026-08-07 21:30:00,1,4.2,0.6631819291341392,7,28.14778121139062,0,21,0,7.72,8.73,5.89
2026-08-07 21:45:00,2,4.2,0.878359647267521,5,78.27951470779522,0,21,0,6.86,7.72,8.73
2026-08-07 22:00:00,1,4.2,0.9173045401753017,1,35.97357904325173,0,22,0,3.75,6.86,7.72
2026-08-07 22:15:00,1,4.2,0.7267046708270106,6,49.7016736404315,0,22,0,7.74,3.75,6.86
2026-08-07 22:30:00,2,4.2,0.9428717027995012,6,60.13593328051399,2,22,0,12.79,7.74,3.75
2026-08-07 22:45:00,4,4.2,0.9624573019063065,3,78.03745347601303,0,22,0,3.75,12.79,7.74
2026-08-07 23:00:00,1,4.2,0.7107617949511236,6,29.05849786073003,0,23,0,7.33,3.75,12.79
2026-08-07 23:15:00,3,4.2,0.9934085890860889,2,52.50931242219692,1,23,0,6.05,7.33,3.75
2026-08-07 23:30:00,1,4.2,0.6562846112195033,1,58.805832731415634,0,23,0,3.24,6.05,7.33
2026-08-07 23:45:00,2,4.2,0.680806267360996,5,63.266165117723176,2,23,0,12.18,3.24,6.05
2026-08-08 00:00:00,2,4.2,0.6736899356952104,6,85.46885131161733,0,0,0,5.97,12.18,3.24
2026-08-08 00:15:00,2,4.2,0.9575958840031482,1,33.734255603457356,0,0,0,3.96,5.97,12.18
2026-08-08 00:30:00,4,4.2,0.8617170209299847,6,84.62651614612979,0,0,0,6.89,3.96,5.97
2026-08-08 00:45:00,1,4.2,0.6608417132889092,5,75.43027421573217,0,0,0,6.53,6.89,3.96
2026-08-08 01:00:00,4,4.2,0.7761293673473396,4,64.46966513591676,0,1,0,4.99,6.53,6.89
2026-08-08 01:15:00,4,4.2,0.8461192100279208,5,75.96222963220575,0,1,0,5.98,4.99,6.53
2026-08-08 01:30:00,2,4.2,0.6333856339957533,5,52.96141911613251,0,1,0,7.86,5.98,4.99
2026-08-08 01:45:00,2,4.2,0.9529665473629355,5,31.071806877449966,0,1,0,6.28,7.86,5.98
2026-08-08 02:00:00,4,4.2,0.9214414141766141,6,73.26121922122938,0,2,0,5.87,6.28,7.86
2026-08-08 02:15:00,1,4.2,0.8020827094306553,3,61.973784534849784,0,2,0,4.16,5.87,6.28
2026-08-08 02:30:00,3,4.2,0.9868506461036681,5,71.14998404342204,0,2,0,6.24,4.16,5.87
2026-08-08 02:45:00,4,4.2,0.7671043917100399,2,47.0399024822792,0,2,0,3.75,6.24,4.16
2026-08-08 03:00:00,1,4.2,0.9936441276145991,2,92.54932618718686,0,3,0,3.51,3.75,6.24
2026-08-08 03:15:00,2,4.2,0.8671679995214507,1,66.98958948604616,1,3,0,5.94,3.51,3.75
2026-08-08 03:30:00,2,4.2,0.8538685093015765,3,26.832198743269906,0,3,0,5.09,5.94,3.51
2026-08-08 03:45:00,1,4.2,0.666381958118314,1,55.9843192563543,0,3,0,5.08,5.09,5.94
2026-08-08 04:00:00,3,4.2,0.9527711033218575,2,80.50848437949074,0,4,0,2.37,5.08,5.09
2026-08-08 04:15:00,2,4.2,0.7709958751682461,7,83.5307649385818,0,4,0,6.04,2.37,5.08
2026-08-08 04:30:00,2,4.2,0.6648933623129917,2,59.5677642211007,2,4,0,9.36,6.04,2.37
2026-08-08 04:45:00,2,4.2,0.6050430079903036,4,91.57980566650409,0,4,0,8.4,9.36,6.04
2026-08-08 05:00:00,1,4.2,0.823902273455353,5,41.41347497554381,0,5,0,8.33,8.4,9.36
2026-08-08 05:15:00,4,4.2,0.8109598488490706,7,52.847895779061325,0,5,0,9.6,8.33,8.4
2026-08-08 05:30:00,2,4.2,0.8877414489476634,2,91.88775284551761,1,5,0,6.23,9.6,8.33
2026-08-08 05:45:00,4,4.2,0.9561032212071209,6,91.70053731772632,0,5,0,4.64,6.23,9.6
2026-08-08 06:00:00,3,4.2,0.6317626338572118,6,74.85702150597447,2,6,0,10.53,4.64,6.23
2026-08-08 06:15:00,2,4.2,0.8925985961361449,1,88.71844376977761,2,6,0,7.59,10.53,4.64
2026-08-08 06:30:00,2,4.2,0.6749647776390328,7,27.101861356498613,0,6,0,8.18,7.59,10.53
2026-08-08 06:45:00,3,4.2,0.9432708212628655,1,89.19959809662211,2,6,0,9.28,8.18,7.59
2026-08-08 07:00:00,2,4.2,0.9276254055446624,5,45.64959252401814,0,7,0,6.71,9.28,8.18
2026-08-08 07:15:00,4,4.2,0.8163175019942177,5,34.266520994257306,1,7,0,9.07,6.71,9.28
2026-08-08 07:30:00,1,4.2,0.8840971194493246,4,39.149586907363705,0,7,0,4.45,9.07,6.71
2026-08-08 07:45:00,4,4.2,0.7257400452734993,3,53.437480641110966,0,7,0,4.39,4.45,9.07
2026-08-08 08:00:00,1,4.2,0.7884671595731259,1,40.095360368357376,0,8,1,8.93,4.39,4.45
2026-08-08 08:15:00,1,4.2,0.9286547590841887,5,45.64540688131992,1,8,1,14.04,8.93,4.39
2026-08-08 08:30:00,4,4.2,0.7837060788692856,1,30.798278885731367,0,8,1,9.09,14.04,8.93
2026-08-08 08:45:00,4,4.2,0.7431193061301767,5,43.69414124471988,0,8,1,10.64,9.09,14.04
2026-08-08 09:00:00,4,4.2,0.7976849789001199,2,65.78270516336009,0,9,1,9.98,10.64,9.09
2026-08-08 09:15:00,4,4.2,0.9312997009748873,1,55.34829664728512,0,9,1,8.46,9.98,10.64
2026-08-08 09:30:00,3,4.2,0.734083218948349,2,47.737500898872895,0,9,1,8.55,8.46,9.98
2026-08-08 09:45:00,2,4.2,0.6695046372542975,1,79.71617030856912,0,9,1,8.42,8.55,8.46
2026-08-08 10:00:00,1,4.2,0.8848056081323123,3,91.48079771146543,0,10,0,5.33,8.42,8.55
2026-08-08 10:15:00,4,4.2,0.9303912850832328,4,80.54313783219176,0,10,0,4.9,5.33,8.42
2026-08-08 10:30:00,4,4.2,0.6402549914094133,6,46.56005616941434,0,10,0,9.43,4.9,5.33
2026-08-08 10:45:00,4,4.2,0.6959496451023779,6,79.5553734270043,0,10,0,8.09,9.43,4.9
2026-08-08 11:00:00,3,4.2,0.6567887959043975,6,32.15841459792409,0,11,0,7.28,8.09,9.43
2026-08-08 11:15:00,4,4.2,0.7391765646328666,2,30.42543904730327,2,11,0,9.58,7.28,8.09
2026-08-08 11:30:00,4,4.2,0.7801403915621651,7,47.650162962892715,0,11,0,7.97,9.58,7.28
2026-08-08 11:45:00,4,4.2,0.8995305347853226,5,84.61618952352455,2,11,0,10.24,7.97,9.58
2026-08-08 12:00:00,2,4.2,0.8604590339526696,6,39.70785977938415,1,12,0,8.44,10.24,7.97
2026-08-08 12:15:00,3,4.2,0.8483714269913725,3,25.060272711894367,0,12,0,5.5,8.44,10.24
2026-08-08 12:30:00,4,4.2,0.7409499786438618,6,30.536762816508407,0,12,0,8.23,5.5,8.44
2026-08-08 12:45:00,1,4.2,0.936579021233904,1,88.69959748236641,1,12,0,6.11,8.23,5.5
2026-08-08 13:00:00,1,4.2,0.7885148669592659,2,70.70266277978301,0,13,0,5.89,6.11,8.23
2026-08-08 13:15:00,1,4.2,0.9916419752060618,7,40.25609306959814,0,13,0,6.42,5.89,6.11
2026-08-08 13:30:00,3,4.2,0.8536568553182947,1,64.42366602625451,0,13,0,5.05,6.42,5.89
2026-08-08 13:45:00,3,4.2,0.650505896625801,7,62.206369794028035,0,13,0,7.59,5.05,6.42
2026-08-08 14:00:00,1,4.2,0.8704710248301736,1,72.4348782752529,1,14,0,4.79,7.59,5.05
2026-08-08 14:15:00,4,4.2,0.7300416061726795,1,38.6550043537293,0,14,0,2.17,4.79,7.59
2026-08-08 14:30:00,3,4.2,0.874530878674439,4,89.15223897555181,0,14,0,4.94,2.17,4.79
2026-08-08 14:45:00,1,4.2,0.6278564592649623,4,44.74948496640103,0,14,0,5.99,4.94,2.17
2026-08-08 15:00:00,1,4.2,0.6699525748703837,5,75.53053231809895,0,15,0,7.53,5.99,4.94
2026-08-08 15:15:00,4,4.2,0.9422949035623145,2,21.28997170977719,0,15,0,3.92,7.53,5.99
2026-08-08 15:30:00,2,4.2,0.690871822809406,3,49.81257039153178,0,15,0,4.32,3.92,7.53
2026-08-08 15:45:00,3,4.2,0.9348164500971761,3,48.13678543670466,1,15,0,6.52,4.32,3.92
2026-08-08 16:00:00,4,4.2,0.7117104353817642,3,63.47875428664116,0,16,0,5.05,6.52,4.32
2026-08-08 16:15:00,1,4.2,0.8571527640234831,1,25.81890094217572,1,16,0,4.09,5.05,6.52
2026-08-08 16:30:00,1,4.2,0.8776602294039324,4,83.21050989808867,0,16,0,4.39,4.09,5.05
2026-08-08 16:45:00,4,4.2,0.8050619012580211,2,37.422464141405484,0,16,0,3.53,4.39,4.09
2026-08-08 17:00:00,3,4.2,0.7221242706786926,1,74.16302519056082,0,17,0,5.4,3.53,4.39
2026-08-08 17:15:00,2,4.2,0.6850577505484384,7,84.25696985952746,0,17,0,8.53,5.4,3.53
2026-08-08 17:30:00,2,4.2,0.6132757418249705,4,64.95015649932105,0,17,0,7.22,8.53,5.4
2026-08-08 17:45:00,1,4.2,0.7215785604962895,4,79.27065653775884,0,17,0,4.57,7.22,8.53
2026-08-08 18:00:00,3,4.2,0.8612651162125131,6,72.94882497720045,1,18,1,15.54,4.57,7.22
2026-08-08 18:15:00,2,4.2,0.975321927379393,6,48.44238377216061,1,18,1,15.13,15.54,4.57
2026-08-08 18:30:00,3,4.2,0.9484817929052208,2,84.70868312268523,0,18,1,6.65,15.13,15.54
2026-08-08 18:45:00,3,4.2,0.906425910614121,7,43.576109590842236,0,18,1,11.64,6.65,15.13
2026-08-08 19:00:00,1,4.2,0.9153789373013195,2,65.69703342012137,0,19,1,9.3,11.64,6.65
2026-08-08 19:15:00,2,4.2,0.8659939613903981,2,79.63181913132317,0,19,1,9.67,9.3,11.64
2026-08-08 19:30:00,4,4.2,0.7041147430264012,1,50.316472785000606,0,19,1,8.37,9.67,9.3
2026-08-08 19:45:00,1,4.2,0.9628780122823319,5,44.221408609394004,0,19,1,10.38,8.37,9.67
2026-08-08 20:00:00,2,4.2,0.8682929247623337,2,56.747680813825816,2,20,0,8.42,10.38,8.37
2026-08-08 20:15:00,2,4.2,0.824176252392176,6,85.43707954793229,1,20,0,9.62,8.42,10.38
2026-08-08 20:30:00,2,4.2,0.6443957876853924,5,94.39374105165318,0,20,0,8.32,9.62,8.42
2026-08-08 20:45:00,2,4.2,0.7788222175225702,1,63.606673028791214,0,20,0,2.94,8.32,9.62
2026-08-08 21:00:00,2,4.2,0.7841433084807705,5,72.91729642589215,0,21,0,7.49,2.94,8.32
2026-08-08 21:15:00,3,4.2,0.945825443809068,3,92.26188977911313,1,21,0,6.08,7.49,2.94
2026-08-08 21:30:00,1,4.2,0.8186592880751153,7,27.88374811303539,0,21,0,6.89,6.08,7.49
2026-08-08 21:45:00,3,4.2,0.7521602195881638,5,38.566286229293205,0,21,0,7.45,6.89,6.08
2026-08-08 22:00:00,4,4.2,0.9907201314042637,2,76.71200050012659,1,22,0,6.88,7.45,6.89
2026-08-08 22:15:00,2,4.2,0.6442882373305262,1,85.89955695298397,0,22,0,5.17,6.88,7.45
2026-08-08 22:30:00,1,4.2,0.7690193713247778,7,88.56232226644623,0,22,0,6.64,5.17,6.88
2026-08-08 22:45:00,2,4.2,0.6168098700685621,2,53.208574148394604,0,22,0,4.68,6.64,5.17
2026-08-08 23:00:00,1,4.2,0.895961648306772,7,27.147192183349347,0,23,0,8.21,4.68,6.64
2026-08-08 23:15:00,3,4.2,0.9672306208796603,6,55.022518183969595,0,23,0,6.41,8.21,4.68
2026-08-08 23:30:00,1,4.2,0.7120149318201958,3,38.458767216564304,0,23,0,4.34,6.41,8.21
2026-08-08 23:45:00,4,4.2,0.9433366707196483,6,43.29571639972993,0,23,0,6.93,4.34,6.41
2026-08-09 00:00:00,4,4.2,0.7168872921847591,2,81.78140454700046,0,0,0,3.98,6.93,4.34
2026-08-09 00:15:00,1,4.2,0.9643080646575661,2,26.04216688207095,1,0,0,7.88,3.98,6.93
2026-08-09 00:30:00,1,4.2,0.9015847614387136,2,86.20649739845616,0,0,0,5.41,7.88,3.98
2026-08-09 00:45:00,1,4.2,0.9219627107365754,4,54.213526865933524,0,0,0,5.78,5.41,7.88
2026-08-09 01:00:00,1,4.2,0.6072026222401817,3,67.6851144880476,0,1,0,7.25,5.78,5.41
2026-08-09 01:15:00,4,4.2,0.9851241428296104,7,27.172178498854322,1,1,0,9.55,7.25,5.78
2026-08-09 01:30:00,2,4.2,0.8906683968281293,2,46.98872626858237,1,1,0,7.18,9.55,7.25
2026-08-09 01:45:00,1,4.2,0.7219004381544534,2,27.17607352118766,0,1,0,6.15,7.18,9.55
2026-08-09 02:00:00,1,4.2,0.9317578659435388,7,96.92349783048877,0,2,0,7.47,6.15,7.18
2026-08-09 02:15:00,4,4.2,0.7126084793659719,6,84.58093194610004,1,2,0,9.76,7.47,6.15
2026-08-09 02:30:00,4,4.2,0.9491015358264512,6,56.770620348516815,0,2,0,4.74,9.76,7.47
2026-08-09 02:45:00,3,4.2,0.6450321561647748,2,37.888203865893686,0,2,0,4.93,4.74,9.76
2026-08-09 03:00:00,1,4.2,0.8814743909843183,1,94.67640841998818,2,3,0,9.08,4.93,4.74
2026-08-09 03:15:00,3,4.2,0.8162793906579642,4,47.56772765815774,0,3,0,6.59,9.08,4.93
2026-08-09 03:30:00,4,4.2,0.6386137880781763,6,32.87875453498998,2,3,0,13.35,6.59,9.08
2026-08-09 03:45:00,4,4.2,0.6967575313035356,1,65.0531510763164,1,3,0,6.04,13.35,6.59
2026-08-09 04:00:00,2,4.2,0.6049616145109259,4,95.50192962758528,0,4,0,4.62,6.04,13.35
2026-08-09 04:15:00,1,4.2,0.7875071861858023,2,20.306423240025808,2,4,0,8.88,4.62,6.04
2026-08-09 04:30:00,3,4.2,0.7205061043040002,3,39.0499874603199,1,4,0,7.57,8.88,4.62
2026-08-09 04:45:00,4,4.2,0.8393429937191035,5,95.0758112328326,0,4,0,5.93,7.57,8.88
2026-08-09 05:00:00,4,4.2,0.7188951230834468,5,33.68687734857296,0,5,0,7.4,5.93,7.57
2026-08-09 05:15:00,3,4.2,0.7199676446027938,2,29.05947613118559,0,5,0,6.67,7.4,5.93
2026-08-09 05:30:00,2,4.2,0.8972772794926414,6,65.61497726398436,0,5,0,6.81,6.67,7.4
2026-08-09 05:45:00,4,4.2,0.6192571343913413,1,88.94750586358639,1,5,0,6.72,6.81,6.67
2026-08-09 06:00:00,1,4.2,0.9611579980767949,3,58.168785415514094,0,6,0,4.04,6.72,6.81
2026-08-09 06:15:00,4,4.2,0.9409055497564726,7,99.56514053476198,0,6,0,7.31,4.04,6.72
2026-08-09 06:30:00,1,4.2,0.8671218732905626,4,74.33373596303943,0,6,0,4.59,7.31,4.04
2026-08-09 06:45:00,3,4.2,0.8372886280429537,2,25.925992576835817,1,6,0,6.77,4.59,7.31
2026-08-09 07:00:00,1,4.2,0.9569209992558609,3,99.42657053455802,0,7,0,4.76,6.77,4.59
2026-08-09 07:15:00,3,4.2,0.6741320718114857,3,52.63153894241523,0,7,0,5.8,4.76,6.77
2026-08-09 07:30:00,1,4.2,0.6315876648763314,6,42.992202707638604,0,7,0,8.34,5.8,4.76
2026-08-09 07:45:00,3,4.2,0.6958040679638152,4,64.63033468623084,0,7,0,6.62,8.34,5.8
2026-08-09 08:00:00,1,4.2,0.9178313114800761,3,44.34460734566915,0,8,1,7.72,6.62,8.34
2026-08-09 08:15:00,2,4.2,0.6138681066905933,6,26.916600569612186,0,8,1,13.59,7.72,6.62
2026-08-09 08:30:00,1,4.2,0.8331227340333959,1,20.11426744633414,0,8,1,7.8,13.59,7.72
2026-08-09 08:45:00,1,4.2,0.998175006476524,6,55.966668233620986,0,8,1,10.13,7.8,13.59
2026-08-09 09:00:00,2,4.2,0.9422784375350157,1,86.94907377812739,2,9,1,11.88,10.13,7.8
2026-08-09 09:15:00,4,4.2,0.8085782756174358,1,65.78521485040612,0,9,1,9.01,11.88,10.13
2026-08-09 09:30:00,4,4.2,0.625456363714657,7,99.93658391547527,0,9,1,13.38,9.01,11.88
2026-08-09 09:45:00,1,4.2,0.9325494057542839,7,42.947731651775996,0,9,1,10.54,13.38,9.01
2026-08-09 10:00:00,2,4.2,0.8395914032708842,3,42.43640518080443,0,10,0,5.32,10.54,13.38
2026-08-09 10:15:00,1,4.2,0.6459731988238268,6,32.77995681871553,0,10,0,6.37,5.32,10.54
2026-08-09 10:30:00,3,4.2,0.6375429139293425,7,33.125087061226814,0,10,0,8.69,6.37,5.32
2026-08-09 10:45:00,3,4.2,0.963850727774637,1,42.81492768080383,0,10,0,3.12,8.69,6.37
2026-08-09 11:00:00,1,4.2,0.8676801051752314,7,83.42720362188217,0,11,0,8.4,3.12,8.69
2026-08-09 11:15:00,4,4.2,0.9317147197267022,4,92.46054325091583,0,11,0,6.91,8.4,3.12
2026-08-09 11:30:00,4,4.2,0.9515915601129069,3,98.0069735766145,1,11,0,5.47,6.91,8.4
2026-08-09 11:45:00,1,4.2,0.8287089408193289,6,38.58317232771621,0,11,0,6.94,5.47,6.91
2026-08-09 12:00:00,1,4.2,0.8069785407020165,6,90.50380364912733,0,12,0,6.81,6.94,5.47
2026-08-09 12:15:00,3,4.2,0.772170964128396,5,46.26040714218696,0,12,0,6.98,6.81,6.94
2026-08-09 12:30:00,4,4.2,0.7267786351164477,6,29.02724356135075,0,12,0,7.67,6.98,6.81
2026-08-09 12:45:00,1,4.2,0.7738383843434847,3,89.60199404161325,0,12,0,4.79,7.67,6.98
2026-08-09 13:00:00,3,4.2,0.9095518622920625,4,70.88845077148949,0,13,0,4.79,4.79,7.67
2026-08-09 13:15:00,4,4.2,0.8407693724060527,6,33.17847168648494,0,13,0,5.82,4.79,4.79
2026-08-09 13:30:00,2,4.2,0.9570093159819384,5,54.386500601040204,0,13,0,6.7,5.82,4.79
2026-08-09 13:45:00,3,4.2,0.7773520057516751,3,42.980615590165414,0,13,0,5.58,6.7,5.82
2026-08-09 14:00:00,4,4.2,0.8428358314875016,1,78.94356549681575,2,14,0,9.35,5.58,6.7
2026-08-09 14:15:00,4,4.2,0.8525230212367955,2,56.27329844994144,0,14,0,3.77,9.35,5.58
2026-08-09 14:30:00,3,4.2,0.8366788649225302,2,99.1423956085108,0,14,0,3.5,3.77,9.35
2026-08-09 14:45:00,2,4.2,0.8810535092342064,1,24.37959858076761,1,14,0,4.68,3.5,3.77
2026-08-09 15:00:00,3,4.2,0.6949733873499225,7,48.401221290899734,0,15,0,8.65,4.68,3.5
2026-08-09 15:15:00,4,4.2,0.8049455110183162,6,58.55201336879819,0,15,0,6.06,8.65,4.68
2026-08-09 15:30:00,1,4.2,0.641689921123339,2,60.25068437986558,0,15,0,6.88,6.06,8.65
2026-08-09 15:45:00,1,4.2,0.753804531057925,7,45.27486579085094,0,15,0,6.72,6.88,6.06
2026-08-09 16:00:00,3,4.2,0.7950668274485058,2,78.33921992780544,0,16,0,4.62,6.72,6.88
2026-08-09 16:15:00,4,4.2,0.860889703818189,1,89.97976587911798,1,16,0,7.41,4.62,6.72
2026-08-09 16:30:00,1,4.2,0.9802124210344814,6,95.09754415822904,0,16,0,6.91,7.41,4.62
2026-08-09 16:45:00,4,4.2,0.8402604266193423,6,84.4074701439621,0,16,0,7.11,6.91,7.41
2026-08-09 17:00:00,3,4.2,0.8974375664706239,7,88.04641578452795,1,17,0,8.91,7.11,6.91
2026-08-09 17:15:00,1,4.2,0.8025064237980811,1,64.04362404959964,1,17,0,4.73,8.91,7.11
2026-08-09 17:30:00,4,4.2,0.8536416125505325,7,86.07105811414516,0,17,0,8.35,4.73,8.91
2026-08-09 17:45:00,1,4.2,0.6283728864535093,6,44.280312731836176,0,17,0,9.4,8.35,4.73
2026-08-09 18:00:00,3,4.2,0.7017566323367388,6,51.87830096873715,0,18,1,12.12,9.4,8.35
2026-08-09 18:15:00,4,4.2,0.7447412372820554,3,45.35304110548354,0,18,1,9.13,12.12,9.4
2026-08-09 18:30:00,1,4.2,0.7889973420026054,7,57.390986835834035,0,18,1,10.41,9.13,12.12
2026-08-09 18:45:00,3,4.2,0.6182594982009535,3,42.84636929909091,0,18,1,9.86,10.41,9.13
2026-08-09 19:00:00,1,4.2,0.656009639021327,1,96.92891538035575,2,19,1,14.15,9.86,10.41
2026-08-09 19:15:00,1,4.2,0.7107257231165223,4,45.02757024045345,0,19,1,12.72,14.15,9.86
2026-08-09 19:30:00,2,4.2,0.9886130763604203,2,27.843563048875186,0,19,1,9.14,12.72,14.15
2026-08-09 19:45:00,2,4.2,0.7325388028412203,3,62.14537328403307,0,19,1,10.63,9.14,12.72
2026-08-09 20:00:00,3,4.2,0.792816423244833,2,24.56792627561411,0,20,0,3.95,10.63,9.14
2026-08-09 20:15:00,2,4.2,0.6784390850953572,5,28.84345330468644,0,20,0,6.38,3.95,10.63
2026-08-09 20:30:00,3,4.2,0.8443120284303073,1,37.551151135699705,0,20,0,4.83,6.38,3.95
2026-08-09 20:45:00,2,4.2,0.7122732862063897,4,57.148019990571335,1,20,0,8.82,4.83,6.38
2026-08-09 21:00:00,1,4.2,0.6827970313753707,5,54.66007458472223,0,21,0,4.84,8.82,4.83
2026-08-09 21:15:00,3,4.2,0.8066290513783916,5,83.9753489602233,0,21,0,5.72,4.84,8.82
2026-08-09 21:30:00,3,4.2,0.6022023196641683,6,79.15797231072906,0,21,0,7.15,5.72,4.84
2026-08-09 21:45:00,1,4.2,0.6030656130596901,5,54.105463519256105,0,21,0,6.76,7.15,5.72
2026-08-09 22:00:00,3,4.2,0.6876275236407431,1,46.696336606050394,0,22,0,4.69,6.76,7.15
2026-08-09 22:15:00,3,4.2,0.6146885450003284,3,45.31750272491989,1,22,0,8.25,4.69,6.76
2026-08-09 22:30:00,2,4.2,0.6432103016522766,1,81.91960698352072,2,22,0,9.25,8.25,4.69
2026-08-09 22:45:00,3,4.2,0.7355442597355006,3,24.16579249770158,0,22,0,6.62,9.25,8.25
2026-08-09 23:00:00,4,4.2,0.9210342718319251,5,21.025731960848468,0,23,0,5.18,6.62,9.25
2026-08-09 23:15:00,1,4.2,0.8288194573477203,5,83.64355135413184,1,23,0,10.65,5.18,6.62
2026-08-09 23:30:00,2,4.2,0.8050670903825665,4,58.17171007912394,0,23,0,5.03,10.65,5.18
2026-08-09 23:45:00,2,4.2,0.7173955292832487,3,30.470491084286078,0,23,0,5.48,5.03,10.65
2026-08-10 00:00:00,4,4.2,0.9727014877731266,5,38.8452747675601,0,0,0,5.36,5.48,5.03
2026-08-10 00:15:00,1,4.2,0.7588060164948767,6,94.6003162477906,1,0,0,9.93,5.36,5.48
2026-08-10 00:30:00,1,4.2,0.6348371067183086,2,88.76023804999184,0,0,0,5.51,9.93,5.36
2026-08-10 00:45:00,2,4.2,0.8468266064471205,4,76.78280401791781,1,0,0,8.44,5.51,9.93
2026-08-10 01:00:00,3,4.2,0.6455353573906405,1,58.57801842698613,1,1,0,6.06,8.44,5.51
2026-08-10 01:15:00,2,4.2,0.7380892571206769,4,61.62589009531086,0,1,0,4.88,6.06,8.44
2026-08-10 01:30:00,1,4.2,0.8029647754871235,2,98.0195628227167,1,1,0,9.31,4.88,6.06
2026-08-10 01:45:00,4,4.2,0.9496890098740703,3,97.26163551074296,1,1,0,6.36,9.31,4.88
2026-08-10 02:00:00,2,4.2,0.7974186321360475,1,37.221523662866744,0,2,0,4.33,6.36,9.31
2026-08-10 02:15:00,1,4.2,0.8809035064126657,1,84.88836530442545,0,2,0,1.65,4.33,6.36
2026-08-10 02:30:00,2,4.2,0.9971267355996282,3,35.779413293361344,0,2,0,3.85,1.65,4.33
2026-08-10 02:45:00,3,4.2,0.6525956479591927,7,37.082998230716115,0,2,0,8.36,3.85,1.65
2026-08-10 03:00:00,2,4.2,0.7098926102078078,7,74.08744273316614,0,3,0,8.7,8.36,3.85
2026-08-10 03:15:00,2,4.2,0.7578304302390586,4,52.40008788700387,0,3,0,3.19,8.7,8.36
2026-08-10 03:30:00,1,4.2,0.7687312714155325,5,94.52355256852161,0,3,0,6.73,3.19,8.7
2026-08-10 03:45:00,1,4.2,0.7644084301062183,7,27.120778791680706,1,3,0,9.33,6.73,3.19
2026-08-10 04:00:00,1,4.2,0.963044401022622,4,60.922051264759446,0,4,0,5.31,9.33,6.73
2026-08-10 04:15:00,2,4.2,0.8856130577867425,7,93.4817224354497,0,4,0,6.4,5.31,9.33
2026-08-10 04:30:00,3,4.2,0.8431620856362815,2,92.32909283836041,0,4,0,3.27,6.4,5.31
2026-08-10 04:45:00,4,4.2,0.7237490871451129,6,32.522337073259294,0,4,0,7.19,3.27,6.4
2026-08-10 05:00:00,4,4.2,0.9295161536885179,5,49.331016007716514,0,5,0,4.78,7.19,3.27
2026-08-10 05:15:00,1,4.2,0.9820242045939955,4,69.5297120037357,0,5,0,4.43,4.78,7.19
2026-08-10 05:30:00,1,4.2,0.9284793130200906,6,32.751590781712174,0,5,0,5.35,4.43,4.78
2026-08-10 05:45:00,2,4.2,0.6006260420765891,6,97.4417737636591,1,5,0,8.68,5.35,4.43
2026-08-10 06:00:00,4,4.2,0.8545605480733628,7,93.17994629821283,1,6,0,11.09,8.68,5.35
2026-08-10 06:15:00,1,4.2,0.6204541525768402,3,33.35601432275753,0,6,0,4.53,11.09,8.68
2026-08-10 06:30:00,3,4.2,0.7030428881334887,2,29.692436900878832,1,6,0,7.08,4.53,11.09
2026-08-10 06:45:00,3,4.2,0.6238098801391087,2,26.832678624661224,1,6,0,8.37,7.08,4.53
2026-08-10 07:00:00,1,4.2,0.8415181811797551,2,92.75549312293049,0,7,0,3.52,8.37,7.08
2026-08-10 07:15:00,1,4.2,0.8746359653970427,5,35.48990478363686,2,7,0,10.26,3.52,8.37
2026-08-10 07:30:00,4,4.2,0.645795055226362,1,53.30279428354838,1,7,0,7.04,10.26,3.52
2026-08-10 07:45:00,4,4.2,0.7535355532179918,5,55.908109252160244,0,7,0,7.75,7.04,10.26
2026-08-10 08:00:00,2,4.2,0.7824946035822168,4,67.9208835370854,0,8,1,9.63,7.75,7.04
2026-08-10 08:15:00,4,4.2,0.7476212087043667,6,25.738827499794,0,8,1,12.21,9.63,7.75
2026-08-10 08:30:00,3,4.2,0.6484100001940772,6,38.140689392041274,0,8,1,11.07,12.21,9.63
2026-08-10 08:45:00,3,4.2,0.7675791160749902,1,94.51923095351408,1,8,1,10.87,11.07,12.21
2026-08-10 09:00:00,1,4.2,0.9004712191233673,4,92.67280858148555,0,9,1,10.3,10.87,11.07
2026-08-10 09:15:00,4,4.2,0.6284030658133022,1,82.50325179245537,1,9,1,11.04,10.3,10.87
2026-08-10 09:30:00,2,4.2,0.6320720056327613,6,21.552099649457233,1,9,1,14.92,11.04,10.3
2026-08-10 09:45:00,3,4.2,0.7419085167343937,7,46.16054147968817,0,9,1,11.67,14.92,11.04
2026-08-10 10:00:00,3,4.2,0.97669028464757,5,70.23669882743263,0,10,0,5.7,11.67,14.92
2026-08-10 10:15:00,2,4.2,0.8674290586891655,2,42.01521694187805,0,10,0,5.07,5.7,11.67
2026-08-10 10:30:00,2,4.2,0.8714679826690259,6,92.76693560430219,0,10,0,5.7,5.07,5.7
2026-08-10 10:45:00,3,4.2,0.744767996335146,3,70.71115694659535,0,10,0,4.65,5.7,5.07
2026-08-10 11:00:00,3,4.2,0.8374643164834153,2,25.752537385315648,0,11,0,4.65,4.65,5.7
2026-08-10 11:15:00,2,4.2,0.6040524736110974,6,92.72044710685624,0,11,0,9.21,4.65,4.65
2026-08-10 11:30:00,3,4.2,0.8544384185638169,5,96.6213326540978,1,11,0,7.18,9.21,4.65
2026-08-10 11:45:00,1,4.2,0.9653147790304947,1,26.21699347133804,0,11,0,2.71,7.18,9.21
2026-08-10 12:00:00,1,4.2,0.8450293873379277,7,62.58881878890519,0,12,0,7.9,2.71,7.18
2026-08-10 12:15:00,2,4.2,0.9494794373865381,7,44.269142577133636,0,12,0,7.05,7.9,2.71
2026-08-10 12:30:00,4,4.2,0.8895892221864374,2,51.42712611851219,1,12,0,3.94,7.05,7.9
2026-08-10 12:45:00,2,4.2,0.648223366561476,5,34.37209743642735,0,12,0,7.6,3.94,7.05
2026-08-10 13:00:00,2,4.2,0.9609813229143367,7,66.24576816099301,0,13,0,8.61,7.6,3.94
2026-08-10 13:15:00,4,4.2,0.62657753774231,7,96.63834825991125,2,13,0,13.72,8.61,7.6
2026-08-10 13:30:00,4,4.2,0.8135869890191055,4,60.24580802172872,0,13,0,4.63,13.72,8.61
2026-08-10 13:45:00,4,4.2,0.656854849517383,3,26.633166511558493,0,13,0,5.15,4.63,13.72
2026-08-10 14:00:00,1,4.2,0.6046826442923616,2,69.60010667819267,0,14,0,6.97,5.15,4.63
2026-08-10 14:15:00,3,4.2,0.7688137040510556,1,47.217839556100564,1,14,0,7.17,6.97,5.15
2026-08-10 14:30:00,1,4.2,0.7180162830616625,7,88.47401516730383,0,14,0,8.83,7.17,6.97
2026-08-10 14:45:00,3,4.2,0.7944001975190412,4,54.774251865317616,0,14,0,6.1,8.83,7.17
2026-08-10 15:00:00,1,4.2,0.8308799546938204,5,35.42716871537965,0,15,0,5.62,6.1,8.83
2026-08-10 15:15:00,3,4.2,0.6174956289235789,7,35.2884498152916,2,15,0,13.44,5.62,6.1
2026-08-10 15:30:00,1,4.2,0.6492013180494982,3,81.50113445769283,0,15,0,5.62,13.44,5.62
2026-08-10 15:45:00,4,4.2,0.8234569585801701,1,41.247007864588795,0,15,0,4.06,5.62,13.44
2026-08-10 16:00:00,2,4.2,0.7372669412690633,5,81.37867153273784,2,16,0,13.21,4.06,5.62
2026-08-10 16:15:00,1,4.2,0.8916693950197792,5,36.47098486132795,0,16,0,7.13,13.21,4.06
2026-08-10 16:30:00,3,4.2,0.8609166594367759,2,45.73490949610475,2,16,0,7.63,7.13,13.21
2026-08-10 16:45:00,4,4.2,0.9382417451959627,7,57.23895779517595,2,16,0,12.42,7.63,7.13
2026-08-10 17:00:00,1,4.2,0.87699713066769,2,95.45566797547606,1,17,0,7.21,12.42,7.63
2026-08-10 17:15:00,1,4.2,0.7719724309560593,1,94.53851398030596,0,17,0,4.36,7.21,12.42
2026-08-10 17:30:00,4,4.2,0.8691866489577729,7,36.54975003378303,0,17,0,6.88,4.36,7.21
2026-08-10 17:45:00,1,4.2,0.7101524697021674,6,48.65752329944583,1,17,0,12.94,6.88,4.36
2026-08-10 18:00:00,2,4.2,0.722525399511285,7,31.951951076301786,2,18,1,16.89,12.94,6.88
2026-08-10 18:15:00,1,4.2,0.9155940639683173,6,60.79880634507977,0,18,1,10.52,16.89,12.94
2026-08-10 18:30:00,2,4.2,0.7785678065606328,5,56.84660405557332,1,18,1,14.25,10.52,16.89
2026-08-10 18:45:00,2,4.2,0.919352136207341,2,92.06081299605859,0,18,1,10.9,14.25,10.52
2026-08-10 19:00:00,4,4.2,0.9289689494673113,3,94.40043022328581,0,19,1,8.6,10.9,14.25
2026-08-10 19:15:00,1,4.2,0.9430249350645135,7,50.68539128058337,0,19,1,11.91,8.6,10.9
2026-08-10 19:30:00,4,4.2,0.966654094336483,3,59.33903544151916,1,19,1,12.85,11.91,8.6
2026-08-10 19:45:00,1,4.2,0.7723940882053185,7,91.69889993169065,0,19,1,12.93,12.85,11.91
2026-08-10 20:00:00,1,4.2,0.7275467273284555,5,84.53662461960492,0,20,0,6.41,12.93,12.85
2026-08-10 20:15:00,3,4.2,0.8328794986376455,2,20.292504907571942,2,20,0,9.74,6.41,12.93
2026-08-10 20:30:00,1,4.2,0.748468969375051,1,45.6047651346866,0,20,0,4.12,9.74,6.41
2026-08-10 20:45:00,4,4.2,0.8404296667200932,1,53.74193935489007,0,20,0,4.47,4.12,9.74
2026-08-10 21:00:00,2,4.2,0.8822343450575298,1,38.37730269465854,0,21,0,4.54,4.47,4.12
2026-08-10 21:15:00,1,4.2,0.8753620073968547,7,35.9657292716751,0,21,0,7.79,4.54,4.47
2026-08-10 21:30:00,3,4.2,0.7498211548080486,7,23.022760527654373,0,21,0,8.34,7.79,4.54
2026-08-10 21:45:00,4,4.2,0.6667440806795011,3,71.46957800558084,2,21,0,10.83,8.34,7.79
2026-08-10 22:00:00,1,4.2,0.772211735384883,2,41.000823238653254,0,22,0,4.93,10.83,8.34
2026-08-10 22:15:00,4,4.2,0.6570376576327634,7,24.187774274505045,1,22,0,11.02,4.93,10.83
2026-08-10 22:30:00,3,4.2,0.9560388140735233,2,38.47834484224509,0,22,0,3.62,11.02,4.93
2026-08-10 22:45:00,3,4.2,0.738350984295143,3,84.15311622689012,0,22,0,6.49,3.62,11.02
2026-08-10 23:00:00,4,4.2,0.6617838988893295,7,88.11913453172373,0,23,0,9.96,6.49,3.62
2026-08-10 23:15:00,1,4.2,0.6101791039623004,1,58.64529961546421,0,23,0,2.97,9.96,6.49
2026-08-10 23:30:00,2,4.2,0.8583289545145937,1,53.285653632694896,0,23,0,3.37,2.97,9.96
2026-08-10 23:45:00,3,4.2,0.8547609269818972,5,98.22829548014253,0,23,0,5.48,3.37,2.97
2026-08-11 00:00:00,1,4.2,0.7362416666325167,6,36.04517276704559,0,0,0,7.1,5.48,3.37
2026-08-11 00:15:00,1,4.2,0.6286847555390603,4,37.22874262836868,0,0,0,6.89,7.1,5.48
2026-08-11 00:30:00,2,4.2,0.7638515579580928,6,43.34937416291198,0,0,0,7.95,6.89,7.1
2026-08-11 00:45:00,3,4.2,0.7244869980253574,7,33.82058546248699,0,0,0,8.05,7.95,6.89
2026-08-11 01:00:00,3,4.2,0.8708482558940037,2,50.34924785633493,2,1,0,7.09,8.05,7.95
2026-08-11 01:15:00,1,4.2,0.8423116997810761,7,92.8667381591803,0,1,0,6.66,7.09,8.05
2026-08-11 01:30:00,1,4.2,0.745837491279016,2,69.22782725028594,0,1,0,5.46,6.66,7.09
2026-08-11 01:45:00,2,4.2,0.687157021701996,2,52.95572388898109,2,1,0,7.09,5.46,6.66
2026-08-11 02:00:00,2,4.2,0.9952143864622367,6,94.75286356569718,1,2,0,9.93,7.09,5.46
2026-08-11 02:15:00,3,4.2,0.7816006484784459,4,23.877138598065784,0,2,0,6.32,9.93,7.09
2026-08-11 02:30:00,4,4.2,0.8753096943120948,5,36.82209423214891,0,2,0,7.4,6.32,9.93
2026-08-11 02:45:00,3,4.2,0.6562211870313442,6,65.27108840814071,0,2,0,7.57,7.4,6.32
2026-08-11 03:00:00,1,4.2,0.7942358798637591,4,69.24420985545433,0,3,0,3.68,7.57,7.4
2026-08-11 03:15:00,3,4.2,0.6110146879477861,1,23.16460052500905,1,3,0,7.4,3.68,7.57
2026-08-11 03:30:00,4,4.2,0.80218204716418,1,52.243100632570574,1,3,0,7.38,7.4,3.68
2026-08-11 03:45:00,2,4.2,0.9856069628470809,2,71.93231718646982,0,3,0,4.41,7.38,7.4
2026-08-11 04:00:00,4,4.2,0.7536826851943201,3,75.84564371227214,2,4,0,9.57,4.41,7.38
2026-08-11 04:15:00,4,4.2,0.6155984050299647,7,71.05119220130155,0,4,0,8.74,9.57,4.41
2026-08-11 04:30:00,4,4.2,0.6123823163677374,7,45.64505794887396,0,4,0,8.13,8.74,9.57
2026-08-11 04:45:00,2,4.2,0.7551947039787478,2,27.48160988783276,1,4,0,6.2,8.13,8.74
2026-08-11 05:00:00,4,4.2,0.6640099745852776,3,54.16899571354673,0,5,0,6.59,6.2,8.13
2026-08-11 05:15:00,4,4.2,0.6093408385312743,4,30.300354989444436,1,5,0,7.88,6.59,6.2
2026-08-11 05:30:00,4,4.2,0.9024854455800707,1,95.80989268165337,2,5,0,7.26,7.88,6.59
2026-08-11 05:45:00,1,4.2,0.7834092035527562,7,58.01366928181026,0,5,0,6.79,7.26,7.88
2026-08-11 06:00:00,4,4.2,0.7156979087890618,6,45.380733948549405,0,6,0,6.01,6.79,7.26
2026-08-11 06:15:00,2,4.2,0.9600332732065923,3,81.30432568951201,0,6,0,4.45,6.01,6.79
2026-08-11 06:30:00,4,4.2,0.6464555840802102,4,59.83588740658111,0,6,0,7.57,4.45,6.01
2026-08-11 06:45:00,4,4.2,0.9823675315821276,1,44.80272192099601,0,6,0,2.61,7.57,4.45
2026-08-11 07:00:00,2,4.2,0.7255866869509411,6,84.95741939126414,0,7,0,5.95,2.61,7.57
2026-08-11 07:15:00,4,4.2,0.9553614689234725,3,89.37217208008975,1,7,0,7.66,5.95,2.61
2026-08-11 07:30:00,2,4.2,0.8411771505917847,2,73.84065330309416,0,7,0,5.82,7.66,5.95
2026-08-11 07:45:00,4,4.2,0.930682943896595,2,23.757153792613384,0,7,0,3.09,5.82,7.66
2026-08-11 08:00:00,2,4.2,0.9936052652841857,2,65.30583041332257,0,8,1,7.97,3.09,5.82
2026-08-11 08:15:00,4,4.2,0.7153621751274983,7,81.06359295978253,1,8,1,16.22,7.97,3.09
2026-08-11 08:30:00,4,4.2,0.9844541941630371,4,30.920240966686574,0,8,1,11.51,16.22,7.97
2026-08-11 08:45:00,1,4.2,0.7557927579609681,2,38.29366011076827,0,8,1,9.0,11.51,16.22
2026-08-11 09:00:00,1,4.2,0.7542047618947689,7,90.59960840545091,1,9,1,14.19,9.0,11.51
2026-08-11 09:15:00,4,4.2,0.7361548417018022,5,21.609737748245923,0,9,1,12.34,14.19,9.0
2026-08-11 09:30:00,4,4.2,0.816563042939034,7,80.21817102607808,0,9,1,13.54,12.34,14.19
2026-08-11 09:45:00,3,4.2,0.6616580172713948,1,57.90186340115383,1,9,1,11.75,13.54,12.34
2026-08-11 10:00:00,2,4.2,0.8214845941432045,7,55.74177270716855,0,10,0,7.17,11.75,13.54
2026-08-11 10:15:00,3,4.2,0.8166819249640016,4,20.567722599590972,2,10,0,11.64,7.17,11.75
2026-08-11 10:30:00,1,4.2,0.904760725041948,6,85.55185847731943,0,10,0,7.18,11.64,7.17
2026-08-11 10:45:00,1,4.2,0.9334599847750342,7,48.785992050925316,0,10,0,6.45,7.18,11.64
2026-08-11 11:00:00,1,4.2,0.7761765401249696,2,63.26125050404343,1,11,0,6.98,6.45,7.18
2026-08-11 11:15:00,1,4.2,0.7209332997405975,1,74.18405490685275,0,11,0,2.62,6.98,6.45
2026-08-11 11:30:00,4,4.2,0.7037339589268378,3,76.21036611503327,1,11,0,8.64,2.62,6.98
2026-08-11 11:45:00,1,4.2,0.6778495346819488,2,96.47840470608578,1,11,0,7.11,8.64,2.62
2026-08-11 12:00:00,4,4.2,0.62305903287961,1,62.50719625892873,1,12,0,6.48,7.11,8.64
2026-08-11 12:15:00,4,4.2,0.7369791915338854,5,51.977564077954206,2,12,0,11.67,6.48,7.11
2026-08-11 12:30:00,1,4.2,0.7080990768523133,3,96.29629011933663,0,12,0,5.47,11.67,6.48
2026-08-11 12:45:00,1,4.2,0.9865669543465629,5,71.36881880204169,1,12,0,8.98,5.47,11.67
2026-08-11 13:00:00,2,4.2,0.8230835305000176,6,43.85202850212445,0,13,0,7.61,8.98,5.47
2026-08-11 13:15:00,3,4.2,0.7389108156122031,1,30.117139632285692,0,13,0,3.74,7.61,8.98
2026-08-11 13:30:00,1,4.2,0.8321870403974784,5,87.40436011721451,1,13,0,9.54,3.74,7.61
2026-08-11 13:45:00,2,4.2,0.6556786805382782,6,48.974528223532126,0,13,0,8.17,9.54,3.74
2026-08-11 14:00:00,2,4.2,0.7776174996808811,1,72.83757770915449,0,14,0,3.29,8.17,9.54
2026-08-11 14:15:00,3,4.2,0.8504937285684255,1,57.66531354927185,0,14,0,3.27,3.29,8.17
2026-08-11 14:30:00,4,4.2,0.7955591327169805,5,35.91438238360307,0,14,0,6.29,3.27,3.29
2026-08-11 14:45:00,1,4.2,0.7607115202617297,1,68.1349286896372,2,14,0,9.3,6.29,3.27
2026-08-11 15:00:00,3,4.2,0.9975393555598793,2,24.854645516054585,0,15,0,3.06,9.3,6.29
2026-08-11 15:15:00,1,4.2,0.9521259048595708,1,53.06739678969538,0,15,0,2.55,3.06,9.3
2026-08-11 15:30:00,2,4.2,0.849362383263776,4,63.729195173093686,1,15,0,9.97,2.55,3.06
2026-08-11 15:45:00,2,4.2,0.8277509444729131,6,54.88375792948632,0,15,0,7.93,9.97,2.55
2026-08-11 16:00:00,4,4.2,0.8482641919298336,1,79.89377402007926,0,16,0,2.64,7.93,9.97
2026-08-11 16:15:00,2,4.2,0.6805248431289733,4,86.233996363625,0,16,0,6.83,2.64,7.93
2026-08-11 16:30:00,2,4.2,0.7580550973057274,1,81.69944592265423,0,16,0,3.93,6.83,2.64
2026-08-11 16:45:00,3,4.2,0.6157838131563597,1,23.105035824944167,0,16,0,4.84,3.93,6.83
2026-08-11 17:00:00,1,4.2,0.7902184149947307,5,35.53030163567777,1,17,0,9.1,4.84,3.93
2026-08-11 17:15:00,1,4.2,0.8172098335830653,2,62.928600741101945,0,17,0,5.43,9.1,4.84
2026-08-11 17:30:00,3,4.2,0.6910998944412838,6,94.7857632355041,2,17,0,12.96,5.43,9.1
2026-08-11 17:45:00,4,4.2,0.9856115388662054,2,86.79654200416935,1,17,0,5.92,12.96,5.43
2026-08-11 18:00:00,1,4.2,0.9637818443748968,3,87.40276066814414,0,18,1,10.33,5.92,12.96
2026-08-11 18:15:00,2,4.2,0.8888572941823623,5,44.25665550077399,0,18,1,11.25,10.33,5.92
2026-08-11 18:30:00,1,4.2,0.813354651506145,5,54.355831766296205,0,18,1,11.48,11.25,10.33
2026-08-11 18:45:00,2,4.2,0.947987663859074,2,57.65647578527499,0,18,1,8.97,11.48,11.25
2026-08-11 19:00:00,4,4.2,0.6522609375293852,7,32.589726667992835,2,19,1,18.39,8.97,11.48
2026-08-11 19:15:00,3,4.2,0.916203917709954,5,22.485450419556507,0,19,1,10.91,18.39,8.97
2026-08-11 19:30:00,1,4.2,0.6499283255867393,2,95.75223195684134,0,19,1,9.41,10.91,18.39
2026-08-11 19:45:00,3,4.2,0.9176842650197622,5,39.25700685308054,0,19,1,10.14,9.41,10.91
2026-08-11 20:00:00,1,4.2,0.7103070273005427,1,39.1959122978905,0,20,0,3.03,10.14,9.41
2026-08-11 20:15:00,2,4.2,0.9508362324072756,2,26.670324301500763,0,20,0,2.25,3.03,10.14
2026-08-11 20:30:00,3,4.2,0.9776168375301592,2,94.28062015550228,0,20,0,2.64,2.25,3.03
2026-08-11 20:45:00,1,4.2,0.6595183877620462,4,66.37896919518175,0,20,0,6.18,2.64,2.25
2026-08-11 21:00:00,2,4.2,0.7850702420261574,5,73.36294857002831,0,21,0,6.59,6.18,2.64
2026-08-11 21:15:00,3,4.2,0.992394951265074,5,92.9261509810442,0,21,0,5.28,6.59,6.18
2026-08-11 21:30:00,3,4.2,0.7933629743892586,2,47.64961351206316,1,21,0,4.49,5.28,6.59
2026-08-11 21:45:00,1,4.2,0.9454190090058181,1,69.72058489104673,0,21,0,4.54,4.49,5.28
2026-08-11 22:00:00,1,4.2,0.835492608852528,1,23.103956378310997,0,22,0,4.55,4.54,4.49
2026-08-11 22:15:00,1,4.2,0.7501319631678407,6,34.94180225849035,0,22,0,7.79,4.55,4.54
2026-08-11 22:30:00,2,4.2,0.7143134222103481,1,86.4996644071954,0,22,0,5.91,7.79,4.55
2026-08-11 22:45:00,1,4.2,0.681289236434435,5,81.34146850706685,2,22,0,10.98,5.91,7.79
2026-08-11 23:00:00,3,4.2,0.9047192765510789,7,48.05141531657175,0,23,0,9.24,10.98,5.91
2026-08-11 23:15:00,3,4.2,0.7546162027292111,4,50.144850221937,0,23,0,4.96,9.24,10.98
2026-08-11 23:30:00,1,4.2,0.8045101848803005,2,62.684354684286355,1,23,0,7.04,4.96,9.24
2026-08-11 23:45:00,1,4.2,0.7969301920004728,3,20.019280374810762,1,23,0,6.26,7.04,4.96
2026-08-12 00:00:00,4,4.2,0.8309116116932524,4,39.299546883042225,0,0,0,5.6,6.26,7.04
2026-08-12 00:15:00,3,4.2,0.9462308582498209,7,36.65854468865716,0,0,0,7.55,5.6,6.26
2026-08-12 00:30:00,2,4.2,0.9922957374333717,3,40.038635739981075,1,0,0,6.5,7.55,5.6
2026-08-12 00:45:00,4,4.2,0.7630336834295268,4,84.4724674026753,0,0,0,6.6,6.5,7.55
2026-08-12 01:00:00,1,4.2,0.9310075688425212,1,42.37390852371546,1,1,0,5.63,6.6,6.5
2026-08-12 01:15:00,1,4.2,0.9058111178618871,5,35.32170576401185,1,1,0,7.92,5.63,6.6
2026-08-12 01:30:00,3,4.2,0.8294115805822293,7,60.341076863442524,1,1,0,9.62,7.92,5.63
2026-08-12 01:45:00,1,4.2,0.9824188574447732,3,89.25160290981856,0,1,0,5.01,9.62,7.92
2026-08-12 02:00:00,2,4.2,0.6801898062113612,7,39.30797630699999,1,2,0,10.21,5.01,9.62
2026-08-12 02:15:00,3,4.2,0.6437056841238485,4,26.282899423423896,0,2,0,7.34,10.21,5.01
2026-08-12 02:30:00,1,4.2,0.9415847867821688,5,48.512378867973176,1,2,0,9.51,7.34,10.21
2026-08-12 02:45:00,3,4.2,0.7756599266534994,7,79.81214596519823,0,2,0,6.26,9.51,7.34
2026-08-12 03:00:00,1,4.2,0.9387875416828242,3,64.05524357558357,0,3,0,5.53,6.26,9.51
2026-08-12 03:15:00,1,4.2,0.957236082078166,2,85.3434695659478,0,3,0,5.67,5.53,6.26
2026-08-12 03:30:00,1,4.2,0.6249830374476285,4,96.76737180873872,0,3,0,6.76,5.67,5.53
2026-08-12 03:45:00,2,4.2,0.9533859051944242,2,83.41299814012936,0,3,0,4.23,6.76,5.67
2026-08-12 04:00:00,2,4.2,0.7793276221477689,1,68.30424630750028,2,4,0,9.75,4.23,6.76
2026-08-12 04:15:00,3,4.2,0.8041729956016929,2,59.46732704419044,0,4,0,4.03,9.75,4.23
2026-08-12 04:30:00,1,4.2,0.8506370044372841,2,23.205526907861334,1,4,0,6.77,4.03,9.75
2026-08-12 04:45:00,1,4.2,0.9705530426920347,6,98.7457583051233,0,4,0,5.04,6.77,4.03
2026-08-12 05:00:00,2,4.2,0.6076464377719056,4,50.6784898060034,0,5,0,6.72,5.04,6.77
2026-08-12 05:15:00,1,4.2,0.7907373873271268,1,32.178257113349346,0,5,0,4.16,6.72,5.04
2026-08-12 05:30:00,2,4.2,0.8750888169722242,2,73.33670843171654,0,5,0,4.5,4.16,6.72
2026-08-12 05:45:00,1,4.2,0.8890827830792913,5,42.743063127636745,2,5,0,12.08,4.5,4.16
2026-08-12 06:00:00,3,4.2,0.8770129726148432,3,66.86226167448382,0,6,0,3.9,12.08,4.5
2026-08-12 06:15:00,1,4.2,0.6537740517632488,2,66.9414326275673,0,6,0,4.45,3.9,12.08
2026-08-12 06:30:00,1,4.2,0.7197582353486724,1,55.658385672229535,0,6,0,5.88,4.45,3.9
2026-08-12 06:45:00,4,4.2,0.7434862101668054,2,86.8894892436034,2,6,0,9.42,5.88,4.45
2026-08-12 07:00:00,2,4.2,0.921774883071802,3,41.19736492443544,0,7,0,4.67,9.42,5.88
2026-08-12 07:15:00,1,4.2,0.7115039489658213,1,55.890607329418735,0,7,0,3.95,4.67,9.42
2026-08-12 07:30:00,1,4.2,0.6842819855468812,4,63.01537028727772,0,7,0,5.42,3.95,4.67
2026-08-12 07:45:00,4,4.2,0.9829792076152385,1,73.08997766138397,0,7,0,4.42,5.42,3.95
2026-08-12 08:00:00,4,4.2,0.6035453140453876,4,82.71774804044716,0,8,1,11.08,4.42,5.42
2026-08-12 08:15:00,2,4.2,0.9991283422727912,1,51.584582630260485,1,8,1,9.1,11.08,4.42
2026-08-12 08:30:00,4,4.2,0.8707285195429582,7,71.68375552772768,0,8,1,12.05,9.1,11.08
2026-08-12 08:45:00,3,4.2,0.9313877197796468,3,32.04887624548153,0,8,1,7.43,12.05,9.1
2026-08-12 09:00:00,4,4.2,0.7178477585384773,3,94.61184804339828,0,9,1,9.74,7.43,12.05
2026-08-12 09:15:00,3,4.2,0.605726111066824,1,50.64470451368028,0,9,1,8.53,9.74,7.43
2026-08-12 09:30:00,2,4.2,0.895147807424612,7,78.36171375811507,0,9,1,13.01,8.53,9.74
2026-08-12 09:45:00,2,4.2,0.9336578388002703,2,21.627286550574212,2,9,1,13.05,13.01,8.53
2026-08-12 10:00:00,2,4.2,0.8961904527814076,3,36.41497143238456,1,10,0,7.97,13.05,13.01
2026-08-12 10:15:00,2,4.2,0.6571401149203354,4,58.966603545886244,1,10,0,10.26,7.97,13.05
2026-08-12 10:30:00,2,4.2,0.9013711689027877,4,90.26019741858772,1,10,0,8.55,10.26,7.97
2026-08-12 10:45:00,3,4.2,0.9075691128430564,5,62.18041199605417,0,10,0,5.72,8.55,10.26
2026-08-12 11:00:00,3,4.2,0.863416206268022,6,94.38963858351032,0,11,0,6.98,5.72,8.55
2026-08-12 11:15:00,2,4.2,0.9064463731182345,7,58.70375172662371,0,11,0,5.82,6.98,5.72
2026-08-12 11:30:00,4,4.2,0.9383685758710929,6,59.23592773887599,0,11,0,6.36,5.82,6.98
2026-08-12 11:45:00,1,4.2,0.8454416456949834,6,29.57974308004255,0,11,0,6.06,6.36,5.82
2026-08-12 12:00:00,2,4.2,0.6354418855878716,4,84.21249953217759,0,12,0,7.15,6.06,6.36
2026-08-12 12:15:00,4,4.2,0.7950511238668844,5,39.757232997365,0,12,0,9.02,7.15,6.06
2026-08-12 12:30:00,1,4.2,0.631059733868642,6,91.9689991497852,1,12,0,10.88,9.02,7.15
2026-08-12 12:45:00,2,4.2,0.7630172124129724,6,92.86593762643169,1,12,0,7.8,10.88,9.02
2026-08-12 13:00:00,2,4.2,0.762842595650251,1,95.46480894993198,2,13,0,8.43,7.8,10.88
2026-08-12 13:15:00,3,4.2,0.6264039376560966,1,61.6184391282472,0,13,0,4.52,8.43,7.8
2026-08-12 13:30:00,1,4.2,0.7395282135877917,1,74.16750278269154,0,13,0,3.98,4.52,8.43
2026-08-12 13:45:00,1,4.2,0.6443992395165259,2,82.28127040493308,0,13,0,4.29,3.98,4.52
2026-08-12 14:00:00,4,4.2,0.9232940840036888,6,30.481169492037246,0,14,0,6.81,4.29,3.98
2026-08-12 14:15:00,3,4.2,0.9790752103857883,2,68.07657559979978,0,14,0,2.27,6.81,4.29
2026-08-12 14:30:00,3,4.2,0.6289265901031754,5,22.743832104264932,0,14,0,6.24,2.27,6.81
2026-08-12 14:45:00,3,4.2,0.9820460829166806,7,59.805286671098074,0,14,0,7.65,6.24,2.27
2026-08-12 15:00:00,3,4.2,0.809030639734698,4,32.38741452961819,0,15,0,4.66,7.65,6.24
2026-08-12 15:15:00,1,4.2,0.7198262711815495,6,34.63383407696678,0,15,0,8.02,4.66,7.65
2026-08-12 15:30:00,1,4.2,0.6307448301104653,4,49.20380533540812,0,15,0,5.11,8.02,4.66
2026-08-12 15:45:00,2,4.2,0.8002497072281671,7,54.59497333732024,0,15,0,9.58,5.11,8.02
2026-08-12 16:00:00,2,4.2,0.9178062177962995,1,69.85379396257498,0,16,0,2.32,9.58,5.11
2026-08-12 16:15:00,3,4.2,0.8828345909066793,6,25.95427347508125,0,16,0,6.52,2.32,9.58
2026-08-12 16:30:00,3,4.2,0.6200904045855895,3,60.29534089899557,0,16,0,6.16,6.52,2.32
2026-08-12 16:45:00,3,4.2,0.6291607341471613,2,34.61001042024809,0,16,0,4.52,6.16,6.52
2026-08-12 17:00:00,2,4.2,0.7611493130530549,2,65.91801400253935,1,17,0,7.14,4.52,6.16
2026-08-12 17:15:00,4,4.2,0.7181161976191773,6,70.99236898089468,1,17,0,10.56,7.14,4.52
2026-08-12 17:30:00,4,4.2,0.6929537292224192,7,64.5367405242283,0,17,0,9.26,10.56,7.14
2026-08-12 17:45:00,2,4.2,0.7124017995634855,1,79.0636408382646,0,17,0,4.81,9.26,10.56
2026-08-12 18:00:00,2,4.2,0.9213930973187539,2,46.8487395392721,0,18,1,8.6,4.81,9.26
2026-08-12 18:15:00,2,4.2,0.9716912214527416,1,81.20852733065047,0,18,1,7.7,8.6,4.81
2026-08-12 18:30:00,2,4.2,0.7620410778110266,5,54.62136653665549,0,18,1,13.94,7.7,8.6
2026-08-12 18:45:00,2,4.2,0.9624444008529989,4,58.734759865807746,0,18,1,10.94,13.94,7.7
2026-08-12 19:00:00,2,4.2,0.7285982804991528,7,71.84817018088572,0,19,1,12.22,10.94,13.94
2026-08-12 19:15:00,3,4.2,0.7905747945375167,3,21.46867071993792,0,19,1,10.16,12.22,10.94
2026-08-12 19:30:00,3,4.2,0.6904115991263999,4,72.31953771361987,1,19,1,13.38,10.16,12.22
2026-08-12 19:45:00,3,4.2,0.8561904168703376,4,69.48681192576923,0,19,1,10.33,13.38,10.16
2026-08-12 20:00:00,3,4.2,0.9915924460699236,5,44.78776934026239,1,20,0,6.83,10.33,13.38
2026-08-12 20:15:00,2,4.2,0.8413972384173515,2,26.86354279195916,0,20,0,3.72,6.83,10.33
2026-08-12 20:30:00,4,4.2,0.7431256336454195,3,27.27483599304329,0,20,0,7.09,3.72,6.83
2026-08-12 20:45:00,1,4.2,0.8591269783962113,2,93.85789975881829,2,20,0,9.63,7.09,3.72
2026-08-12 21:00:00,2,4.2,0.649168271386155,6,75.14234569806698,2,21,0,10.31,9.63,7.09
2026-08-12 21:15:00,1,4.2,0.9554636321061595,4,30.16820910165923,0,21,0,6.24,10.31,9.63
2026-08-12 21:30:00,4,4.2,0.8012335803119346,6,48.537853544712505,0,21,0,8.2,6.24,10.31
2026-08-12 21:45:00,3,4.2,0.7797398968158569,1,67.39863951212772,0,21,0,3.35,8.2,6.24
2026-08-12 22:00:00,4,4.2,0.8343459153814077,4,86.84573640725189,0,22,0,6.28,3.35,8.2
2026-08-12 22:15:00,2,4.2,0.849913545115761,2,23.492874297040682,1,22,0,5.74,6.28,3.35
2026-08-12 22:30:00,3,4.2,0.6287103224906052,4,38.93065051760071,2,22,0,11.02,5.74,6.28
2026-08-12 22:45:00,2,4.2,0.873046888489361,1,91.1799192236304,0,22,0,4.79,11.02,5.74
2026-08-12 23:00:00,3,4.2,0.6967726721262119,5,20.73324401470532,0,23,0,6.61,4.79,11.02
2026-08-12 23:15:00,1,4.2,0.8855810530026359,6,36.11192822351099,0,23,0,4.87,6.61,4.79
2026-08-12 23:30:00,1,4.2,0.9290139177536787,6,96.72193407783728,0,23,0,6.48,4.87,6.61
2026-08-12 23:45:00,1,4.2,0.9215834030210082,2,69.07214772177369,2,23,0,8.69,6.48,4.87
2026-08-13 00:00:00,4,4.2,0.8210003869631557,4,40.933709331000514,1,0,0,9.32,8.69,6.48
2026-08-13 00:15:00,2,4.2,0.8080679569243004,2,25.35928755166781,0,0,0,4.3,9.32,8.69
2026-08-13 00:30:00,4,4.2,0.6571503845357647,5,22.25530723577777,0,0,0,6.64,4.3,9.32
2026-08-13 00:45:00,1,4.2,0.9101384601612542,4,39.57960637095418,0,0,0,6.27,6.64,4.3
2026-08-13 01:00:00,2,4.2,0.7085637521786857,4,90.51886556711284,0,1,0,6.25,6.27,6.64
2026-08-13 01:15:00,1,4.2,0.7986781691271786,2,53.273092343800755,1,1,0,6.08,6.25,6.27
2026-08-13 01:30:00,4,4.2,0.7137096371710067,2,77.62666953327944,0,1,0,5.86,6.08,6.25
2026-08-13 01:45:00,4,4.2,0.6535313451998772,1,93.46280283039663,0,1,0,4.47,5.86,6.08
2026-08-13 02:00:00,4,4.2,0.8518230787566946,7,52.64323692822533,0,2,0,7.59,4.47,5.86
2026-08-13 02:15:00,1,4.2,0.6217328139291615,7,35.30218968299177,1,2,0,11.3,7.59,4.47
2026-08-13 02:30:00,2,4.2,0.8994580936504799,5,61.36943446855356,0,2,0,4.9,11.3,7.59
2026-08-13 02:45:00,2,4.2,0.7270347181044466,7,92.64669496478835,1,2,0,10.12,4.9,11.3
2026-08-13 03:00:00,1,4.2,0.6000538772017942,1,84.34995313101605,1,3,0,7.02,10.12,4.9
2026-08-13 03:15:00,2,4.2,0.804451655694892,6,25.266387469052304,2,3,0,11.91,7.02,10.12
2026-08-13 03:30:00,1,4.2,0.6187407634110412,4,75.40582400620654,0,3,0,7.81,11.91,7.02
2026-08-13 03:45:00,2,4.2,0.7104678231283598,2,65.75180179671631,0,3,0,4.94,7.81,11.91
2026-08-13 04:00:00,3,4.2,0.8827905949822865,4,92.59705410771404,0,4,0,6.2,4.94,7.81
2026-08-13 04:15:00,3,4.2,0.6250758486487463,4,29.79851334802378,0,4,0,6.52,6.2,4.94
2026-08-13 04:30:00,4,4.2,0.9357353969424009,3,62.72288905637253,0,4,0,5.47,6.52,6.2
2026-08-13 04:45:00,3,4.2,0.6015279690634332,6,90.35701548095139,0,4,0,8.41,5.47,6.52
2026-08-13 05:00:00,3,4.2,0.6987295476807609,3,52.80190293933944,0,5,0,5.49,8.41,5.47
2026-08-13 05:15:00,3,4.2,0.8963616224608286,7,58.55959341862936,1,5,0,9.87,5.49,8.41
2026-08-13 05:30:00,1,4.2,0.7265080598917227,4,25.636854213356663,0,5,0,5.1,9.87,5.49
2026-08-13 05:45:00,3,4.2,0.6407569552264054,2,42.251491235912866,0,5,0,5.54,5.1,9.87
2026-08-13 06:00:00,3,4.2,0.7440935675201712,4,45.96053193351579,1,6,0,8.43,5.54,5.1
2026-08-13 06:15:00,4,4.2,0.7081573145538103,6,95.60979589959095,1,6,0,9.53,8.43,5.54
2026-08-13 06:30:00,3,4.2,0.937084760864222,3,42.613388843292725,1,6,0,8.01,9.53,8.43
2026-08-13 06:45:00,3,4.2,0.7253391670340572,2,56.86949882157216,1,6,0,5.91,8.01,9.53
2026-08-13 07:00:00,2,4.2,0.9155729887104029,4,73.70435388514238,2,7,0,9.78,5.91,8.01
2026-08-13 07:15:00,4,4.2,0.9567488579242939,5,32.974669792630195,0,7,0,6.74,9.78,5.91
2026-08-13 07:30:00,4,4.2,0.7735269678306118,6,58.91539097134996,0,7,0,7.55,6.74,9.78
2026-08-13 07:45:00,4,4.2,0.9639772575417568,6,79.08312315807261,0,7,0,6.33,7.55,6.74
2026-08-13 08:00:00,4,4.2,0.7509272215852771,5,89.34841704216528,0,8,1,11.89,6.33,7.55
2026-08-13 08:15:00,4,4.2,0.9856313665960432,4,70.10074197299414,0,8,1,10.06,11.89,6.33
2026-08-13 08:30:00,4,4.2,0.6357158098102291,6,73.52428122535584,0,8,1,11.34,10.06,11.89
2026-08-13 08:45:00,1,4.2,0.8748077066012971,2,30.102677806765517,0,8,1,8.63,11.34,10.06
2026-08-13 09:00:00,3,4.2,0.7975256161827715,4,95.66211977970778,0,9,1,12.35,8.63,11.34
2026-08-13 09:15:00,4,4.2,0.7550595221822588,4,30.60592619875859,0,9,1,10.26,12.35,8.63
2026-08-13 09:30:00,3,4.2,0.8530847514994404,3,81.97383497454386,2,9,1,14.46,10.26,12.35
2026-08-13 09:45:00,3,4.2,0.8815428366537325,6,41.185305742265506,0,9,1,11.21,14.46,10.26
2026-08-13 10:00:00,1,4.2,0.6017453078601236,6,94.68745149610012,1,10,0,10.43,11.21,14.46
2026-08-13 10:15:00,4,4.2,0.6667812354988795,5,77.59676314955837,0,10,0,6.44,10.43,11.21
2026-08-13 10:30:00,2,4.2,0.8852184202537274,3,80.30509703826951,2,10,0,10.12,6.44,10.43
2026-08-13 10:45:00,1,4.2,0.8665541654312825,7,37.52473384479067,1,10,0,10.22,10.12,6.44
2026-08-13 11:00:00,2,4.2,0.9864190020514709,3,55.44319813081287,0,11,0,4.95,10.22,10.12
2026-08-13 11:15:00,3,4.2,0.9044151161003132,6,69.42505556714292,0,11,0,5.6,4.95,10.22
2026-08-13 11:30:00,3,4.2,0.9803090830925352,4,81.59788945652807,0,11,0,4.57,5.6,4.95
2026-08-13 11:45:00,1,4.2,0.8810162006139228,3,28.316750072991166,2,11,0,9.43,4.57,5.6
2026-08-13 12:00:00,1,4.2,0.7192208834557773,5,96.98922531636227,1,12,0,9.74,9.43,4.57
2026-08-13 12:15:00,2,4.2,0.6421459689003426,3,91.21765364436447,1,12,0,7.44,9.74,9.43
2026-08-13 12:30:00,4,4.2,0.9127295453379742,5,41.627887239646746,0,12,0,6.83,7.44,9.74
2026-08-13 12:45:00,2,4.2,0.8576596885903663,7,85.82081944258655,0,12,0,8.75,6.83,7.44
2026-08-13 13:00:00,1,4.2,0.6192744049573184,3,61.465913843185874,1,13,0,7.34,8.75,6.83
2026-08-13 13:15:00,2,4.2,0.7440201863603914,5,56.944518524961495,0,13,0,6.18,7.34,8.75
2026-08-13 13:30:00,1,4.2,0.9827199261937145,3,45.15472846491243,0,13,0,3.67,6.18,7.34
2026-08-13 13:45:00,2,4.2,0.8001604582840804,7,66.47748693052739,0,13,0,10.45,3.67,6.18
2026-08-13 14:00:00,1,4.2,0.7730916544078819,3,78.39112941628782,2,14,0,9.71,10.45,3.67
2026-08-13 14:15:00,1,4.2,0.7830798420637176,2,52.87463239702066,0,14,0,6.07,9.71,10.45
2026-08-13 14:30:00,1,4.2,0.6835530896020655,5,70.33753544066337,0,14,0,5.68,6.07,9.71
2026-08-13 14:45:00,4,4.2,0.747482868345918,7,75.9450336924243,0,14,0,7.07,5.68,6.07
2026-08-13 15:00:00,2,4.2,0.7479253023948707,5,76.88974536122288,1,15,0,8.47,7.07,5.68
2026-08-13 15:15:00,2,4.2,0.6209420080749889,5,24.15728785049442,0,15,0,6.38,8.47,7.07
2026-08-13 15:30:00,2,4.2,0.9070270514071673,1,88.77982445480535,0,15,0,2.87,6.38,8.47
2026-08-13 15:45:00,1,4.2,0.7666017727615516,7,56.66026518120383,0,15,0,7.26,2.87,6.38
2026-08-13 16:00:00,2,4.2,0.9288719547265694,3,40.99328653569715,1,16,0,6.12,7.26,2.87
2026-08-13 16:15:00,2,4.2,0.9401392004479582,5,39.34116059837453,2,16,0,11.95,6.12,7.26
2026-08-13 16:30:00,1,4.2,0.6847976218794632,6,58.64112902751604,1,16,0,11.36,11.95,6.12
2026-08-13 16:45:00,3,4.2,0.8629413928680514,1,90.94652315751674,0,16,0,4.29,11.36,11.95
2026-08-13 17:00:00,1,4.2,0.7889127216651927,2,50.26780653461175,2,17,0,9.89,4.29,11.36
2026-08-13 17:15:00,2,4.2,0.952062695168594,5,79.97805974268346,0,17,0,5.83,9.89,4.29
2026-08-13 17:30:00,1,4.2,0.6862962716705816,5,27.74549847897749,0,17,0,6.43,5.83,9.89
2026-08-13 17:45:00,3,4.2,0.8711252801240177,1,58.08453617208494,0,17,0,2.35,6.43,5.83
2026-08-13 18:00:00,1,4.2,0.843100848901089,3,99.33489123141885,0,18,1,10.19,2.35,6.43
2026-08-13 18:15:00,2,4.2,0.7181205910287332,6,81.63502422338695,1,18,1,13.81,10.19,2.35
2026-08-13 18:30:00,3,4.2,0.654640361460469,2,36.84227907524904,0,18,1,8.98,13.81,10.19
2026-08-13 18:45:00,4,4.2,0.8606559041909105,5,60.11531789583286,0,18,1,12.3,8.98,13.81
2026-08-13 19:00:00,2,4.2,0.8954389832529323,3,38.68998109188532,0,19,1,11.49,12.3,8.98
2026-08-13 19:15:00,3,4.2,0.72625093750534,7,52.76487418100074,0,19,1,13.55,11.49,12.3
2026-08-13 19:30:00,3,4.2,0.8579330416089255,6,82.40672189879717,0,19,1,12.97,13.55,11.49
2026-08-13 19:45:00,4,4.2,0.7580523630446013,7,81.6979852232323,0,19,1,12.76,12.97,13.55
2026-08-13 20:00:00,1,4.2,0.8852827533130471,6,38.248030232190814,0,20,0,5.4,12.76,12.97
2026-08-13 20:15:00,1,4.2,0.6796861099576212,2,93.77786545238881,0,20,0,5.47,5.4,12.76
2026-08-13 20:30:00,2,4.2,0.9560860010544697,4,67.40545462118615,0,20,0,5.59,5.47,5.4
2026-08-13 20:45:00,4,4.2,0.7149638385862319,6,50.39394327696116,1,20,0,10.07,5.59,5.47
2026-08-13 21:00:00,1,4.2,0.7471143951024611,4,60.15484646246885,0,21,0,5.72,10.07,5.59
2026-08-13 21:15:00,4,4.2,0.6232367808321398,7,68.4057002750195,1,21,0,12.08,5.72,10.07
2026-08-13 21:30:00,1,4.2,0.6446048849285105,6,64.79124254766283,2,21,0,11.83,12.08,5.72
2026-08-13 21:45:00,3,4.2,0.8063447610849312,2,58.91240284289425,1,21,0,6.02,11.83,12.08
2026-08-13 22:00:00,1,4.2,0.7070370706911886,1,60.39462432715201,0,22,0,3.03,6.02,11.83
2026-08-13 22:15:00,4,4.2,0.9341920902968778,2,34.112952834230896,0,22,0,3.8,3.03,6.02
2026-08-13 22:30:00,3,4.2,0.6058773554619815,2,85.01863234437435,2,22,0,9.11,3.8,3.03
2026-08-13 22:45:00,3,4.2,0.7516376194687745,1,63.34082559528123,0,22,0,3.15,9.11,3.8
2026-08-13 23:00:00,3,4.2,0.7349382187076371,1,30.486388936376247,0,23,0,3.21,3.15,9.11
2026-08-13 23:15:00,4,4.2,0.6077310523670404,3,81.29256812662223,0,23,0,5.62,3.21,3.15
2026-08-13 23:30:00,2,4.2,0.649747359600204,6,94.59551827018807,0,23,0,6.31,5.62,3.21
2026-08-13 23:45:00,2,4.2,0.7654570699674541,7,95.78455193895697,2,23,0,13.06,6.31,5.62
2026-08-14 00:00:00,2,4.2,0.7971458337789786,3,49.52141859289382,0,0,0,6.28,13.06,6.31
2026-08-14 00:15:00,4,4.2,0.7617158989019477,1,30.84134988486032,0,0,0,3.93,6.28,13.06
2026-08-14 00:30:00,3,4.2,0.8123750713648376,4,61.47197013064521,0,0,0,7.21,3.93,6.28
2026-08-14 00:45:00,2,4.2,0.8380526699622726,7,29.008738347937655,0,0,0,8.98,7.21,3.93
2026-08-14 01:00:00,4,4.2,0.6039695284511343,4,94.71899348100938,0,1,0,7.38,8.98,7.21
2026-08-14 01:15:00,2,4.2,0.7856380637814016,2,34.68637018841168,0,1,0,4.46,7.38,8.98
2026-08-14 01:30:00,1,4.2,0.9853996963550353,5,40.22126879609313,1,1,0,8.11,4.46,7.38
2026-08-14 01:45:00,2,4.2,0.8076129120518195,2,52.530922150797636,0,1,0,5.05,8.11,4.46
2026-08-14 02:00:00,2,4.2,0.8710169069835813,2,50.65315748473006,1,2,0,6.11,5.05,8.11
2026-08-14 02:15:00,3,4.2,0.7247455431667533,5,83.57303139183112,0,2,0,4.88,6.11,5.05
2026-08-14 02:30:00,4,4.2,0.9095965512611051,6,56.50534564407699,0,2,0,7.12,4.88,6.11
2026-08-14 02:45:00,3,4.2,0.909168592750446,1,33.66146080026695,0,2,0,2.0,7.12,4.88
2026-08-14 03:00:00,3,4.2,0.8085184190616556,4,41.376791638885926,0,3,0,4.72,2.0,7.12
2026-08-14 03:15:00,3,4.2,0.9904055293116855,2,60.72907081500176,1,3,0,5.96,4.72,2.0
2026-08-14 03:30:00,3,4.2,0.6502200859050613,5,31.79631339409079,1,3,0,9.5,5.96,4.72
2026-08-14 03:45:00,3,4.2,0.6067790659558324,3,68.93245405168113,0,3,0,4.48,9.5,5.96
2026-08-14 04:00:00,2,4.2,0.9080632847028384,2,65.25978452409167,0,4,0,4.0,4.48,9.5
2026-08-14 04:15:00,3,4.2,0.922862214945953,4,77.17618531058062,1,4,0,8.63,4.0,4.48
2026-08-14 04:30:00,3,4.2,0.6480828916482305,1,95.01636923034941,0,4,0,3.18,8.63,4.0
2026-08-14 04:45:00,4,4.2,0.7062331331834424,2,92.98036488809245,0,4,0,6.01,3.18,8.63
2026-08-14 05:00:00,1,4.2,0.6070209453466515,2,95.68604944550651,2,5,0,8.63,6.01,3.18
2026-08-14 05:15:00,2,4.2,0.7173234443122258,6,39.577247761896075,0,5,0,9.61,8.63,6.01
2026-08-14 05:30:00,2,4.2,0.9092567495674686,5,30.525224531148368,2,5,0,10.52,9.61,8.63
2026-08-14 05:45:00,2,4.2,0.8071842110850316,3,44.18213603971588,0,5,0,5.13,10.52,9.61
2026-08-14 06:00:00,3,4.2,0.7392382372673152,3,91.60681382130517,1,6,0,5.9,5.13,10.52
2026-08-14 06:15:00,3,4.2,0.7486957179625321,7,97.76427796987906,0,6,0,7.99,5.9,5.13
2026-08-14 06:30:00,3,4.2,0.6005414502861872,1,88.74599608563808,0,6,0,4.75,7.99,5.9
2026-08-14 06:45:00,4,4.2,0.7199202110260944,7,28.801417690203486,0,6,0,8.09,4.75,7.99
2026-08-14 07:00:00,1,4.2,0.8585834966551722,4,95.79423984478345,0,7,0,4.89,8.09,4.75
2026-08-14 07:15:00,3,4.2,0.9896777775265428,1,53.86864218806288,0,7,0,1.82,4.89,8.09
2026-08-14 07:30:00,1,4.2,0.9388243307935598,2,20.744823260988294,0,7,0,4.83,1.82,4.89
2026-08-14 07:45:00,4,4.2,0.6094379858582116,2,55.391499259855486,0,7,0,5.21,4.83,1.82
2026-08-14 08:00:00,2,4.2,0.9594242418699357,3,23.685533574037407,1,8,1,13.34,5.21,4.83
2026-08-14 08:15:00,3,4.2,0.9132793653194504,4,63.5102336928894,0,8,1,9.68,13.34,5.21
2026-08-14 08:30:00,1,4.2,0.9121504494283922,5,47.0843221949641,0,8,1,10.48,9.68,13.34
2026-08-14 08:45:00,1,4.2,0.7831983036014286,4,57.8747946875239,0,8,1,11.61,10.48,9.68
2026-08-14 09:00:00,3,4.2,0.7592021171818011,2,69.05362885944936,0,9,1,7.88,11.61,10.48
2026-08-14 09:15:00,2,4.2,0.721166291533277,5,89.50408766542563,0,9,1,10.56,7.88,11.61
2026-08-14 09:30:00,2,4.2,0.6262779435817463,4,72.95212611775429,0,9,1,12.6,10.56,7.88
2026-08-14 09:45:00,2,4.2,0.6912941453974797,4,54.723909478254456,1,9,1,12.54,12.6,10.56
2026-08-14 10:00:00,4,4.2,0.6986414539912098,5,85.55422829362921,0,10,0,5.06,12.54,12.6
2026-08-14 10:15:00,1,4.2,0.7936308278840807,2,92.44657100585057,0,10,0,6.22,5.06,12.54
2026-08-14 10:30:00,1,4.2,0.8989777626386776,4,29.580797314575776,1,10,0,6.38,6.22,5.06
2026-08-14 10:45:00,1,4.2,0.7895239313591786,5,62.554638204223316,1,10,0,9.15,6.38,6.22
2026-08-14 11:00:00,4,4.2,0.6231377797788642,6,42.76095677939553,0,11,0,7.98,9.15,6.38
2026-08-14 11:15:00,1,4.2,0.9831159203952815,6,23.764895830155794,1,11,0,5.99,7.98,9.15
2026-08-14 11:30:00,4,4.2,0.9770897276376449,2,73.48373560911882,0,11,0,3.26,5.99,7.98
2026-08-14 11:45:00,2,4.2,0.9140758172593634,5,89.02166219673805,1,11,0,8.86,3.26,5.99
2026-08-14 12:00:00,3,4.2,0.9965311606256883,6,33.03221235819152,0,12,0,6.59,8.86,3.26
2026-08-14 12:15:00,1,4.2,0.8177929331201051,5,84.99309260991204,0,12,0,7.24,6.59,8.86
2026-08-14 12:30:00,1,4.2,0.9851073401012824,4,88.27165868295533,2,12,0,9.5,7.24,6.59
2026-08-14 12:45:00,2,4.2,0.6302420162467003,2,93.14723541331868,0,12,0,5.8,9.5,7.24
2026-08-14 13:00:00,3,4.2,0.7462722993045485,6,41.22280712688419,0,13,0,6.67,5.8,9.5
2026-08-14 13:15:00,4,4.2,0.6901525072027064,7,92.31624521519115,0,13,0,6.9,6.67,5.8
2026-08-14 13:30:00,3,4.2,0.678333233653708,4,45.653020378914576,0,13,0,4.97,6.9,6.67
2026-08-14 13:45:00,2,4.2,0.6563211795570704,7,64.18704107644022,0,13,0,7.0,4.97,6.9
2026-08-14 14:00:00,2,4.2,0.8489654566263987,7,24.04059766658257,0,14,0,8.61,7.0,4.97
2026-08-14 14:15:00,3,4.2,0.912528742298922,1,23.51048706949949,0,14,0,1.6,8.61,7.0
2026-08-14 14:30:00,4,4.2,0.8313193597681443,1,77.62985701857623,0,14,0,3.75,1.6,8.61
2026-08-14 14:45:00,4,4.2,0.6587850838352839,2,55.55839823822328,0,14,0,4.69,3.75,1.6
2026-08-14 15:00:00,1,4.2,0.9244495079733883,6,40.50339002953741,0,15,0,6.46,4.69,3.75
2026-08-14 15:15:00,4,4.2,0.8543818828654914,6,35.23307968199282,0,15,0,8.24,6.46,4.69
2026-08-14 15:30:00,3,4.2,0.7552662824507982,6,73.59627926873745,2,15,0,11.88,8.24,6.46
2026-08-14 15:45:00,2,4.2,0.8696521182144252,5,20.03212352202719,0,15,0,6.72,11.88,8.24
2026-08-14 16:00:00,1,4.2,0.7039619916971331,4,84.47129353574834,0,16,0,6.19,6.72,11.88
2026-08-14 16:15:00,1,4.2,0.7380768833976842,6,26.339968490394305,1,16,0,9.75,6.19,6.72
2026-08-14 16:30:00,2,4.2,0.966994337252796,4,35.319169192649554,1,16,0,9.77,9.75,6.19
2026-08-14 16:45:00,4,4.2,0.7162018022685681,2,50.89891162392717,0,16,0,3.26,9.77,9.75
2026-08-14 17:00:00,2,4.2,0.7879953072631747,7,58.78869917728829,1,17,0,11.66,3.26,9.77
2026-08-14 17:15:00,4,4.2,0.9560564549584059,6,48.399609265115345,0,17,0,7.07,11.66,3.26
2026-08-14 17:30:00,2,4.2,0.883088540107011,2,45.656973198743515,1,17,0,5.97,7.07,11.66
2026-08-14 17:45:00,3,4.2,0.624881290465881,6,97.11328096585507,0,17,0,9.54,5.97,7.07
2026-08-14 18:00:00,4,4.2,0.6589212177115881,1,71.32637449947154,0,18,1,7.41,9.54,5.97
2026-08-14 18:15:00,3,4.2,0.6031366363087667,3,21.874636429391057,0,18,1,10.38,7.41,9.54
2026-08-14 18:30:00,1,4.2,0.8523687160916653,2,54.41407267554506,1,18,1,10.38,10.38,7.41
2026-08-14 18:45:00,2,4.2,0.7790693701641673,6,90.00069597951762,0,18,1,12.63,10.38,10.38
2026-08-14 19:00:00,1,4.2,0.6537099403609102,3,44.11649491285344,0,19,1,9.57,12.63,10.38
2026-08-14 19:15:00,1,4.2,0.9831736484227082,2,27.56450758195106,0,19,1,8.93,9.57,12.63
2026-08-14 19:30:00,1,4.2,0.811863889578248,5,80.67078172719343,2,19,1,16.18,8.93,9.57
2026-08-14 19:45:00,1,4.2,0.6967573176451557,6,68.48110655488651,1,19,1,14.61,16.18,8.93
2026-08-14 20:00:00,2,4.2,0.8002414284618831,5,65.62500062612031,0,20,0,6.81,14.61,16.18
2026-08-14 20:15:00,1,4.2,0.8718481330940431,1,24.286124768592636,0,20,0,3.03,6.81,14.61
2026-08-14 20:30:00,2,4.2,0.6304956871894257,6,31.239920783641388,0,20,0,6.79,3.03,6.81
2026-08-14 20:45:00,2,4.2,0.7098815260191568,7,69.8039516970491,0,20,0,11.03,6.79,3.03
2026-08-14 21:00:00,3,4.2,0.9227861963535975,1,36.625907316706865,2,21,0,7.58,11.03,6.79
2026-08-14 21:15:00,4,4.2,0.7838659481610645,3,60.325606379873946,0,21,0,2.87,7.58,11.03
2026-08-14 21:30:00,4,4.2,0.8186308568129179,2,63.59053488235148,0,21,0,3.39,2.87,7.58
2026-08-14 21:45:00,2,4.2,0.7731264008837877,4,42.680575221675156,0,21,0,4.57,3.39,2.87
2026-08-14 22:00:00,3,4.2,0.617559977057202,1,95.87401244331943,0,22,0,5.27,4.57,3.39
2026-08-14 22:15:00,2,4.2,0.6662999119280624,4,87.397128546846,0,22,0,6.64,5.27,4.57
2026-08-14 22:30:00,2,4.2,0.7782166554967563,4,77.78988061062388,0,22,0,6.22,6.64,5.27
2026-08-14 22:45:00,2,4.2,0.6836741861631711,2,26.239509312752727,0,22,0,4.47,6.22,6.64
2026-08-14 23:00:00,3,4.2,0.6199916114638715,3,28.490401544721557,0,23,0,5.55,4.47,6.22
2026-08-14 23:15:00,4,4.2,0.9374598656207295,2,59.422507669196456,0,23,0,3.33,5.55,4.47
2026-08-14 23:30:00,3,4.2,0.9924770116656463,6,32.857067935278856,0,23,0,6.17,3.33,5.55
2026-08-14 23:45:00,1,4.2,0.9172571495986958,1,98.26123708235792,0,23,0,3.93,6.17,3.33
2026-08-15 00:00:00,3,4.2,0.9415139686818668,4,32.68161872219275,1,0,0,7.92,3.93,6.17
2026-08-15 00:15:00,3,4.2,0.6967908521268181,2,58.99742683711792,0,0,0,5.28,7.92,3.93
2026-08-15 00:30:00,3,4.2,0.98425079020528,2,49.12968454732044,0,0,0,3.99,5.28,7.92
2026-08-15 00:45:00,3,4.2,0.6787702817813713,2,71.15091371632784,1,0,0,8.25,3.99,5.28
2026-08-15 01:00:00,4,4.2,0.9805719241447329,1,30.322912711153993,0,1,0,3.1,8.25,3.99
2026-08-15 01:15:00,1,4.2,0.9979277175863804,3,54.42531424339127,0,1,0,4.49,3.1,8.25
2026-08-15 01:30:00,4,4.2,0.8846891222984195,7,41.97640262457149,0,1,0,8.63,4.49,3.1
2026-08-15 01:45:00,4,4.2,0.9924574927167288,2,91.02012197373504,0,1,0,2.79,8.63,4.49
2026-08-15 02:00:00,3,4.2,0.8278159118268414,1,23.246856970775607,0,2,0,2.64,2.79,8.63
2026-08-15 02:15:00,2,4.2,0.7038167132704362,4,93.09819952051674,0,2,0,4.97,2.64,2.79
2026-08-15 02:30:00,2,4.2,0.7747983542662483,6,86.63953108424003,1,2,0,9.92,4.97,2.64
2026-08-15 02:45:00,4,4.2,0.8374243741515144,7,43.805657315265236,1,2,0,8.3,9.92,4.97
2026-08-15 03:00:00,4,4.2,0.629232624810806,5,83.14325237416838,0,3,0,7.65,8.3,9.92
2026-08-15 03:15:00,3,4.2,0.8489373058468984,7,22.497084827099805,0,3,0,7.49,7.65,8.3
2026-08-15 03:30:00,4,4.2,0.9924711347049178,7,97.34924402347148,0,3,0,8.09,7.49,7.65
2026-08-15 03:45:00,3,4.2,0.676043059913491,1,62.12759540718315,0,3,0,3.51,8.09,7.49
2026-08-15 04:00:00,2,4.2,0.9170380465153534,5,44.26248208523562,0,4,0,5.69,3.51,8.09
2026-08-15 04:15:00,2,4.2,0.9631595175118477,2,49.00665700757416,1,4,0,7.21,5.69,3.51
2026-08-15 04:30:00,1,4.2,0.9774806371280883,2,25.31242827683979,0,4,0,4.9,7.21,5.69
2026-08-15 04:45:00,2,4.2,0.9840542417621789,7,99.14796112336313,2,4,0,11.31,4.9,7.21
2026-08-15 05:00:00,4,4.2,0.8085838554885888,1,23.143355612055394,1,5,0,6.26,11.31,4.9
2026-08-15 05:15:00,2,4.2,0.9909231631966015,5,72.39256985182872,1,5,0,8.36,6.26,11.31
2026-08-15 05:30:00,3,4.2,0.9029240828537756,2,55.41887421651666,0,5,0,4.23,8.36,6.26
2026-08-15 05:45:00,2,4.2,0.6646685744947848,4,95.91329745509721,0,5,0,6.07,4.23,8.36
2026-08-15 06:00:00,1,4.2,0.790760042587188,3,39.679979224543615,0,6,0,6.34,6.07,4.23
2026-08-15 06:15:00,2,4.2,0.8873324701488016,3,62.566945915040904,0,6,0,2.74,6.34,6.07
2026-08-15 06:30:00,3,4.2,0.6989361263276334,2,58.58849668662024,0,6,0,4.35,2.74,6.34
2026-08-15 06:45:00,3,4.2,0.8562460734195549,5,76.22931552400811,0,6,0,6.61,4.35,2.74
2026-08-15 07:00:00,4,4.2,0.8666401916186477,6,25.44081855619364,0,7,0,7.28,6.61,4.35
2026-08-15 07:15:00,2,4.2,0.6650798975234263,2,35.50313040186839,0,7,0,6.28,7.28,6.61
2026-08-15 07:30:00,3,4.2,0.8260341249811025,6,37.165185607427986,1,7,0,10.7,6.28,7.28
2026-08-15 07:45:00,1,4.2,0.9086507643914431,6,79.05206038733517,0,7,0,6.35,10.7,6.28
2026-08-15 08:00:00,4,4.2,0.7995582658143767,5,35.131095706139206,0,8,1,12.72,6.35,10.7
2026-08-15 08:15:00,1,4.2,0.6048412467104429,6,65.87934111127814,0,8,1,12.28,12.72,6.35
2026-08-15 08:30:00,2,4.2,0.6036153876317168,4,37.21950564007629,2,8,1,17.53,12.28,12.72
2026-08-15 08:45:00,2,4.2,0.7428117375880049,5,88.92999600671827,0,8,1,13.49,17.53,12.28
2026-08-15 09:00:00,2,4.2,0.9704776273727128,2,95.37483635917108,0,9,1,9.77,13.49,17.53
2026-08-15 09:15:00,4,4.2,0.6914707118414435,7,61.479437995379236,0,9,1,13.41,9.77,13.49
2026-08-15 09:30:00,3,4.2,0.8537454755486749,4,48.18471073673426,2,9,1,15.15,13.41,9.77
2026-08-15 09:45:00,4,4.2,0.6888303482773283,1,38.72462200139993,1,9,1,10.09,15.15,13.41
2026-08-15 10:00:00,1,4.2,0.7286679958638195,3,23.9824801218435,0,10,0,5.65,10.09,15.15
2026-08-15 10:15:00,4,4.2,0.9392168358405936,2,41.48000609579963,0,10,0,2.58,5.65,10.09
2026-08-15 10:30:00,1,4.2,0.8915445769079787,2,72.33886239562543,0,10,0,3.11,2.58,5.65
2026-08-15 10:45:00,4,4.2,0.6381597109252842,2,62.68935450473687,0,10,0,3.86,3.11,2.58
2026-08-15 11:00:00,3,4.2,0.7714808083945734,4,95.52330226247419,0,11,0,5.39,3.86,3.11
2026-08-15 11:15:00,1,4.2,0.6116679054581058,1,51.70218099933605,1,11,0,6.94,5.39,3.86
2026-08-15 11:30:00,2,4.2,0.7923560586412036,7,75.50906738627157,2,11,0,13.13,6.94,5.39
2026-08-15 11:45:00,2,4.2,0.8649736046804273,5,59.14581979800971,0,11,0,5.53,13.13,6.94
2026-08-15 12:00:00,4,4.2,0.6474010494392606,1,61.00609727393693,0,12,0,5.38,5.53,13.13
2026-08-15 12:15:00,2,4.2,0.7155539755636663,4,41.4219451683294,0,12,0,5.89,5.38,5.53
2026-08-15 12:30:00,1,4.2,0.7591346502008628,2,56.39606214735998,1,12,0,6.22,5.89,5.38
2026-08-15 12:45:00,2,4.2,0.9678124098624199,3,57.66279976101658,1,12,0,6.99,6.22,5.89
2026-08-15 13:00:00,3,4.2,0.9973020061691856,2,76.53140173991471,0,13,0,5.4,6.99,6.22
2026-08-15 13:15:00,3,4.2,0.6179645195982463,5,95.25119993488912,0,13,0,7.57,5.4,6.99
2026-08-15 13:30:00,4,4.2,0.9044031693981568,6,46.34570219860034,0,13,0,6.29,7.57,5.4
2026-08-15 13:45:00,1,4.2,0.7486896265609373,3,23.376037486503876,0,13,0,3.72,6.29,7.57
2026-08-15 14:00:00,3,4.2,0.756983274491792,2,59.703610040051174,1,14,0,6.79,3.72,6.29
2026-08-15 14:15:00,3,4.2,0.9017059893388091,7,63.55690657193349,0,14,0,7.6,6.79,3.72
2026-08-15 14:30:00,1,4.2,0.9673705728581634,3,33.47524409055322,1,14,0,6.38,7.6,6.79
2026-08-15 14:45:00,2,4.2,0.9803714378010193,6,80.83716850208533,0,14,0,4.64,6.38,7.6
2026-08-15 15:00:00,2,4.2,0.8308490344153283,1,98.79432867531933,1,15,0,5.13,4.64,6.38
2026-08-15 15:15:00,4,4.2,0.7428484637202011,4,95.66197736067687,0,15,0,7.43,5.13,4.64
2026-08-15 15:30:00,2,4.2,0.9150196343435117,2,35.76848310589217,1,15,0,7.74,7.43,5.13
2026-08-15 15:45:00,1,4.2,0.7004005533049201,5,90.02905919206086,0,15,0,5.98,7.74,7.43
2026-08-15 16:00:00,3,4.2,0.8256296115334071,1,76.35949091293477,0,16,0,4.18,5.98,7.74
2026-08-15 16:15:00,2,4.2,0.7434313846099493,2,56.30772510455293,0,16,0,3.4,4.18,5.98
2026-08-15 16:30:00,4,4.2,0.8626524294831504,1,63.248879545978326,0,16,0,4.74,3.4,4.18
2026-08-15 16:45:00,2,4.2,0.6961595651574027,5,87.96801399859665,0,16,0,7.13,4.74,3.4
2026-08-15 17:00:00,1,4.2,0.6766371782939303,2,58.41079517106985,0,17,0,5.82,7.13,4.74
2026-08-15 17:15:00,4,4.2,0.9672956346701749,6,49.85658952841015,2,17,0,9.65,5.82,7.13
2026-08-15 17:30:00,2,4.2,0.6407214731798148,6,59.45979944207886,0,17,0,8.51,9.65,5.82
2026-08-15 17:45:00,4,4.2,0.8023831630939726,5,66.33038432280392,1,17,0,8.9,8.51,9.65
2026-08-15 18:00:00,1,4.2,0.6883411131852035,3,35.12621230226791,2,18,1,16.37,8.9,8.51
2026-08-15 18:15:00,3,4.2,0.6155719853302669,5,92.07261842135925,0,18,1,13.16,16.37,8.9
2026-08-15 18:30:00,1,4.2,0.6144075273165706,3,73.93495590636911,0,18,1,10.92,13.16,16.37
2026-08-15 18:45:00,1,4.2,0.670088708842331,2,70.6615133869991,0,18,1,9.3,10.92,13.16
2026-08-15 19:00:00,1,4.2,0.9467081418024001,3,27.95969809445105,0,19,1,10.14,9.3,10.92
2026-08-15 19:15:00,1,4.2,0.7129914975908107,2,68.33391505380735,0,19,1,9.65,10.14,9.3
2026-08-15 19:30:00,3,4.2,0.9801836682301183,2,29.676852979079385,2,19,1,12.64,9.65,10.14
2026-08-15 19:45:00,3,4.2,0.8326489171956775,7,26.295814015631926,0,19,1,11.75,12.64,9.65
2026-08-15 20:00:00,4,4.2,0.7746456759075064,4,62.18487165139146,0,20,0,4.36,11.75,12.64
2026-08-15 20:15:00,2,4.2,0.8320355338677818,2,52.222842723719594,0,20,0,3.67,4.36,11.75
2026-08-15 20:30:00,3,4.2,0.8066793540905071,3,67.10482161249786,1,20,0,8.59,3.67,4.36
2026-08-15 20:45:00,3,4.2,0.9035105015029301,4,27.13777344457909,0,20,0,5.43,8.59,3.67
2026-08-15 21:00:00,2,4.2,0.7129984263891409,4,54.47864502778067,0,21,0,5.58,5.43,8.59
2026-08-15 21:15:00,3,4.2,0.741220156640121,2,33.982937203612636,0,21,0,5.39,5.58,5.43
2026-08-15 21:30:00,1,4.2,0.9576377210133002,5,98.96800687392933,0,21,0,4.88,5.39,5.58
2026-08-15 21:45:00,1,4.2,0.9785826052601622,5,64.89201699481396,2,21,0,10.71,4.88,5.39
2026-08-15 22:00:00,2,4.2,0.9570232909945898,6,74.99494887526939,1,22,0,8.73,10.71,4.88
2026-08-15 22:15:00,4,4.2,0.7677791975829255,4,46.033462454608625,0,22,0,6.64,8.73,10.71
2026-08-15 22:30:00,4,4.2,0.9121462012027527,2,27.579113182347534,0,22,0,2.24,6.64,8.73
2026-08-15 22:45:00,2,4.2,0.7905342933204396,7,98.06966902268293,0,22,0,7.01,2.24,6.64
2026-08-15 23:00:00,2,4.2,0.7990159408584409,5,42.90072283065466,0,23,0,4.79,7.01,2.24
2026-08-15 23:15:00,1,4.2,0.6818720436229135,7,53.90465481388594,0,23,0,8.09,4.79,7.01
2026-08-15 23:30:00,4,4.2,0.8364521213034066,2,71.98911373620601,0,23,0,5.37,8.09,4.79
2026-08-15 23:45:00,3,4.2,0.6744543591013391,2,21.975783814888903,0,23,0,4.38,5.37,8.09
2026-08-16 00:00:00,1,4.2,0.7326258796268775,4,84.82073044138295,2,0,0,10.51,4.38,5.37
2026-08-16 00:15:00,2,4.2,0.942012080647974,7,62.926255202289624,0,0,0,8.05,10.51,4.38
2026-08-16 00:30:00,4,4.2,0.682830323684342,6,42.257374965505775,2,0,0,13.72,8.05,10.51
2026-08-16 00:45:00,3,4.2,0.6284633140693731,4,24.92863882339754,0,0,0,6.4,13.72,8.05
2026-08-16 01:00:00,3,4.2,0.6276030370451265,1,32.99987323795531,0,1,0,5.08,6.4,13.72
2026-08-16 01:15:00,1,4.2,0.9763138082012431,7,91.60270870827495,1,1,0,8.45,5.08,6.4
2026-08-16 01:30:00,4,4.2,0.8027681751847339,5,74.88193791487129,0,1,0,7.79,8.45,5.08
2026-08-16 01:45:00,4,4.2,0.7637648287268073,5,39.992137730951185,0,1,0,8.73,7.79,8.45
2026-08-16 02:00:00,2,4.2,0.9243514324031674,5,25.24806119560236,0,2,0,6.38,8.73,7.79
2026-08-16 02:15:00,4,4.2,0.9343303711642064,3,75.24922499093091,0,2,0,2.33,6.38,8.73
2026-08-16 02:30:00,4,4.2,0.7328764132462419,2,65.79261807742121,2,2,0,9.06,2.33,6.38
2026-08-16 02:45:00,1,4.2,0.877447222989518,4,52.361561956658804,1,2,0,8.48,9.06,2.33
2026-08-16 03:00:00,4,4.2,0.9084491263407546,5,49.08891593520511,0,3,0,5.51,8.48,9.06
2026-08-16 03:15:00,3,4.2,0.8618602747463817,1,37.34514207432866,0,3,0,4.61,5.51,8.48
2026-08-16 03:30:00,1,4.2,0.6606380299200397,5,73.56890052300142,0,3,0,7.64,4.61,5.51
2026-08-16 03:45:00,1,4.2,0.9503532334068228,6,97.65344222350964,0,3,0,5.74,7.64,4.61
2026-08-16 04:00:00,2,4.2,0.8156378210944035,2,34.05721966694607,0,4,0,4.28,5.74,7.64
2026-08-16 04:15:00,4,4.2,0.7129889705480015,7,67.76932960124027,0,4,0,7.32,4.28,5.74
2026-08-16 04:30:00,2,4.2,0.7700912741750776,2,53.9348044596781,0,4,0,4.27,7.32,4.28
2026-08-16 04:45:00,3,4.2,0.6150284361595629,7,55.73509773957319,0,4,0,8.1,4.27,7.32
2026-08-16 05:00:00,1,4.2,0.651146720488967,7,40.33178241022515,0,5,0,9.66,8.1,4.27
2026-08-16 05:15:00,1,4.2,0.9062187002063443,4,86.01079005291352,0,5,0,7.36,9.66,8.1
2026-08-16 05:30:00,1,4.2,0.6000046539021464,3,58.82044833177929,0,5,0,4.49,7.36,9.66
2026-08-16 05:45:00,3,4.2,0.7666263313929169,7,63.472468175861124,2,5,0,11.05,4.49,7.36
2026-08-16 06:00:00,3,4.2,0.8090040724342353,7,44.38087302378606,1,6,0,10.03,11.05,4.49
2026-08-16 06:15:00,2,4.2,0.6218537680003889,4,34.54467725335598,0,6,0,5.0,10.03,11.05
2026-08-16 06:30:00,2,4.2,0.9892312651889331,5,26.87283105622564,0,6,0,5.61,5.0,10.03
2026-08-16 06:45:00,2,4.2,0.6904501324998688,6,77.12953127399328,1,6,0,10.86,5.61,5.0
2026-08-16 07:00:00,4,4.2,0.7216794878545123,1,35.69874253502845,2,7,0,10.47,10.86,5.61
2026-08-16 07:15:00,1,4.2,0.7215770049020109,4,75.20602833510381,1,7,0,8.77,10.47,10.86
2026-08-16 07:30:00,1,4.2,0.69216666484694,3,51.23011568375631,0,7,0,5.31,8.77,10.47
2026-08-16 07:45:00,2,4.2,0.6005895288345245,4,53.261984079172116,2,7,0,9.64,5.31,8.77
2026-08-16 08:00:00,1,4.2,0.8917379176351985,2,57.53419968742173,0,8,1,8.93,9.64,5.31
2026-08-16 08:15:00,2,4.2,0.9867381999197141,5,49.41668065020345,1,8,1,13.15,8.93,9.64
2026-08-16 08:30:00,4,4.2,0.689717393314018,5,28.049598177807205,2,8,1,17.56,13.15,8.93
2026-08-16 08:45:00,4,4.2,0.8652188767213689,7,44.77054480022766,0,8,1,11.82,17.56,13.15
2026-08-16 09:00:00,3,4.2,0.896758530783486,5,73.09874885551508,2,9,1,15.55,11.82,17.56
2026-08-16 09:15:00,4,4.2,0.9393701516362098,5,73.26275211750968,0,9,1,9.31,15.55,11.82
2026-08-16 09:30:00,2,4.2,0.7690516788054437,5,42.897944579199546,2,9,1,14.27,9.31,15.55
2026-08-16 09:45:00,4,4.2,0.7211723622561717,5,56.80821012461504,0,9,1,10.67,14.27,9.31
2026-08-16 10:00:00,3,4.2,0.7301180536092124,1,35.475778240954995,2,10,0,7.36,10.67,14.27
2026-08-16 10:15:00,1,4.2,0.8850485332394051,3,36.82976652238686,0,10,0,4.97,7.36,10.67
2026-08-16 10:30:00,2,4.2,0.9267117866022544,7,21.843767072528593,1,10,0,9.23,4.97,7.36
2026-08-16 10:45:00,1,4.2,0.672645587102641,5,91.73972399261957,0,10,0,6.45,9.23,4.97
2026-08-16 11:00:00,3,4.2,0.7483764032631061,7,36.8565332059925,0,11,0,7.07,6.45,9.23
2026-08-16 11:15:00,3,4.2,0.96077607869966,3,38.202710154917064,0,11,0,1.06,7.07,6.45
2026-08-16 11:30:00,3,4.2,0.9226774078778957,6,42.368114611610544,1,11,0,10.58,1.06,7.07
2026-08-16 11:45:00,1,4.2,0.9939433611049904,5,30.192645735634322,0,11,0,4.55,10.58,1.06
2026-08-16 12:00:00,1,4.2,0.9016993038728323,7,71.14103065450902,0,12,0,6.95,4.55,10.58
2026-08-16 12:15:00,1,4.2,0.757278080411169,4,26.011436254206927,0,12,0,4.46,6.95,4.55
2026-08-16 12:30:00,1,4.2,0.8362551335978551,7,30.736194106108023,2,12,0,13.63,4.46,6.95
2026-08-16 12:45:00,3,4.2,0.8644057016989282,5,71.58053812720743,0,12,0,6.27,13.63,4.46
2026-08-16 13:00:00,3,4.2,0.6313823265268496,2,47.172849638515416,0,13,0,4.25,6.27,13.63
2026-08-16 13:15:00,2,4.2,0.817798783641546,1,76.63582613609512,0,13,0,3.15,4.25,6.27
2026-08-16 13:30:00,2,4.2,0.8837283313890438,4,64.59397957361136,0,13,0,7.02,3.15,4.25
2026-08-16 13:45:00,1,4.2,0.6669285216004242,4,40.48169384492105,0,13,0,6.25,7.02,3.15
2026-08-16 14:00:00,4,4.2,0.9122526869702229,2,72.06623603914625,0,14,0,3.63,6.25,7.02
2026-08-16 14:15:00,4,4.2,0.8335091122056446,5,29.301894423430454,1,14,0,7.83,3.63,6.25
2026-08-16 14:30:00,3,4.2,0.9808887142790379,1,62.91283064640243,1,14,0,3.41,7.83,3.63
2026-08-16 14:45:00,3,4.2,0.6169689192827567,4,54.97184840360277,0,14,0,6.38,3.41,7.83
2026-08-16 15:00:00,3,4.2,0.7061304550221867,1,41.42988662539526,0,15,0,4.37,6.38,3.41
2026-08-16 15:15:00,2,4.2,0.8406215517199296,4,68.32039981916,0,15,0,6.64,4.37,6.38
2026-08-16 15:30:00,2,4.2,0.7186239648823722,5,89.7066873872226,0,15,0,4.54,6.64,4.37
2026-08-16 15:45:00,3,4.2,0.8857696656284968,6,99.91237598104614,1,15,0,8.11,4.54,6.64
2026-08-16 16:00:00,3,4.2,0.9036021130087724,4,68.62102149947395,0,16,0,4.67,8.11,4.54
2026-08-16 16:15:00,3,4.2,0.6410063856265897,6,52.376469946333614,0,16,0,7.83,4.67,8.11
2026-08-16 16:30:00,4,4.2,0.8055417856827071,4,38.01656801729613,0,16,0,5.55,7.83,4.67
2026-08-16 16:45:00,2,4.2,0.8035562222364223,3,40.567687151608936,1,16,0,7.38,5.55,7.83
2026-08-16 17:00:00,4,4.2,0.7477123080862165,5,58.356398251981254,0,17,0,7.06,7.38,5.55
2026-08-16 17:15:00,4,4.2,0.9731699450278688,2,49.38221610245674,0,17,0,2.64,7.06,7.38
2026-08-16 17:30:00,3,4.2,0.9310025279492885,6,93.10516180999554,0,17,0,7.46,2.64,7.06
2026-08-16 17:45:00,3,4.2,0.8788837527638547,2,49.46363741245676,1,17,0,6.9,7.46,2.64
2026-08-16 18:00:00,1,4.2,0.885730654293999,5,49.87556729163484,2,18,1,15.71,6.9,7.46
2026-08-16 18:15:00,1,4.2,0.7846864575252477,7,50.68276099471816,0,18,1,14.49,15.71,6.9
2026-08-16 18:30:00,4,4.2,0.9683978084386303,2,86.92961682941265,0,18,1,10.12,14.49,15.71
2026-08-16 18:45:00,2,4.2,0.8778381709013141,5,72.06306566775214,2,18,1,17.0,10.12,14.49
2026-08-16 19:00:00,3,4.2,0.8915924246623266,2,69.13350802551142,0,19,1,5.89,17.0,10.12
2026-08-16 19:15:00,3,4.2,0.9446763615149381,6,46.73144179070897,0,19,1,13.05,5.89,17.0
2026-08-16 19:30:00,4,4.2,0.7096286357368764,3,85.43233414659515,0,19,1,11.22,13.05,5.89
2026-08-16 19:45:00,1,4.2,0.9228283615466812,2,23.06910890845609,0,19,1,10.77,11.22,13.05
2026-08-16 20:00:00,2,4.2,0.6780962411825968,6,89.66377378704905,0,20,0,8.91,10.77,11.22
2026-08-16 20:15:00,1,4.2,0.7381367808979551,4,61.019991983514366,1,20,0,10.08,8.91,10.77
2026-08-16 20:30:00,1,4.2,0.734244181707937,5,51.860018789073024,0,20,0,7.59,10.08,8.91
2026-08-16 20:45:00,1,4.2,0.9914101873556562,1,59.773382457414854,0,20,0,4.11,7.59,10.08
2026-08-16 21:00:00,1,4.2,0.9426148894991707,7,73.39324244270648,1,21,0,11.67,4.11,7.59
2026-08-16 21:15:00,3,4.2,0.8804679446361039,1,21.02123412143179,0,21,0,3.47,11.67,4.11
2026-08-16 21:30:00,3,4.2,0.8908227046461561,5,89.72414851665982,0,21,0,4.44,3.47,11.67
2026-08-16 21:45:00,1,4.2,0.8248291177610284,3,55.73916202491142,0,21,0,4.6,4.44,3.47
2026-08-16 22:00:00,2,4.2,0.9788362668434076,2,47.437321576006255,1,22,0,6.41,4.6,4.44
2026-08-16 22:15:00,4,4.2,0.7985035011529447,3,31.059645250724568,1,22,0,7.6,6.41,4.6
2026-08-16 22:30:00,2,4.2,0.7522070839479578,1,55.15722994867537,2,22,0,7.59,7.6,6.41
2026-08-16 22:45:00,2,4.2,0.6652141347726364,7,59.705821702750306,1,22,0,9.3,7.59,7.6
2026-08-16 23:00:00,2,4.2,0.9144822609044232,6,52.29173555947823,0,23,0,5.86,9.3,7.59
2026-08-16 23:15:00,1,4.2,0.8937775728302366,7,74.29280750615177,0,23,0,8.21,5.86,9.3
2026-08-16 23:30:00,3,4.2,0.7537420154096539,5,53.67172230073808,1,23,0,10.71,8.21,5.86
2026-08-16 23:45:00,2,4.2,0.6100773655836917,5,96.91340622772587,0,23,0,8.19,10.71,8.21
2026-08-17 00:00:00,1,4.2,0.9355989310872043,3,67.94220142588735,0,0,0,5.47,8.19,10.71
2026-08-17 00:15:00,2,4.2,0.6045671933816295,6,84.59823485215271,0,0,0,7.92,5.47,8.19
2026-08-17 00:30:00,2,4.2,0.8814799118516203,3,28.748472248758308,0,0,0,2.91,7.92,5.47
2026-08-17 00:45:00,1,4.2,0.9881028438904228,2,51.78330343567246,2,0,0,8.02,2.91,7.92
2026-08-17 01:00:00,3,4.2,0.7750645312592814,4,46.94781611577221,0,1,0,5.57,8.02,2.91
2026-08-17 01:15:00,3,4.2,0.6939893619983811,6,65.55859105092735,0,1,0,7.1,5.57,8.02
2026-08-17 01:30:00,4,4.2,0.8819484040173526,4,88.88908160491405,2,1,0,10.41,7.1,5.57
2026-08-17 01:45:00,1,4.2,0.926851256806234,7,26.267057420960533,0,1,0,7.69,10.41,7.1
2026-08-17 02:00:00,4,4.2,0.818572126431139,2,25.80598384357686,0,2,0,5.09,7.69,10.41
2026-08-17 02:15:00,4,4.2,0.9868141101024585,4,88.02541665260792,0,2,0,4.6,5.09,7.69
2026-08-17 02:30:00,4,4.2,0.6206674886631844,1,37.02800688306859,1,2,0,5.02,4.6,5.09
2026-08-17 02:45:00,3,4.2,0.8019182393218113,7,73.50026035598509,1,2,0,9.83,5.02,4.6
2026-08-17 03:00:00,1,4.2,0.88738157892902,4,63.43025058886441,1,3,0,7.87,9.83,5.02
2026-08-17 03:15:00,4,4.2,0.9450561884596715,2,86.63148759097835,1,3,0,7.39,7.87,9.83
2026-08-17 03:30:00,1,4.2,0.671702244763116,4,30.00711278691228,0,3,0,5.73,7.39,7.87
2026-08-17 03:45:00,1,4.2,0.9200013927054725,5,30.382637257808902,1,3,0,8.89,5.73,7.39
2026-08-17 04:00:00,3,4.2,0.8210828302874181,3,64.54546882226461,1,4,0,7.72,8.89,5.73
2026-08-17 04:15:00,4,4.2,0.7586214727959852,1,95.71029226866968,0,4,0,3.85,7.72,8.89
2026-08-17 04:30:00,4,4.2,0.6526860114316374,5,53.19982066966034,0,4,0,8.01,3.85,7.72
2026-08-17 04:45:00,1,4.2,0.946118303563565,5,46.1553680203756,2,4,0,10.1,8.01,3.85
2026-08-17 05:00:00,2,4.2,0.6629092832718861,2,68.53514585583086,1,5,0,6.86,10.1,8.01
2026-08-17 05:15:00,3,4.2,0.7239151436836397,3,94.43588804360249,1,5,0,7.85,6.86,10.1
2026-08-17 05:30:00,3,4.2,0.7160182127849748,3,86.9542266275699,1,5,0,7.26,7.85,6.86
2026-08-17 05:45:00,3,4.2,0.9485656136763417,6,99.63868885865759,0,5,0,6.96,7.26,7.85
2026-08-17 06:00:00,3,4.2,0.8690811976835592,7,21.80548665619017,0,6,0,6.8,6.96,7.26
2026-08-17 06:15:00,4,4.2,0.918672558876549,1,29.02865157702098,0,6,0,3.31,6.8,6.96
2026-08-17 06:30:00,4,4.2,0.7001871595169996,7,68.75742106932975,0,6,0,8.17,3.31,6.8
2026-08-17 06:45:00,2,4.2,0.8499496398427996,2,85.64611514670798,1,6,0,6.81,8.17,3.31
2026-08-17 07:00:00,3,4.2,0.8286983932574995,1,42.81954738454132,0,7,0,3.03,6.81,8.17
2026-08-17 07:15:00,3,4.2,0.9331321507153084,6,39.1368870427375,0,7,0,6.18,3.03,6.81
2026-08-17 07:30:00,1,4.2,0.9624348241925043,4,82.95806395049607,0,7,0,5.09,6.18,3.03
2026-08-17 07:45:00,4,4.2,0.6048627085909547,5,24.510548308258528,0,7,0,7.5,5.09,6.18
2026-08-17 08:00:00,3,4.2,0.8696079676235171,1,49.55061180660681,0,8,1,8.3,7.5,5.09
2026-08-17 08:15:00,2,4.2,0.6207343196478916,7,60.46473780738638,0,8,1,15.33,8.3,7.5
2026-08-17 08:30:00,2,4.2,0.8195434660309424,5,64.82789394802587,0,8,1,10.34,15.33,8.3
2026-08-17 08:45:00,4,4.2,0.7150530916174713,2,78.28921254342215,0,8,1,9.64,10.34,15.33
2026-08-17 09:00:00,2,4.2,0.7227106398088565,7,48.38765787445266,2,9,1,16.59,9.64,10.34
2026-08-17 09:15:00,2,4.2,0.7411834013809426,4,69.01474757396858,0,9,1,11.36,16.59,9.64
2026-08-17 09:30:00,4,4.2,0.8485169796198441,2,66.83003382327651,0,9,1,7.99,11.36,16.59
2026-08-17 09:45:00,3,4.2,0.7336199862675077,4,63.80928805229977,0,9,1,10.74,7.99,11.36
2026-08-17 10:00:00,3,4.2,0.8930796202361122,4,71.23866345137698,0,10,0,4.93,10.74,7.99
2026-08-17 10:15:00,2,4.2,0.7618109542295479,5,40.7559336854461,0,10,0,6.87,4.93,10.74
2026-08-17 10:30:00,2,4.2,0.6273412801239834,2,26.771900286770318,1,10,0,7.04,6.87,4.93
2026-08-17 10:45:00,3,4.2,0.9135039369936429,2,29.541733763179472,1,10,0,5.71,7.04,6.87
2026-08-17 11:00:00,4,4.2,0.7143033298370824,1,37.96659061231209,0,11,0,5.44,5.71,7.04
2026-08-17 11:15:00,2,4.2,0.773106751839705,7,60.01583484182282,0,11,0,8.23,5.44,5.71
2026-08-17 11:30:00,1,4.2,0.8741775532887606,2,87.23542004368161,2,11,0,8.43,8.23,5.44
2026-08-17 11:45:00,4,4.2,0.7329824628594848,1,76.10346736707072,1,11,0,6.17,8.43,8.23
2026-08-17 12:00:00,2,4.2,0.6226342624586862,3,83.12324833616377,0,12,0,7.46,6.17,8.43
2026-08-17 12:15:00,2,4.2,0.7495684188051255,3,48.07804991408731,0,12,0,5.01,7.46,6.17
2026-08-17 12:30:00,1,4.2,0.9777794330777214,3,52.372299331884015,0,12,0,3.53,5.01,7.46
2026-08-17 12:45:00,1,4.2,0.8566937589194232,6,51.494550879249026,0,12,0,6.18,3.53,5.01
2026-08-17 13:00:00,3,4.2,0.8685916594668828,2,35.34985475236012,0,13,0,3.46,6.18,3.53
2026-08-17 13:15:00,4,4.2,0.8529128614550558,6,24.897332651485762,0,13,0,6.29,3.46,6.18
2026-08-17 13:30:00,4,4.2,0.6795968555837747,7,67.27328742617814,0,13,0,7.08,6.29,3.46
2026-08-17 13:45:00,3,4.2,0.767333545640912,2,99.13733467364689,0,13,0,3.34,7.08,6.29
2026-08-17 14:00:00,4,4.2,0.9003759193453273,1,33.34637639602103,1,14,0,4.84,3.34,7.08
2026-08-17 14:15:00,4,4.2,0.6405491590212636,6,23.7347855919419,1,14,0,10.93,4.84,3.34
2026-08-17 14:30:00,4,4.2,0.7111411104358849,6,82.36253454591463,0,14,0,7.14,10.93,4.84
2026-08-17 14:45:00,4,4.2,0.7105276433863414,7,40.20688053477794,1,14,0,10.52,7.14,10.93
2026-08-17 15:00:00,4,4.2,0.7728075710378024,6,86.37150442823427,0,15,0,8.51,10.52,7.14
2026-08-17 15:15:00,1,4.2,0.992147496376874,4,76.31493336276122,1,15,0,8.65,8.51,10.52
2026-08-17 15:30:00,4,4.2,0.6270010186735288,1,95.65388296406437,0,15,0,4.12,8.65,8.51
2026-08-17 15:45:00,1,4.2,0.807480397752238,3,52.714178860533764,0,15,0,4.36,4.12,8.65
2026-08-17 16:00:00,4,4.2,0.6717458728048842,1,72.95758715605074,0,16,0,3.33,4.36,4.12
2026-08-17 16:15:00,3,4.2,0.9882706181638976,4,57.18838246506166,0,16,0,5.57,3.33,4.36
2026-08-17 16:30:00,2,4.2,0.6453214018909856,7,70.44709578468348,2,16,0,13.31,5.57,3.33
2026-08-17 16:45:00,1,4.2,0.7614404009446365,7,55.967912480618985,0,16,0,7.61,13.31,5.57
2026-08-17 17:00:00,4,4.2,0.8951539939338424,2,35.09057971392599,0,17,0,3.08,7.61,13.31
2026-08-17 17:15:00,3,4.2,0.8818217712109782,1,60.63179328027047,0,17,0,2.48,3.08,7.61
2026-08-17 17:30:00,2,4.2,0.7690914547575729,7,62.286736114995385,0,17,0,8.28,2.48,3.08
2026-08-17 17:45:00,1,4.2,0.7386096671810873,6,84.84830786081288,0,17,0,6.08,8.28,2.48
2026-08-17 18:00:00,2,4.2,0.7590449514211483,7,78.84165646348649,0,18,1,14.0,6.08,8.28
2026-08-17 18:15:00,3,4.2,0.7057105052634557,7,73.10332991531553,1,18,1,15.21,14.0,6.08
2026-08-17 18:30:00,1,4.2,0.6821331754827199,7,29.0709676442058,1,18,1,15.7,15.21,14.0
2026-08-17 18:45:00,2,4.2,0.793215879023556,7,77.6493032530972,2,18,1,16.51,15.7,15.21
2026-08-17 19:00:00,4,4.2,0.7074135024270429,3,60.02441250836118,0,19,1,10.42,16.51,15.7
2026-08-17 19:15:00,1,4.2,0.7149846659589001,3,91.52796288849274,1,19,1,12.57,10.42,16.51
2026-08-17 19:30:00,2,4.2,0.8627024253898228,2,93.58967473044342,0,19,1,8.99,12.57,10.42
2026-08-17 19:45:00,3,4.2,0.9874149326799568,7,24.412527248142837,0,19,1,13.45,8.99,12.57
2026-08-17 20:00:00,3,4.2,0.84145488022375,1,85.6513248283583,0,20,0,3.61,13.45,8.99
2026-08-17 20:15:00,1,4.2,0.6307917868259865,4,23.01579123381365,2,20,0,10.69,3.61,13.45
2026-08-17 20:30:00,2,4.2,0.6302334455416267,2,49.37357005560181,1,20,0,6.87,10.69,3.61
2026-08-17 20:45:00,1,4.2,0.9805692883382264,1,63.383998049686326,2,20,0,8.4,6.87,10.69
2026-08-17 21:00:00,1,4.2,0.7189163161229335,7,31.848063890170195,1,21,0,11.98,8.4,6.87
2026-08-17 21:15:00,2,4.2,0.6368267944329902,5,79.70510500552615,2,21,0,12.44,11.98,8.4
2026-08-17 21:30:00,2,4.2,0.8396178348601526,7,20.668376333771086,1,21,0,10.83,12.44,11.98
2026-08-17 21:45:00,4,4.2,0.8494595113161064,3,33.487923874722945,0,21,0,5.41,10.83,12.44
2026-08-17 22:00:00,2,4.2,0.8594019280474752,4,66.46374638827805,0,22,0,6.87,5.41,10.83
2026-08-17 22:15:00,3,4.2,0.7069608111430166,6,77.1510049629834,0,22,0,5.59,6.87,5.41
2026-08-17 22:30:00,1,4.2,0.60604427368579,4,93.33144821551329,0,22,0,7.26,5.59,6.87
2026-08-17 22:45:00,1,4.2,0.9860061477817887,6,76.4397321547699,0,22,0,7.27,7.26,5.59
2026-08-17 23:00:00,3,4.2,0.700357218276441,4,73.74234162038928,0,23,0,4.83,7.27,7.26
2026-08-17 23:15:00,2,4.2,0.870410515221019,3,51.547291708053145,0,23,0,3.82,4.83,7.27
2026-08-17 23:30:00,3,4.2,0.8826519479514838,6,20.102754042144113,2,23,0,10.9,3.82,4.83
2026-08-17 23:45:00,3,4.2,0.8440029668317943,1,29.612740698849755,2,23,0,7.69,10.9,3.82
2026-08-18 00:00:00,4,4.2,0.7251629576854592,6,62.764363580483135,0,0,0,6.98,7.69,10.9
2026-08-18 00:15:00,3,4.2,0.7084385015056263,2,74.01039086755358,0,0,0,4.97,6.98,7.69
2026-08-18 00:30:00,1,4.2,0.8390673130810813,1,53.395862711717,0,0,0,4.31,4.97,6.98
2026-08-18 00:45:00,3,4.2,0.9464382534446766,2,78.45432092227122,0,0,0,4.74,4.31,4.97
2026-08-18 01:00:00,1,4.2,0.9786934915693583,7,61.7489836265743,1,1,0,8.68,4.74,4.31
2026-08-18 01:15:00,1,4.2,0.642362321761503,4,25.93409564754498,0,1,0,5.58,8.68,4.74
2026-08-18 01:30:00,1,4.2,0.661931445039088,1,35.36130007743591,0,1,0,5.56,5.58,8.68
2026-08-18 01:45:00,2,4.2,0.9778945035132318,4,87.19985785951543,1,1,0,8.07,5.56,5.58
2026-08-18 02:00:00,4,4.2,0.894614091333917,7,77.99301972995517,1,2,0,9.98,8.07,5.56
2026-08-18 02:15:00,1,4.2,0.9531975299319092,5,91.5809589609996,0,2,0,6.2,9.98,8.07
2026-08-18 02:30:00,1,4.2,0.6810530536541373,4,29.404579929674924,1,2,0,8.73,6.2,9.98
2026-08-18 02:45:00,2,4.2,0.8350343484437608,7,99.21780276920592,0,2,0,8.19,8.73,6.2
2026-08-18 03:00:00,1,4.2,0.8804558377669894,4,36.752537115994684,0,3,0,5.02,8.19,8.73
2026-08-18 03:15:00,3,4.2,0.872044754178789,7,20.942390102931363,0,3,0,7.76,5.02,8.19
2026-08-18 03:30:00,3,4.2,0.7632606763466793,2,99.79383512428433,0,3,0,2.97,7.76,5.02
2026-08-18 03:45:00,4,4.2,0.6061579566765234,7,42.48591083560905,0,3,0,8.0,2.97,7.76
2026-08-18 04:00:00,1,4.2,0.8331704227217053,6,73.4415562010048,0,4,0,6.29,8.0,2.97
2026-08-18 04:15:00,2,4.2,0.7012406156718435,5,34.13458513410441,0,4,0,6.49,6.29,8.0
2026-08-18 04:30:00,3,4.2,0.7801016984571562,4,66.41828257593133,1,4,0,7.38,6.49,6.29
2026-08-18 04:45:00,2,4.2,0.9830324060335269,7,92.32279891636475,0,4,0,6.46,7.38,6.49
2026-08-18 05:00:00,2,4.2,0.7596141270569738,7,45.61449339427509,0,5,0,6.49,6.46,7.38
2026-08-18 05:15:00,3,4.2,0.9359206426657707,4,73.62031808354874,1,5,0,8.16,6.49,6.46
2026-08-18 05:30:00,2,4.2,0.6754162422997004,5,35.03228710387332,0,5,0,6.9,8.16,6.49
2026-08-18 05:45:00,3,4.2,0.8689841992100116,5,69.98363189749801,2,5,0,9.4,6.9,8.16
2026-08-18 06:00:00,2,4.2,0.9908027817755773,7,46.916028145400816,0,6,0,6.13,9.4,6.9
2026-08-18 06:15:00,3,4.2,0.6407572403491747,1,36.89666068703613,0,6,0,4.67,6.13,9.4
2026-08-18 06:30:00,1,4.2,0.6033279768908768,2,45.054564056290815,0,6,0,4.66,4.67,6.13
2026-08-18 06:45:00,4,4.2,0.7734331170530457,5,34.307285480623946,0,6,0,5.84,4.66,4.67
2026-08-18 07:00:00,3,4.2,0.6370501932205469,5,92.15328862703062,0,7,0,7.08,5.84,4.66
2026-08-18 07:15:00,3,4.2,0.8993537398704925,3,51.774950905370304,0,7,0,4.92,7.08,5.84
2026-08-18 07:30:00,4,4.2,0.9658194655394235,6,39.62234439794939,0,7,0,4.94,4.92,7.08
2026-08-18 07:45:00,3,4.2,0.7736083890835035,5,55.87262728127463,0,7,0,7.09,4.94,4.92
2026-08-18 08:00:00,3,4.2,0.7034846568621764,2,45.64289334451964,0,8,1,8.95,7.09,4.94
2026-08-18 08:15:00,2,4.2,0.7737613276026439,6,79.55354030506608,0,8,1,12.22,8.95,7.09
2026-08-18 08:30:00,4,4.2,0.8893791271400004,6,97.69759295083955,0,8,1,11.68,12.22,8.95
2026-08-18 08:45:00,1,4.2,0.6036216646321484,4,55.042692535811746,0,8,1,11.08,11.68,12.22
2026-08-18 09:00:00,3,4.2,0.8357815957938789,4,88.88267199777923,0,9,1,9.54,11.08,11.68
2026-08-18 09:15:00,4,4.2,0.8453166739549516,4,65.26904588476955,0,9,1,10.23,9.54,11.08
2026-08-18 09:30:00,2,4.2,0.8550752987583742,4,32.57885320753868,1,9,1,14.6,10.23,9.54
2026-08-18 09:45:00,1,4.2,0.6968088319923509,3,75.24981936650732,0,9,1,9.12,14.6,10.23
2026-08-18 10:00:00,4,4.2,0.8856210893512506,5,61.07475977006561,1,10,0,10.23,9.12,14.6
2026-08-18 10:15:00,1,4.2,0.6365565945327105,4,72.04852186016828,0,10,0,6.2,10.23,9.12
2026-08-18 10:30:00,1,4.2,0.6797081345867203,7,91.1749930057332,0,10,0,8.4,6.2,10.23
2026-08-18 10:45:00,1,4.2,0.9509880186617927,1,55.23476565248369,0,10,0,1.85,8.4,6.2
2026-08-18 11:00:00,3,4.2,0.8954892602906266,4,92.09420985738845,1,11,0,7.02,1.85,8.4
2026-08-18 11:15:00,3,4.2,0.605498221604538,5,80.05352114253239,0,11,0,6.79,7.02,1.85
2026-08-18 11:30:00,2,4.2,0.6993505041479201,4,59.08839407023878,0,11,0,5.13,6.79,7.02
2026-08-18 11:45:00,2,4.2,0.6857625931972658,3,68.2577708526371,0,11,0,5.33,5.13,6.79
2026-08-18 12:00:00,4,4.2,0.708322531214789,2,46.046490601520915,0,12,0,4.33,5.33,5.13
2026-08-18 12:15:00,2,4.2,0.6990239081119546,2,98.68778397910194,0,12,0,6.63,4.33,5.33
2026-08-18 12:30:00,1,4.2,0.6250105182971383,5,73.38809304403168,0,12,0,6.04,6.63,4.33
2026-08-18 12:45:00,1,4.2,0.7835762066387282,7,23.507748199730393,0,12,0,8.0,6.04,6.63
2026-08-18 13:00:00,3,4.2,0.893093389914466,2,46.1297524598407,0,13,0,4.15,8.0,6.04
2026-08-18 13:15:00,1,4.2,0.8426926898869745,2,69.8651547007246,0,13,0,3.06,4.15,8.0
2026-08-18 13:30:00,4,4.2,0.8691486674392319,1,24.506662223939184,1,13,0,6.5,3.06,4.15
2026-08-18 13:45:00,1,4.2,0.6324596714144957,5,21.91073530553142,1,13,0,9.28,6.5,3.06
2026-08-18 14:00:00,1,4.2,0.9805962840707149,7,56.001939162224204,0,14,0,4.51,9.28,6.5
2026-08-18 14:15:00,4,4.2,0.93539673353721,5,46.6152143754136,0,14,0,6.47,4.51,9.28
2026-08-18 14:30:00,2,4.2,0.9220361273982651,2,55.06388864265327,1,14,0,5.15,6.47,4.51
2026-08-18 14:45:00,2,4.2,0.929193522016707,2,41.015464790400415,0,14,0,2.69,5.15,6.47
2026-08-18 15:00:00,4,4.2,0.9730842032531045,2,33.17741975543847,0,15,0,4.23,2.69,5.15
2026-08-18 15:15:00,3,4.2,0.8177015864454791,6,75.13146855842702,1,15,0,9.19,4.23,2.69
2026-08-18 15:30:00,1,4.2,0.6801128071470504,3,61.16568930142404,0,15,0,6.48,9.19,4.23
2026-08-18 15:45:00,4,4.2,0.8467134431410165,4,36.01233689994935,0,15,0,6.72,6.48,9.19
2026-08-18 16:00:00,1,4.2,0.8971525974671756,3,45.56715410079987,1,16,0,6.44,6.72,6.48
2026-08-18 16:15:00,3,4.2,0.8951669573416101,5,67.34463261306607,0,16,0,6.79,6.44,6.72
2026-08-18 16:30:00,1,4.2,0.808579609666752,1,25.778347861798228,1,16,0,5.33,6.79,6.44
2026-08-18 16:45:00,4,4.2,0.6273834877334312,4,31.796240741294362,1,16,0,11.23,5.33,6.79
2026-08-18 17:00:00,1,4.2,0.7484451753720511,1,25.85964832859121,2,17,0,8.16,11.23,5.33
2026-08-18 17:15:00,2,4.2,0.9683066433853429,7,84.9853866171295,0,17,0,8.09,8.16,11.23
2026-08-18 17:30:00,3,4.2,0.8337795639029704,6,80.19273865696074,0,17,0,7.81,8.09,8.16
2026-08-18 17:45:00,3,4.2,0.8153327773022854,5,80.26503455034057,0,17,0,6.67,7.81,8.09
2026-08-18 18:00:00,3,4.2,0.7075414057528774,6,77.30602747808224,0,18,1,11.87,6.67,7.81
2026-08-18 18:15:00,4,4.2,0.7473795679666315,5,73.55083389358953,0,18,1,11.51,11.87,6.67
2026-08-18 18:30:00,3,4.2,0.9581384356612677,1,58.159353230254,0,18,1,5.75,11.51,11.87
2026-08-18 18:45:00,2,4.2,0.8665852190107343,1,71.3822530805692,0,18,1,8.54,5.75,11.51
2026-08-18 19:00:00,4,4.2,0.9149548107009331,1,23.068924383037974,0,19,1,8.45,8.54,5.75
2026-08-18 19:15:00,2,4.2,0.7817381692270621,5,69.71715381254276,0,19,1,11.64,8.45,8.54
2026-08-18 19:30:00,1,4.2,0.8520988877824631,2,82.23021644295017,1,19,1,8.61,11.64,8.45
2026-08-18 19:45:00,1,4.2,0.699353443497283,1,60.028668830751215,1,19,1,10.31,8.61,11.64
2026-08-18 20:00:00,1,4.2,0.8821843321133944,6,48.601066274178955,2,20,0,11.0,10.31,8.61
2026-08-18 20:15:00,1,4.2,0.7710405334813349,7,42.19413878407833,0,20,0,8.24,11.0,10.31
2026-08-18 20:30:00,2,4.2,0.7770182059258982,4,71.4241640129666,2,20,0,11.11,8.24,11.0
2026-08-18 20:45:00,4,4.2,0.8597289298307527,5,75.42409589039269,1,20,0,8.48,11.11,8.24
2026-08-18 21:00:00,4,4.2,0.9745122485875707,6,89.6774079890034,0,21,0,6.97,8.48,11.11
2026-08-18 21:15:00,3,4.2,0.6256025386434484,3,47.38672659687926,0,21,0,4.78,6.97,8.48
2026-08-18 21:30:00,2,4.2,0.929897294938803,7,81.58178459084684,0,21,0,7.85,4.78,6.97
2026-08-18 21:45:00,1,4.2,0.7169532441648773,3,64.90846593514703,0,21,0,5.87,7.85,4.78
2026-08-18 22:00:00,2,4.2,0.7775677818025512,4,90.62691925424633,0,22,0,6.2,5.87,7.85
2026-08-18 22:15:00,3,4.2,0.6087653315100036,2,62.22496866364966,0,22,0,5.0,6.2,5.87
2026-08-18 22:30:00,3,4.2,0.7204184311337252,1,61.41038627183738,1,22,0,8.31,5.0,6.2
2026-08-18 22:45:00,2,4.2,0.8010524970520522,5,66.23016651527273,0,22,0,6.91,8.31,5.0
2026-08-18 23:00:00,2,4.2,0.6224704309389756,6,79.94522841139475,0,23,0,6.95,6.91,8.31
2026-08-18 23:15:00,2,4.2,0.7964382917532661,1,97.17523830627687,1,23,0,6.38,6.95,6.91
2026-08-18 23:30:00,4,4.2,0.970844251543371,6,25.885068337261252,0,23,0,7.1,6.38,6.95
2026-08-18 23:45:00,1,4.2,0.642157287243122,5,24.274768191281375,2,23,0,11.54,7.1,6.38
2026-08-19 00:00:00,2,4.2,0.9057762912302018,3,95.00402699258709,0,0,0,5.63,11.54,7.1
2026-08-19 00:15:00,2,4.2,0.763868421350397,1,62.39005004145649,2,0,0,9.16,5.63,11.54
2026-08-19 00:30:00,2,4.2,0.8620694858097352,4,69.19224116535489,0,0,0,3.1,9.16,5.63
2026-08-19 00:45:00,3,4.2,0.7040946391940918,2,58.59388812757831,0,0,0,5.05,3.1,9.16
2026-08-19 01:00:00,3,4.2,0.6637969050165433,4,27.49259620859796,0,1,0,5.93,5.05,3.1
2026-08-19 01:15:00,4,4.2,0.6641850457084906,2,81.44715027349332,1,1,0,7.97,5.93,5.05
2026-08-19 01:30:00,1,4.2,0.6281967782572578,7,79.77797160708695,1,1,0,12.04,7.97,5.93
2026-08-19 01:45:00,4,4.2,0.6742586819604972,6,44.93626571942496,0,1,0,7.88,12.04,7.97
2026-08-19 02:00:00,1,4.2,0.8656877539955873,1,44.49913961827203,2,2,0,9.99,7.88,12.04
2026-08-19 02:15:00,3,4.2,0.9526762447374032,1,87.02731047244148,0,2,0,2.75,9.99,7.88
2026-08-19 02:30:00,3,4.2,0.9256502742364647,7,25.78858061930613,0,2,0,7.88,2.75,9.99
2026-08-19 02:45:00,3,4.2,0.8740537239497936,2,90.48841186852526,1,2,0,7.29,7.88,2.75
2026-08-19 03:00:00,4,4.2,0.644172745364441,3,40.532935191673154,0,3,0,5.62,7.29,7.88
2026-08-19 03:15:00,2,4.2,0.7156749785183799,5,67.43877982043952,0,3,0,7.58,5.62,7.29
2026-08-19 03:30:00,2,4.2,0.7239227501289875,4,94.87953432014221,2,3,0,10.47,7.58,5.62
2026-08-19 03:45:00,3,4.2,0.6999827785590484,7,74.24980012293172,2,3,0,12.85,10.47,7.58
2026-08-19 04:00:00,2,4.2,0.8060022638838893,6,53.154384997362925,2,4,0,10.78,12.85,10.47
2026-08-19 04:15:00,2,4.2,0.814221525951869,7,75.16273671243322,2,4,0,13.0,10.78,12.85
2026-08-19 04:30:00,4,4.2,0.7427543900684441,4,47.51837090530962,0,4,0,6.3,13.0,10.78
2026-08-19 04:45:00,1,4.2,0.7415156634945744,4,42.18067330793489,1,4,0,9.66,6.3,13.0
2026-08-19 05:00:00,3,4.2,0.9314222391624325,6,99.73466223477438,0,5,0,7.32,9.66,6.3
2026-08-19 05:15:00,3,4.2,0.9157171393278742,6,80.06321849438302,2,5,0,11.31,7.32,9.66
2026-08-19 05:30:00,4,4.2,0.7231183326722983,1,71.57759819054542,0,5,0,2.79,11.31,7.32
2026-08-19 05:45:00,4,4.2,0.9655153775493037,4,48.4231714575455,0,5,0,5.41,2.79,11.31
2026-08-19 06:00:00,2,4.2,0.9811260068010024,5,23.932866332403854,0,6,0,6.72,5.41,2.79
2026-08-19 06:15:00,3,4.2,0.7306970168120164,5,22.484550082812447,0,6,0,7.49,6.72,5.41
2026-08-19 06:30:00,1,4.2,0.7417699795172219,2,64.3345004359039,0,6,0,5.67,7.49,6.72
2026-08-19 06:45:00,4,4.2,0.8022536613687835,7,80.96261768312408,1,6,0,10.1,5.67,7.49
2026-08-19 07:00:00,1,4.2,0.9764483250134695,6,62.990335235508404,1,7,0,8.36,10.1,5.67
2026-08-19 07:15:00,1,4.2,0.9505277732569246,1,87.26280575512916,0,7,0,2.21,8.36,10.1
2026-08-19 07:30:00,3,4.2,0.6410271850334359,5,22.67412264745773,1,7,0,9.58,2.21,8.36
2026-08-19 07:45:00,3,4.2,0.7570922973085665,3,49.34016611407521,0,7,0,5.13,9.58,2.21
2026-08-19 08:00:00,4,4.2,0.8213484758999088,1,38.965631293934244,0,8,1,8.73,5.13,9.58
2026-08-19 08:15:00,3,4.2,0.801252989020616,1,55.78183745256976,0,8,1,8.49,8.73,5.13
2026-08-19 08:30:00,3,4.2,0.6775452271747571,5,25.790111455529797,1,8,1,14.34,8.49,8.73
2026-08-19 08:45:00,3,4.2,0.9435267084672618,3,96.3305313256858,1,8,1,11.1,14.34,8.49
2026-08-19 09:00:00,1,4.2,0.8707763131987349,2,37.86043208554887,0,9,1,9.94,11.1,14.34
2026-08-19 09:15:00,4,4.2,0.9351633499407215,5,93.78462203868678,0,9,1,10.89,9.94,11.1
2026-08-19 09:30:00,2,4.2,0.9435057117397889,3,54.07145240293454,0,9,1,9.2,10.89,9.94
2026-08-19 09:45:00,1,4.2,0.8993423414662959,1,98.84193066041745,0,9,1,7.43,9.2,10.89
2026-08-19 10:00:00,3,4.2,0.7756842404998869,3,64.32467067681685,0,10,0,3.8,7.43,9.2
2026-08-19 10:15:00,1,4.2,0.8442187020061698,1,94.46662913406459,0,10,0,4.73,3.8,7.43
2026-08-19 10:30:00,3,4.2,0.6641461624478973,7,20.427919095537828,0,10,0,8.99,4.73,3.8
2026-08-19 10:45:00,3,4.2,0.869458166989963,5,79.859104494472,2,10,0,9.48,8.99,4.73
2026-08-19 11:00:00,1,4.2,0.6717013022957122,6,92.24405224820123,0,11,0,8.46,9.48,8.99
2026-08-19 11:15:00,4,4.2,0.8775798362040628,5,31.177645358316326,0,11,0,6.99,8.46,9.48
2026-08-19 11:30:00,3,4.2,0.6918392643015875,7,27.69006813857212,0,11,0,8.43,6.99,8.46
2026-08-19 11:45:00,4,4.2,0.6470205200600879,4,53.96580857487645,1,11,0,10.51,8.43,6.99
2026-08-19 12:00:00,2,4.2,0.6661137960571829,4,94.69431249063481,1,12,0,9.04,10.51,8.43
2026-08-19 12:15:00,3,4.2,0.6007968540876281,4,63.390924815235095,1,12,0,7.7,9.04,10.51
2026-08-19 12:30:00,4,4.2,0.887495847141412,5,62.19651709773857,0,12,0,6.39,7.7,9.04
2026-08-19 12:45:00,4,4.2,0.8929604196233516,2,31.290089463945748,1,12,0,6.65,6.39,7.7
2026-08-19 13:00:00,2,4.2,0.8059733399653037,5,20.063160887457503,0,13,0,5.79,6.65,6.39
2026-08-19 13:15:00,4,4.2,0.6645451204221534,7,84.8112072596369,0,13,0,9.0,5.79,6.65
2026-08-19 13:30:00,4,4.2,0.6334217350042759,7,27.005965038899056,0,13,0,6.9,9.0,5.79
2026-08-19 13:45:00,2,4.2,0.6076515865749148,6,70.70798549882592,0,13,0,8.98,6.9,9.0
2026-08-19 14:00:00,3,4.2,0.6662992707860883,3,93.16931636121532,2,14,0,9.74,8.98,6.9
2026-08-19 14:15:00,4,4.2,0.9563422139932587,5,36.692153052674485,1,14,0,7.23,9.74,8.98
2026-08-19 14:30:00,4,4.2,0.6966147366806728,5,73.22182689895286,0,14,0,6.77,7.23,9.74
2026-08-19 14:45:00,4,4.2,0.7417085308868863,1,26.295886136600757,0,14,0,4.32,6.77,7.23
2026-08-19 15:00:00,1,4.2,0.6421381937925332,7,68.30041150700904,0,15,0,8.69,4.32,6.77
2026-08-19 15:15:00,2,4.2,0.6889445218992681,1,33.11453767625622,0,15,0,3.38,8.69,4.32
2026-08-19 15:30:00,1,4.2,0.807689828312082,1,78.87628484121424,0,15,0,3.08,3.38,8.69
2026-08-19 15:45:00,2,4.2,0.843101073238261,5,44.09850358351265,2,15,0,10.09,3.08,3.38
2026-08-19 16:00:00,3,4.2,0.6981409256664844,2,57.0712807043717,2,16,0,9.55,10.09,3.08
2026-08-19 16:15:00,3,4.2,0.6230928636900469,3,67.95444336220973,0,16,0,6.89,9.55,10.09
2026-08-19 16:30:00,4,4.2,0.7564131476509595,3,33.701872853299164,1,16,0,7.71,6.89,9.55
2026-08-19 16:45:00,2,4.2,0.6936813483705336,7,79.33102548940967,0,16,0,9.16,7.71,6.89
2026-08-19 17:00:00,3,4.2,0.6878215692919207,6,44.211227250945164,0,17,0,9.08,9.16,7.71
2026-08-19 17:15:00,2,4.2,0.9839451210853821,7,72.98974879302028,0,17,0,6.4,9.08,9.16
2026-08-19 17:30:00,3,4.2,0.8465201943702896,2,32.66264405594989,0,17,0,3.92,6.4,9.08
2026-08-19 17:45:00,1,4.2,0.8227513772688384,2,75.04941273650802,1,17,0,8.89,3.92,6.4
2026-08-19 18:00:00,3,4.2,0.7663100414093288,3,30.25504582483694,0,18,1,11.62,8.89,3.92
2026-08-19 18:15:00,1,4.2,0.7715777333720577,4,54.02851970159869,0,18,1,9.18,11.62,8.89
2026-08-19 18:30:00,3,4.2,0.8163620015352323,1,39.77648589911014,0,18,1,8.93,9.18,11.62
2026-08-19 18:45:00,4,4.2,0.8785719228144429,1,79.8700199542546,2,18,1,13.27,8.93,9.18
2026-08-19 19:00:00,1,4.2,0.8808584384727318,3,40.96280036054996,0,19,1,10.48,13.27,8.93
2026-08-19 19:15:00,3,4.2,0.6686775630821798,7,90.5373845116317,1,19,1,15.17,10.48,13.27
2026-08-19 19:30:00,4,4.2,0.8000451008306508,2,91.34561691252902,1,19,1,10.98,15.17,10.48
2026-08-19 19:45:00,1,4.2,0.7647832380136408,7,35.715305217822866,0,19,1,12.3,10.98,15.17
2026-08-19 20:00:00,4,4.2,0.9482107865077537,6,69.10767560061794,0,20,0,5.88,12.3,10.98
2026-08-19 20:15:00,2,4.2,0.8525675684873506,4,27.017411337597146,1,20,0,8.8,5.88,12.3
2026-08-19 20:30:00,2,4.2,0.8130016265663927,3,51.322967968130335,0,20,0,3.78,8.8,5.88
2026-08-19 20:45:00,1,4.2,0.6461578568715669,1,77.06573836010179,2,20,0,8.69,3.78,8.8
2026-08-19 21:00:00,3,4.2,0.8422551557293646,5,72.7538597479933,0,21,0,4.44,8.69,3.78
2026-08-19 21:15:00,1,4.2,0.6468815622720934,7,69.97605355252864,0,21,0,9.52,4.44,8.69
2026-08-19 21:30:00,4,4.2,0.7348826302263008,2,42.60326909299549,1,21,0,8.38,9.52,4.44
2026-08-19 21:45:00,3,4.2,0.6571367859257328,5,50.24199595475216,1,21,0,9.24,8.38,9.52
2026-08-19 22:00:00,2,4.2,0.8768294588097476,6,28.235691576022894,2,22,0,11.48,9.24,8.38
2026-08-19 22:15:00,3,4.2,0.682500845534461,3,77.52182563468807,0,22,0,6.0,11.48,9.24
2026-08-19 22:30:00,2,4.2,0.7567437492752104,7,60.311103743301885,2,22,0,14.49,6.0,11.48
2026-08-19 22:45:00,3,4.2,0.9582699110475115,1,76.70125058765237,1,22,0,5.82,14.49,6.0
2026-08-19 23:00:00,3,4.2,0.6817265533595881,7,39.91548198374982,1,23,0,10.15,5.82,14.49
2026-08-19 23:15:00,3,4.2,0.8031220255835116,4,45.9550582908053,0,23,0,4.09,10.15,5.82
2026-08-19 23:30:00,4,4.2,0.7677086644664088,5,46.73722698080917,0,23,0,5.45,4.09,10.15
2026-08-19 23:45:00,4,4.2,0.6072496164182919,4,22.059392779777298,2,23,0,11.66,5.45,4.09
2026-08-20 00:00:00,1,4.2,0.9171032454291251,6,47.28382982644988,0,0,0,5.94,11.66,5.45
2026-08-20 00:15:00,1,4.2,0.6276183625258399,1,84.26436588144269,0,0,0,4.59,5.94,11.66
2026-08-20 00:30:00,2,4.2,0.7897020083907814,5,91.78387965997908,0,0,0,5.91,4.59,5.94
2026-08-20 00:45:00,4,4.2,0.82427131797558,6,61.45746525087419,0,0,0,5.95,5.91,4.59
2026-08-20 01:00:00,2,4.2,0.8513705826458349,4,56.44013561753762,0,1,0,4.31,5.95,5.91
2026-08-20 01:15:00,1,4.2,0.8754526517231502,4,22.465969495949622,0,1,0,6.94,4.31,5.95
2026-08-20 01:30:00,2,4.2,0.701308953409086,5,90.33634700683061,1,1,0,10.25,6.94,4.31
2026-08-20 01:45:00,1,4.2,0.6039915106633797,1,21.040817074069817,0,1,0,6.23,10.25,6.94
2026-08-20 02:00:00,4,4.2,0.8893774649419648,4,95.58000641681694,0,2,0,5.86,6.23,10.25
2026-08-20 02:15:00,3,4.2,0.8142626397390315,3,59.13729989504725,0,2,0,4.53,5.86,6.23
2026-08-20 02:30:00,4,4.2,0.9344470812828995,6,47.35475948597813,0,2,0,7.84,4.53,5.86
2026-08-20 02:45:00,2,4.2,0.9285553451602777,5,93.93747478741281,0,2,0,5.81,7.84,4.53
2026-08-20 03:00:00,2,4.2,0.9373304671151532,2,21.95127944880774,1,3,0,6.42,5.81,7.84
2026-08-20 03:15:00,4,4.2,0.7940378639918161,2,66.51399158952697,0,3,0,4.3,6.42,5.81
2026-08-20 03:30:00,4,4.2,0.7334513583347463,1,63.91460195994701,2,3,0,5.97,4.3,6.42
2026-08-20 03:45:00,1,4.2,0.916623281036548,3,37.545632096910566,0,3,0,6.1,5.97,4.3
2026-08-20 04:00:00,2,4.2,0.780517645211702,4,54.31099450801685,0,4,0,6.3,6.1,5.97
2026-08-20 04:15:00,2,4.2,0.6733768785613737,2,72.18112047550161,0,4,0,5.22,6.3,6.1
2026-08-20 04:30:00,4,4.2,0.9419896078245897,1,78.17049575055421,0,4,0,2.92,5.22,6.3
2026-08-20 04:45:00,3,4.2,0.9530239507089389,6,20.057348696526383,1,4,0,9.09,2.92,5.22
2026-08-20 05:00:00,2,4.2,0.7865239024560681,3,94.94827440728122,1,5,0,6.98,9.09,2.92
2026-08-20 05:15:00,3,4.2,0.630279890923915,3,33.16202979142499,0,5,0,6.4,6.98,9.09
2026-08-20 05:30:00,4,4.2,0.7551304359667725,7,38.68643473778874,0,5,0,6.71,6.4,6.98
2026-08-20 05:45:00,4,4.2,0.9214150637850413,1,41.07787565550786,0,5,0,3.26,6.71,6.4
2026-08-20 06:00:00,1,4.2,0.9607096114184914,1,23.025610924162827,0,6,0,3.46,3.26,6.71
2026-08-20 06:15:00,2,4.2,0.6813890969990384,7,29.844169887225995,2,6,0,13.16,3.46,3.26
2026-08-20 06:30:00,3,4.2,0.6267894448101086,4,98.90799383553296,0,6,0,6.87,13.16,3.46
2026-08-20 06:45:00,1,4.2,0.9509401812531355,1,45.21733899018288,1,6,0,4.45,6.87,13.16
2026-08-20 07:00:00,2,4.2,0.7557619755915501,7,29.224087227123945,0,7,0,7.05,4.45,6.87
2026-08-20 07:15:00,1,4.2,0.8167043857070253,4,28.559300893969866,0,7,0,5.88,7.05,4.45
2026-08-20 07:30:00,4,4.2,0.9872263248203036,4,77.55679741359775,0,7,0,5.56,5.88,7.05
2026-08-20 07:45:00,2,4.2,0.6266258911656891,5,88.36549312261127,0,7,0,5.33,5.56,5.88
2026-08-20 08:00:00,1,4.2,0.8593272029808382,3,40.556183960677586,1,8,1,12.78,5.33,5.56
2026-08-20 08:15:00,1,4.2,0.6296421690299469,6,21.672760986818798,0,8,1,12.34,12.78,5.33
2026-08-20 08:30:00,3,4.2,0.7501875713866002,3,37.84720147562847,1,8,1,12.55,12.34,12.78
2026-08-20 08:45:00,1,4.2,0.9215258180773787,3,24.521255263740585,0,8,1,8.13,12.55,12.34
2026-08-20 09:00:00,2,4.2,0.7733888931022538,5,28.27159493040332,2,9,1,15.69,8.13,12.55
2026-08-20 09:15:00,2,4.2,0.9988729415611801,4,54.52064958781139,0,9,1,10.79,15.69,8.13
2026-08-20 09:30:00,3,4.2,0.8236237139786409,4,38.39346966893061,1,9,1,13.15,10.79,15.69
2026-08-20 09:45:00,2,4.2,0.7284648610543814,1,61.27567028203387,1,9,1,11.06,13.15,10.79
2026-08-20 10:00:00,4,4.2,0.6880445303619013,5,40.27950026057523,2,10,0,11.81,11.06,13.15
2026-08-20 10:15:00,2,4.2,0.7402082137144648,1,95.24298408823581,0,10,0,4.38,11.81,11.06
2026-08-20 10:30:00,2,4.2,0.7490133095038203,5,92.47551743410116,1,10,0,9.59,4.38,11.81
2026-08-20 10:45:00,1,4.2,0.6274854710895844,1,65.34448840083728,0,10,0,4.32,9.59,4.38
2026-08-20 11:00:00,1,4.2,0.7478296797707092,2,48.35391935899089,0,11,0,5.65,4.32,9.59
2026-08-20 11:15:00,2,4.2,0.7856954078956899,7,50.49175056277885,0,11,0,8.85,5.65,4.32
2026-08-20 11:30:00,3,4.2,0.8890951008955219,3,52.948182651559755,0,11,0,5.03,8.85,5.65
2026-08-20 11:45:00,1,4.2,0.8626917938886431,3,78.20634577079552,2,11,0,9.79,5.03,8.85
2026-08-20 12:00:00,3,4.2,0.8835062620916616,6,56.131119641507034,0,12,0,7.4,9.79,5.03
2026-08-20 12:15:00,2,4.2,0.6033454727507428,7,88.5383957204718,0,12,0,9.02,7.4,9.79
2026-08-20 12:30:00,2,4.2,0.6870669598322144,4,95.52758287442916,0,12,0,7.29,9.02,7.4
2026-08-20 12:45:00,4,4.2,0.8646737153599426,6,46.87569227031471,0,12,0,7.73,7.29,9.02
2026-08-20 13:00:00,1,4.2,0.7935957472718989,2,64.85555851005441,0,13,0,3.33,7.73,7.29
2026-08-20 13:15:00,2,4.2,0.6021253902673384,6,27.604522946605154,0,13,0,6.92,3.33,7.73
2026-08-20 13:30:00,4,4.2,0.921797856972729,3,36.03752382130872,0,13,0,3.77,6.92,3.33
2026-08-20 13:45:00,1,4.2,0.909123829316135,4,53.07726133681281,0,13,0,6.21,3.77,6.92
2026-08-20 14:00:00,2,4.2,0.8193676651974251,2,36.49621727214231,2,14,0,7.66,6.21,3.77
2026-08-20 14:15:00,2,4.2,0.6265853303105088,3,90.1248392630974,1,14,0,8.7,7.66,6.21
2026-08-20 14:30:00,1,4.2,0.9066060198130339,7,32.66290048472784,2,14,0,12.7,8.7,7.66
2026-08-20 14:45:00,1,4.2,0.8334854350925456,1,56.45286572424736,0,14,0,4.63,12.7,8.7
2026-08-20 15:00:00,1,4.2,0.9127839908631836,5,68.45593923679004,0,15,0,6.09,4.63,12.7
2026-08-20 15:15:00,2,4.2,0.9006987969583362,2,75.34911265286755,0,15,0,2.52,6.09,4.63
2026-08-20 15:30:00,2,4.2,0.9212008287831348,4,50.64554957812054,0,15,0,4.22,2.52,6.09
2026-08-20 15:45:00,4,4.2,0.80720322656185,6,89.52792549797829,0,15,0,5.91,4.22,2.52
2026-08-20 16:00:00,3,4.2,0.656129807277406,7,65.46553208623405,0,16,0,7.93,5.91,4.22
2026-08-20 16:15:00,1,4.2,0.8684629893518754,6,55.16062243580414,0,16,0,6.63,7.93,5.91
2026-08-20 16:30:00,2,4.2,0.8481895140207882,2,25.37925072416293,0,16,0,2.94,6.63,7.93
2026-08-20 16:45:00,2,4.2,0.8969012748796348,7,57.175157475613204,1,16,0,11.35,2.94,6.63
2026-08-20 17:00:00,1,4.2,0.6679524024202941,4,85.65886726525842,0,17,0,4.99,11.35,2.94
2026-08-20 17:15:00,3,4.2,0.6779900799601157,2,69.16328145770524,0,17,0,6.22,4.99,11.35
2026-08-20 17:30:00,1,4.2,0.9561638068877314,4,86.57299629832947,0,17,0,6.2,6.22,4.99
2026-08-20 17:45:00,3,4.2,0.8999911193808283,6,59.520933647944446,0,17,0,7.57,6.2,6.22
2026-08-20 18:00:00,2,4.2,0.9632913954801292,3,29.476936407558547,0,18,1,8.59,7.57,6.2
2026-08-20 18:15:00,3,4.2,0.9034861284655683,7,21.091187666870486,0,18,1,12.7,8.59,7.57
2026-08-20 18:30:00,4,4.2,0.8388621223961208,1,44.257563737487295,0,18,1,7.17,12.7,8.59
2026-08-20 18:45:00,2,4.2,0.8616530948111494,3,75.8392377198234,1,18,1,13.15,7.17,12.7
2026-08-20 19:00:00,4,4.2,0.9556511695760039,1,83.2207923153355,1,19,1,10.35,13.15,7.17
2026-08-20 19:15:00,1,4.2,0.8315227018047762,6,43.660226769626355,0,19,1,11.57,10.35,13.15
2026-08-20 19:30:00,1,4.2,0.8529565297313549,7,59.652313670659765,0,19,1,11.36,11.57,10.35
2026-08-20 19:45:00,1,4.2,0.6625906864014403,3,53.68951235472653,0,19,1,8.16,11.36,11.57
2026-08-20 20:00:00,3,4.2,0.7895684880464411,3,52.841822748114225,1,20,0,6.53,8.16,11.36
2026-08-20 20:15:00,2,4.2,0.8865588447832395,2,38.50789705601204,0,20,0,5.04,6.53,8.16
2026-08-20 20:30:00,1,4.2,0.7083770793265461,5,30.90968840235667,0,20,0,6.43,5.04,6.53
2026-08-20 20:45:00,1,4.2,0.680901672209814,6,35.73508465849705,0,20,0,7.49,6.43,5.04
2026-08-20 21:00:00,2,4.2,0.7255307232897662,4,24.42659097306769,0,21,0,6.71,7.49,6.43
2026-08-20 21:15:00,1,4.2,0.6966002511971334,6,35.850459345886165,1,21,0,11.89,6.71,7.49
2026-08-20 21:30:00,4,4.2,0.6859650548145584,4,20.736071810030356,0,21,0,7.56,11.89,6.71
2026-08-20 21:45:00,2,4.2,0.7699403371472348,7,70.18067205087826,0,21,0,6.98,7.56,11.89
2026-08-20 22:00:00,2,4.2,0.9631354055534136,4,45.31003259101463,0,22,0,3.04,6.98,7.56
2026-08-20 22:15:00,2,4.2,0.8028238586954873,1,97.85157691415269,0,22,0,5.97,3.04,6.98
2026-08-20 22:30:00,4,4.2,0.6751681523261293,4,35.49736406210383,1,22,0,11.05,5.97,3.04
2026-08-20 22:45:00,2,4.2,0.6307886677523497,4,47.66628562476751,1,22,0,9.17,11.05,5.97
2026-08-20 23:00:00,4,4.2,0.8784624580551701,2,48.62729269132266,0,23,0,2.7,9.17,11.05
2026-08-20 23:15:00,2,4.2,0.7531195057745551,3,20.67611968499684,0,23,0,6.19,2.7,9.17
2026-08-20 23:30:00,3,4.2,0.9287323786341437,6,87.13663624315672,0,23,0,6.43,6.19,2.7
2026-08-20 23:45:00,1,4.2,0.863804307456308,6,22.559556811545978,0,23,0,6.72,6.43,6.19
2026-08-21 00:00:00,3,4.2,0.9184965802165475,7,95.2143867783393,0,0,0,8.18,6.72,6.43
2026-08-21 00:15:00,1,4.2,0.7087784157673795,7,91.36594808748966,0,0,0,8.56,8.18,6.72
2026-08-21 00:30:00,4,4.2,0.8769435689844232,4,62.841753286877086,0,0,0,4.19,8.56,8.18
2026-08-21 00:45:00,3,4.2,0.7056247938774876,5,63.48764599290337,0,0,0,6.52,4.19,8.56
2026-08-21 01:00:00,2,4.2,0.9756273917801166,6,72.3022338364925,0,1,0,6.99,6.52,4.19
2026-08-21 01:15:00,1,4.2,0.8545497126133497,7,50.96400095479096,1,1,0,10.58,6.99,6.52
2026-08-21 01:30:00,1,4.2,0.7298047200701369,4,71.77778267182845,0,1,0,6.3,10.58,6.99
2026-08-21 01:45:00,3,4.2,0.707804744916909,7,23.58147109507895,1,1,0,11.67,6.3,10.58
2026-08-21 02:00:00,4,4.2,0.6763706340286574,1,24.323810187978125,0,2,0,3.81,11.67,6.3
2026-08-21 02:15:00,3,4.2,0.8778563835574911,1,56.57843356956355,0,2,0,3.45,3.81,11.67
2026-08-21 02:30:00,4,4.2,0.6874862451991709,7,63.9697840884828,1,2,0,7.45,3.45,3.81
2026-08-21 02:45:00,4,4.2,0.8381213063709956,1,91.02541122686551,0,2,0,3.0,7.45,3.45
2026-08-21 03:00:00,1,4.2,0.705854010770143,7,28.372850712631703,1,3,0,11.51,3.0,7.45
2026-08-21 03:15:00,3,4.2,0.8647875779175473,4,85.81183417551115,0,3,0,5.04,11.51,3.0
2026-08-21 03:30:00,3,4.2,0.9259758914162157,2,36.80378698336557,0,3,0,3.29,5.04,11.51
2026-08-21 03:45:00,4,4.2,0.9112100972578613,5,51.526691880802545,0,3,0,4.88,3.29,5.04
2026-08-21 04:00:00,3,4.2,0.9043405323723127,4,45.32819478619303,0,4,0,6.25,4.88,3.29
2026-08-21 04:15:00,2,4.2,0.6750889622769009,2,52.01242182923192,0,4,0,5.43,6.25,4.88
2026-08-21 04:30:00,2,4.2,0.6353539787938075,2,32.039639845806846,0,4,0,5.89,5.43,6.25
2026-08-21 04:45:00,3,4.2,0.8795795313949542,6,60.2856059522844,0,4,0,5.04,5.89,5.43
2026-08-21 05:00:00,3,4.2,0.7473388855177405,4,84.13140718650938,0,5,0,5.8,5.04,5.89
2026-08-21 05:15:00,4,4.2,0.7729384905613389,4,55.32272083031175,0,5,0,5.56,5.8,5.04
2026-08-21 05:30:00,2,4.2,0.6124596371173564,7,59.24908607185593,0,5,0,8.38,5.56,5.8
2026-08-21 05:45:00,2,4.2,0.7038305797100197,2,87.90140682250514,0,5,0,4.14,8.38,5.56
2026-08-21 06:00:00,1,4.2,0.6134705615497856,2,76.48464917104246,0,6,0,4.81,4.14,8.38
2026-08-21 06:15:00,4,4.2,0.9516743090404991,2,59.23635268158278,1,6,0,6.99,4.81,4.14
2026-08-21 06:30:00,1,4.2,0.6973586732874122,7,40.615651855134374,1,6,0,8.87,6.99,4.81
2026-08-21 06:45:00,2,4.2,0.8229348678292032,6,90.79413974759733,0,6,0,8.79,8.87,6.99
2026-08-21 07:00:00,4,4.2,0.6155917282644522,4,66.16163213524467,2,7,0,12.03,8.79,8.87
2026-08-21 07:15:00,3,4.2,0.8667389565222632,2,37.69180880885547,0,7,0,3.98,12.03,8.79
2026-08-21 07:30:00,4,4.2,0.7292109383016375,1,41.52958021104083,2,7,0,9.85,3.98,12.03
2026-08-21 07:45:00,3,4.2,0.9591676747830663,4,84.25064711489968,1,7,0,6.05,9.85,3.98
2026-08-21 08:00:00,3,4.2,0.9552472755736143,7,23.53164496699644,1,8,1,13.96,6.05,9.85
2026-08-21 08:15:00,4,4.2,0.7301162473446992,6,99.3673749623056,0,8,1,12.31,13.96,6.05
2026-08-21 08:30:00,3,4.2,0.9603843582761872,1,30.42813437718334,0,8,1,9.26,12.31,13.96
2026-08-21 08:45:00,1,4.2,0.9984630693995116,7,83.68548203175499,0,8,1,11.88,9.26,12.31
2026-08-21 09:00:00,2,4.2,0.9301662656495793,3,51.58202534173463,1,9,1,12.38,11.88,9.26
2026-08-21 09:15:00,3,4.2,0.9379485391020916,4,59.37729466299735,0,9,1,9.51,12.38,11.88
2026-08-21 09:30:00,1,4.2,0.699603494443636,3,90.45204619716623,1,9,1,13.46,9.51,12.38
2026-08-21 09:45:00,3,4.2,0.8306809595431025,7,53.032895167137056,0,9,1,14.36,13.46,9.51
2026-08-21 10:00:00,2,4.2,0.6269023655869471,7,62.99950029385876,1,10,0,12.09,14.36,13.46
2026-08-21 10:15:00,1,4.2,0.6379671747286678,7,23.943972992733595,0,10,0,8.47,12.09,14.36
2026-08-21 10:30:00,2,4.2,0.9995570448133162,2,20.187797909396252,0,10,0,4.1,8.47,12.09
2026-08-21 10:45:00,2,4.2,0.7306556997703644,6,39.583989840138074,0,10,0,8.01,4.1,8.47
2026-08-21 11:00:00,1,4.2,0.8992735648195385,2,74.44664743350138,0,11,0,4.38,8.01,4.1
2026-08-21 11:15:00,1,4.2,0.9226660212107266,6,29.701191468730936,0,11,0,7.68,4.38,8.01
2026-08-21 11:30:00,1,4.2,0.9432093084028916,5,29.100956704363952,1,11,0,9.38,7.68,4.38
2026-08-21 11:45:00,4,4.2,0.9990513189608626,2,52.87684864287226,0,11,0,3.3,9.38,7.68
2026-08-21 12:00:00,1,4.2,0.6965985941027472,3,71.82696308865812,0,12,0,6.13,3.3,9.38
2026-08-21 12:15:00,1,4.2,0.6161403307438799,6,76.96575937983444,1,12,0,10.06,6.13,3.3
2026-08-21 12:30:00,1,4.2,0.7644766071978344,2,34.27605392786998,0,12,0,3.56,10.06,6.13
2026-08-21 12:45:00,1,4.2,0.6520322679315788,4,26.367051789763394,2,12,0,11.12,3.56,10.06
2026-08-21 13:00:00,3,4.2,0.608970355664822,7,95.23176271564354,2,13,0,13.6,11.12,3.56
2026-08-21 13:15:00,4,4.2,0.7441707308565945,6,40.85331060496814,0,13,0,5.71,13.6,11.12
2026-08-21 13:30:00,2,4.2,0.9134953004300945,6,88.2677198086979,0,13,0,7.47,5.71,13.6
2026-08-21 13:45:00,1,4.2,0.8264722764900283,2,89.07931603702546,0,13,0,1.43,7.47,5.71
2026-08-21 14:00:00,3,4.2,0.7251111956841416,5,81.80180734100355,1,14,0,11.97,1.43,7.47
2026-08-21 14:15:00,3,4.2,0.8617368021970879,2,33.50668853220561,0,14,0,5.54,11.97,1.43
2026-08-21 14:30:00,3,4.2,0.6928072721235243,3,85.74411674033603,0,14,0,5.24,5.54,11.97
2026-08-21 14:45:00,2,4.2,0.605752578428834,3,81.54004473932693,1,14,0,8.4,5.24,5.54
2026-08-21 15:00:00,1,4.2,0.905741354574571,6,67.73783920849738,0,15,0,6.95,8.4,5.24
2026-08-21 15:15:00,4,4.2,0.8494972339456036,6,46.97616281351622,1,15,0,8.81,6.95,8.4
2026-08-21 15:30:00,4,4.2,0.904921049800384,2,41.000688341323524,1,15,0,6.54,8.81,6.95
2026-08-21 15:45:00,3,4.2,0.6155752066750663,3,29.751136966428717,0,15,0,5.71,6.54,8.81
2026-08-21 16:00:00,2,4.2,0.9348478511322609,3,60.780565352069715,1,16,0,6.82,5.71,6.54
2026-08-21 16:15:00,2,4.2,0.8478104800145213,5,66.82087004078772,1,16,0,8.89,6.82,5.71
2026-08-21 16:30:00,2,4.2,0.825358140285056,4,48.74711924126298,0,16,0,4.29,8.89,6.82
2026-08-21 16:45:00,4,4.2,0.8498456192458126,5,58.028725414469484,0,16,0,6.24,4.29,8.89
2026-08-21 17:00:00,3,4.2,0.9457732987473456,1,49.08115658954134,0,17,0,3.13,6.24,4.29
2026-08-21 17:15:00,1,4.2,0.8347746026235628,7,71.2804845856561,0,17,0,7.79,3.13,6.24
2026-08-21 17:30:00,4,4.2,0.8323801519552717,5,92.10073662372507,2,17,0,11.06,7.79,3.13
2026-08-21 17:45:00,3,4.2,0.9962716628263063,2,33.113620963755594,0,17,0,4.57,11.06,7.79
2026-08-21 18:00:00,3,4.2,0.9026920668274272,4,50.51270479224988,0,18,1,9.9,4.57,11.06
2026-08-21 18:15:00,1,4.2,0.7769175221804541,2,31.269488316068905,0,18,1,9.65,9.9,4.57
2026-08-21 18:30:00,1,4.2,0.8829588000131711,7,69.99550163262656,0,18,1,13.74,9.65,9.9
2026-08-21 18:45:00,1,4.2,0.7556921886767154,1,78.30964075908767,2,18,1,13.74,13.74,9.65
2026-08-21 19:00:00,2,4.2,0.6915501849933996,4,94.55301860779647,1,19,1,13.92,13.74,13.74
2026-08-21 19:15:00,1,4.2,0.8387407507551038,6,42.30975410087719,0,19,1,11.85,13.92,13.74
2026-08-21 19:30:00,3,4.2,0.9712728392455806,3,96.01689646923441,0,19,1,10.49,11.85,13.92
2026-08-21 19:45:00,1,4.2,0.9716558080061851,5,25.061013745653984,0,19,1,10.39,10.49,11.85
2026-08-21 20:00:00,3,4.2,0.7367621112421961,2,68.24110906916705,0,20,0,5.89,10.39,10.49
2026-08-21 20:15:00,4,4.2,0.811070986488678,1,24.570617547466398,0,20,0,3.47,5.89,10.39
2026-08-21 20:30:00,2,4.2,0.6846543594279445,3,91.50193502095559,0,20,0,4.68,3.47,5.89
2026-08-21 20:45:00,4,4.2,0.9982524437995534,5,62.38472456560433,2,20,0,11.21,4.68,3.47
2026-08-21 21:00:00,4,4.2,0.9924471631471743,3,73.54786806102368,0,21,0,3.85,11.21,4.68
2026-08-21 21:15:00,3,4.2,0.8598035718829788,5,86.5259140728362,1,21,0,9.27,3.85,11.21
2026-08-21 21:30:00,4,4.2,0.9217656238709894,6,32.0248497987175,0,21,0,3.84,9.27,3.85
2026-08-21 21:45:00,3,4.2,0.88604006451348,4,23.087324955050708,0,21,0,5.34,3.84,9.27
2026-08-21 22:00:00,1,4.2,0.8372632876157873,3,90.31049167302817,1,22,0,6.89,5.34,3.84
2026-08-21 22:15:00,1,4.2,0.6213391987955591,3,45.1946581967146,0,22,0,4.76,6.89,5.34
2026-08-21 22:30:00,3,4.2,0.7819057370210645,3,30.31831263417322,1,22,0,7.05,4.76,6.89
2026-08-21 22:45:00,1,4.2,0.8699145208669642,4,57.47689896696692,0,22,0,4.83,7.05,4.76
2026-08-21 23:00:00,2,4.2,0.8710126455534739,1,67.86448605568151,0,23,0,3.25,4.83,7.05
2026-08-21 23:15:00,4,4.2,0.7492490473689535,5,22.47764827380081,1,23,0,7.78,3.25,4.83
2026-08-21 23:30:00,2,4.2,0.9766767946632122,6,41.99165266056702,0,23,0,6.64,7.78,3.25
2026-08-21 23:45:00,4,4.2,0.6669428128947124,3,22.62398994215168,1,23,0,9.48,6.64,7.78
2026-08-22 00:00:00,1,4.2,0.8001437784862242,7,53.62683113563992,2,0,0,13.1,9.48,6.64
2026-08-22 00:15:00,2,4.2,0.876353590620329,4,91.60800232529954,0,0,0,6.19,13.1,9.48
2026-08-22 00:30:00,1,4.2,0.8788543223567237,1,98.61219291948554,0,0,0,4.36,6.19,13.1
2026-08-22 00:45:00,4,4.2,0.8594555827075262,5,70.9638042802902,0,0,0,7.39,4.36,6.19
2026-08-22 01:00:00,3,4.2,0.7101152853807441,4,32.931015502767345,0,1,0,7.99,7.39,4.36
2026-08-22 01:15:00,3,4.2,0.6624826274746488,6,92.46795119994447,1,1,0,9.74,7.99,7.39
2026-08-22 01:30:00,2,4.2,0.8543761307306843,6,61.29982585600484,0,1,0,6.16,9.74,7.99
2026-08-22 01:45:00,1,4.2,0.839720846455775,5,32.29994496823345,0,1,0,7.02,6.16,9.74
2026-08-22 02:00:00,1,4.2,0.6717424041156964,3,93.73813355613291,1,2,0,8.81,7.02,6.16
2026-08-22 02:15:00,2,4.2,0.8820556582282253,6,80.59752405784823,0,2,0,7.53,8.81,7.02
2026-08-22 02:30:00,3,4.2,0.7820687966934625,1,78.53642181785213,1,2,0,8.09,7.53,8.81
2026-08-22 02:45:00,4,4.2,0.8671042366412611,4,76.73445630355238,0,2,0,5.43,8.09,7.53
2026-08-22 03:00:00,2,4.2,0.9349468319080603,1,36.02718568771539,2,3,0,8.44,5.43,8.09
2026-08-22 03:15:00,4,4.2,0.6678913714307693,3,36.88053533660209,0,3,0,4.63,8.44,5.43
2026-08-22 03:30:00,3,4.2,0.6076579471987347,1,75.0634398741804,0,3,0,6.62,4.63,8.44
2026-08-22 03:45:00,1,4.2,0.9116410345583147,1,37.57782000883175,0,3,0,2.78,6.62,4.63
2026-08-22 04:00:00,3,4.2,0.8438789700610464,2,55.09373574424391,0,4,0,3.81,2.78,6.62
2026-08-22 04:15:00,2,4.2,0.8798558278488486,1,82.5601460475153,2,4,0,7.91,3.81,2.78
2026-08-22 04:30:00,1,4.2,0.9352619899954571,5,82.71620144782727,0,4,0,5.17,7.91,3.81
2026-08-22 04:45:00,2,4.2,0.9211243739298002,4,56.26094180206877,1,4,0,6.95,5.17,7.91
2026-08-22 05:00:00,2,4.2,0.9843680587715299,2,83.3751950620196,0,5,0,2.97,6.95,5.17
2026-08-22 05:15:00,3,4.2,0.8143740315408473,4,87.08974369584455,0,5,0,4.29,2.97,6.95
2026-08-22 05:30:00,2,4.2,0.7953982530639622,4,72.38206010274082,0,5,0,4.96,4.29,2.97
2026-08-22 05:45:00,3,4.2,0.760754879956292,3,38.27406818467361,0,5,0,7.15,4.96,4.29
2026-08-22 06:00:00,1,4.2,0.6614764171376818,3,41.9209424308438,0,6,0,6.38,7.15,4.96
2026-08-22 06:15:00,3,4.2,0.829042893152809,2,45.187292432698825,0,6,0,5.12,6.38,7.15
2026-08-22 06:30:00,1,4.2,0.7108050097303915,6,29.344328618716162,2,6,0,13.7,5.12,6.38
2026-08-22 06:45:00,3,4.2,0.9685230048851902,7,41.85276962959561,0,6,0,8.9,13.7,5.12
2026-08-22 07:00:00,4,4.2,0.833276321710839,3,36.76153794500257,0,7,0,3.1,8.9,13.7
2026-08-22 07:15:00,4,4.2,0.837136072203244,7,56.42629998468817,0,7,0,6.42,3.1,8.9
2026-08-22 07:30:00,2,4.2,0.741969864350804,3,92.67500382978119,0,7,0,4.48,6.42,3.1
2026-08-22 07:45:00,3,4.2,0.620795740791083,3,28.358425340316646,2,7,0,10.36,4.48,6.42
2026-08-22 08:00:00,3,4.2,0.6126975061491954,4,77.62143391579164,0,8,1,11.26,10.36,4.48
2026-08-22 08:15:00,1,4.2,0.769334057661279,2,74.98264035305021,0,8,1,9.01,11.26,10.36
2026-08-22 08:30:00,2,4.2,0.6338261512388951,4,27.660335893068613,0,8,1,11.69,9.01,11.26
2026-08-22 08:45:00,3,4.2,0.8427387822160557,5,93.805792392464,0,8,1,11.26,11.69,9.01
2026-08-22 09:00:00,2,4.2,0.952389202255863,4,65.47777617254556,0,9,1,9.31,11.26,11.69
2026-08-22 09:15:00,4,4.2,0.9531659266074889,7,49.09804169085474,0,9,1,9.96,9.31,11.26
2026-08-22 09:30:00,3,4.2,0.8636181640528929,7,80.52308667962453,0,9,1,11.54,9.96,9.31
2026-08-22 09:45:00,3,4.2,0.6844927325891724,5,40.589236672130724,0,9,1,11.39,11.54,9.96
2026-08-22 10:00:00,2,4.2,0.9451987325435488,1,75.48078696370564,1,10,0,5.22,11.39,11.54
2026-08-22 10:15:00,3,4.2,0.9544373741252833,1,23.176896605779778,0,10,0,1.8,5.22,11.39
2026-08-22 10:30:00,2,4.2,0.6786614339811835,5,87.15264300874176,1,10,0,8.98,1.8,5.22
2026-08-22 10:45:00,3,4.2,0.894970434308271,5,55.85366776170548,0,10,0,4.86,8.98,1.8
2026-08-22 11:00:00,1,4.2,0.7146078195708492,4,70.93543314863534,1,11,0,8.48,4.86,8.98
2026-08-22 11:15:00,2,4.2,0.9210561249411718,5,37.699025584534695,0,11,0,4.8,8.48,4.86
2026-08-22 11:30:00,3,4.2,0.9988951599614411,2,74.16589701267583,0,11,0,2.58,4.8,8.48
2026-08-22 11:45:00,4,4.2,0.6120104021317571,1,81.77922207146213,0,11,0,3.16,2.58,4.8
2026-08-22 12:00:00,3,4.2,0.9589463463163728,1,57.8570549507519,0,12,0,2.75,3.16,2.58
2026-08-22 12:15:00,4,4.2,0.8490522134394632,6,69.41815392494354,0,12,0,6.03,2.75,3.16
2026-08-22 12:30:00,4,4.2,0.9893530476659285,5,56.50607390579189,0,12,0,6.47,6.03,2.75
2026-08-22 12:45:00,1,4.2,0.786003807010571,3,91.52730954062764,0,12,0,5.49,6.47,6.03
2026-08-22 13:00:00,2,4.2,0.9389551722285495,3,59.82953444114553,0,13,0,4.32,5.49,6.47
2026-08-22 13:15:00,3,4.2,0.6249576274393108,5,87.34469672230551,0,13,0,6.41,4.32,5.49
2026-08-22 13:30:00,1,4.2,0.7341116200313182,2,84.10816466161988,1,13,0,7.5,6.41,4.32
2026-08-22 13:45:00,3,4.2,0.626806615100484,3,52.84038570786852,0,13,0,6.49,7.5,6.41
2026-08-22 14:00:00,4,4.2,0.9901372533916282,6,38.406759348598,0,14,0,6.41,6.49,7.5
2026-08-22 14:15:00,2,4.2,0.9267895629087347,7,52.486570604781676,0,14,0,8.85,6.41,6.49
2026-08-22 14:30:00,3,4.2,0.9410189684983882,5,86.09739006201761,0,14,0,6.25,8.85,6.41
2026-08-22 14:45:00,3,4.2,0.9751860925735577,2,38.21060286555139,0,14,0,4.45,6.25,8.85
2026-08-22 15:00:00,4,4.2,0.6340413944479141,2,61.954907668619946,1,15,0,7.7,4.45,6.25
2026-08-22 15:15:00,3,4.2,0.7542390370053333,4,84.4877398368598,0,15,0,6.6,7.7,4.45
2026-08-22 15:30:00,3,4.2,0.6284139556176008,2,48.2781980102703,0,15,0,4.3,6.6,7.7
2026-08-22 15:45:00,4,4.2,0.6843172406200114,3,71.3767709602158,0,15,0,5.08,4.3,6.6
2026-08-22 16:00:00,1,4.2,0.691746310815069,7,39.650525923905164,0,16,0,8.66,5.08,4.3
2026-08-22 16:15:00,4,4.2,0.7876428844190315,3,28.742355629452796,1,16,0,7.92,8.66,5.08
2026-08-22 16:30:00,1,4.2,0.707424866981457,5,83.5507380074285,1,16,0,9.84,7.92,8.66
2026-08-22 16:45:00,2,4.2,0.6403912427271045,7,27.917489872696546,0,16,0,9.64,9.84,7.92
2026-08-22 17:00:00,1,4.2,0.6669964356376431,5,41.710511606366765,0,17,0,5.59,9.64,9.84
2026-08-22 17:15:00,1,4.2,0.6589102254208363,2,88.4087537597952,0,17,0,3.98,5.59,9.64
2026-08-22 17:30:00,2,4.2,0.9892307191649193,6,47.71754296629338,0,17,0,6.5,3.98,5.59
2026-08-22 17:45:00,1,4.2,0.9037170027673894,1,97.84362796113288,0,17,0,2.43,6.5,3.98
2026-08-22 18:00:00,4,4.2,0.9871045861078248,7,98.37874678190877,1,18,1,17.86,2.43,6.5
2026-08-22 18:15:00,1,4.2,0.7758961946031634,4,41.46208163628454,0,18,1,11.34,17.86,2.43
2026-08-22 18:30:00,2,4.2,0.7113473926650626,1,23.278257779991236,0,18,1,8.94,11.34,17.86
2026-08-22 18:45:00,4,4.2,0.9193172788836746,2,76.40506273643032,0,18,1,8.27,8.94,11.34
2026-08-22 19:00:00,2,4.2,0.7305015672164588,2,56.0789202118675,1,19,1,11.65,8.27,8.94
2026-08-22 19:15:00,2,4.2,0.7197533494821393,1,28.060227516766105,0,19,1,9.01,11.65,8.27
2026-08-22 19:30:00,3,4.2,0.6930023968831325,4,76.60182551824343,1,19,1,13.81,9.01,11.65
2026-08-22 19:45:00,3,4.2,0.6518715912896941,7,22.4939927289537,0,19,1,13.03,13.81,9.01
2026-08-22 20:00:00,2,4.2,0.7025852244067063,7,89.61573523937938,0,20,0,7.99,13.03,13.81
2026-08-22 20:15:00,2,4.2,0.742127899389555,1,31.0922023290643,1,20,0,7.72,7.99,13.03
2026-08-22 20:30:00,2,4.2,0.8695976832582921,5,30.184950299738,1,20,0,9.99,7.72,7.99
2026-08-22 20:45:00,3,4.2,0.6250259368877806,3,34.05378383748676,0,20,0,6.06,9.99,7.72
2026-08-22 21:00:00,3,4.2,0.6842027758661372,6,96.82130867936533,0,21,0,6.3,6.06,9.99
2026-08-22 21:15:00,1,4.2,0.9236094561166706,5,75.45354882030767,1,21,0,8.9,6.3,6.06
2026-08-22 21:30:00,1,4.2,0.6587687694335083,7,84.10972283709094,0,21,0,10.01,8.9,6.3
2026-08-22 21:45:00,2,4.2,0.7370580586090086,3,51.810798858620245,0,21,0,6.67,10.01,8.9
2026-08-22 22:00:00,4,4.2,0.9458635687432561,6,46.90501820039644,2,22,0,12.2,6.67,10.01
2026-08-22 22:15:00,4,4.2,0.661970124457377,6,38.75872054265359,0,22,0,9.16,12.2,6.67
2026-08-22 22:30:00,3,4.2,0.6330947342472759,6,58.45184226499271,0,22,0,7.92,9.16,12.2
2026-08-22 22:45:00,3,4.2,0.7938151980320043,2,64.14629868273349,0,22,0,4.98,7.92,9.16
2026-08-22 23:00:00,3,4.2,0.7209678045114145,6,70.54198749222043,0,23,0,6.79,4.98,7.92
2026-08-22 23:15:00,2,4.2,0.8253633457935416,4,40.56948031989556,0,23,0,5.9,6.79,4.98
2026-08-22 23:30:00,4,4.2,0.9215219561933901,1,95.89232647223925,0,23,0,4.4,5.9,6.79
2026-08-22 23:45:00,1,4.2,0.6548593952610973,7,33.58067985657087,0,23,0,7.88,4.4,5.9
2026-08-23 00:00:00,2,4.2,0.832279633821714,4,97.25225398131299,0,0,0,4.71,7.88,4.4
2026-08-23 00:15:00,1,4.2,0.8022035041559455,1,21.1884898006003,0,0,0,3.71,4.71,7.88
2026-08-23 00:30:00,1,4.2,0.6576315144052798,5,58.49005534534765,0,0,0,6.83,3.71,4.71
2026-08-23 00:45:00,2,4.2,0.8495993942115929,5,46.66942704932502,2,0,0,11.85,6.83,3.71
2026-08-23 01:00:00,1,4.2,0.7094561671443087,1,55.92987311442006,0,1,0,3.57,11.85,6.83
2026-08-23 01:15:00,4,4.2,0.795133727417605,4,65.65316631846312,2,1,0,12.46,3.57,11.85
2026-08-23 01:30:00,1,4.2,0.6329089297108247,1,54.84713264101672,0,1,0,3.08,12.46,3.57
2026-08-23 01:45:00,4,4.2,0.7838336228854492,6,53.1877480241276,1,1,0,10.95,3.08,12.46
2026-08-23 02:00:00,4,4.2,0.7225853872171282,2,78.61787323306453,0,2,0,3.9,10.95,3.08
2026-08-23 02:15:00,4,4.2,0.9289524844741417,7,74.87010200691716,0,2,0,5.44,3.9,10.95
2026-08-23 02:30:00,3,4.2,0.6227914907989472,5,86.66170256286783,1,2,0,9.96,5.44,3.9
2026-08-23 02:45:00,1,4.2,0.767442909967332,7,39.99671849915964,1,2,0,10.21,9.96,5.44
2026-08-23 03:00:00,2,4.2,0.7833725696525752,2,68.76228078032509,0,3,0,3.29,10.21,9.96
2026-08-23 03:15:00,2,4.2,0.8900024305196474,6,66.81558283142832,1,3,0,7.53,3.29,10.21
2026-08-23 03:30:00,1,4.2,0.8297150300360844,6,49.5790248698151,0,3,0,6.98,7.53,3.29
2026-08-23 03:45:00,3,4.2,0.8668849348776724,5,58.88460335221447,1,3,0,9.59,6.98,7.53
2026-08-23 04:00:00,3,4.2,0.9108197142607024,5,45.1025714644583,0,4,0,6.51,9.59,6.98
2026-08-23 04:15:00,4,4.2,0.9448811894632755,6,31.347551809358816,0,4,0,6.52,6.51,9.59
2026-08-23 04:30:00,1,4.2,0.7255501986889882,3,37.104096853018625,0,4,0,5.83,6.52,6.51
2026-08-23 04:45:00,1,4.2,0.8152090821455612,7,28.44109171209609,0,4,0,7.72,5.83,6.52
2026-08-23 05:00:00,2,4.2,0.9360432313756799,2,74.64556601520994,1,5,0,4.78,7.72,5.83
2026-08-23 05:15:00,1,4.2,0.9957804523860225,7,72.85819144873213,0,5,0,5.52,4.78,7.72
2026-08-23 05:30:00,3,4.2,0.9558077244175053,2,96.04850972638982,0,5,0,3.42,5.52,4.78
2026-08-23 05:45:00,1,4.2,0.7485869050497507,3,78.3742730917793,0,5,0,5.09,3.42,5.52
2026-08-23 06:00:00,2,4.2,0.6780666068874601,4,24.163667100490514,0,6,0,7.12,5.09,3.42
2026-08-23 06:15:00,4,4.2,0.7957570149626355,2,90.73961391431634,0,6,0,5.1,7.12,5.09
2026-08-23 06:30:00,2,4.2,0.8966565807344169,7,89.01401303565807,0,6,0,7.99,5.1,7.12
2026-08-23 06:45:00,2,4.2,0.797027628301319,1,55.46562566181589,2,6,0,8.35,7.99,5.1
2026-08-23 07:00:00,4,4.2,0.7932723453254674,6,66.86904404223372,0,7,0,5.77,8.35,7.99
2026-08-23 07:15:00,2,4.2,0.9352921684327202,6,98.08626659780151,0,7,0,6.92,5.77,8.35
2026-08-23 07:30:00,2,4.2,0.7445615116268746,3,62.5843491078533,1,7,0,8.29,6.92,5.77
2026-08-23 07:45:00,1,4.2,0.9439178699246582,2,92.42574627008719,0,7,0,1.28,8.29,6.92
2026-08-23 08:00:00,1,4.2,0.7627219203806894,4,26.643100624814913,2,8,1,15.05,1.28,8.29
2026-08-23 08:15:00,4,4.2,0.7312932422713357,2,35.284149496694624,1,8,1,11.44,15.05,1.28
2026-08-23 08:30:00,1,4.2,0.7815959644798796,6,55.26039547530543,0,8,1,12.32,11.44,15.05
2026-08-23 08:45:00,1,4.2,0.9049787834699474,5,66.78054466698438,0,8,1,10.14,12.32,11.44
2026-08-23 09:00:00,2,4.2,0.6504008111455977,1,85.29822814902401,0,9,1,9.26,10.14,12.32
2026-08-23 09:15:00,3,4.2,0.6785676863488069,3,99.06096921145495,0,9,1,10.36,9.26,10.14
2026-08-23 09:30:00,1,4.2,0.9805779302652368,5,51.10811971792931,1,9,1,12.95,10.36,9.26
2026-08-23 09:45:00,3,4.2,0.6701966509525429,7,23.793250891206796,0,9,1,12.69,12.95,10.36
2026-08-23 10:00:00,1,4.2,0.8270909271724218,4,84.09372026362598,0,10,0,4.96,12.69,12.95
2026-08-23 10:15:00,1,4.2,0.8317257866647751,5,68.35045752662465,0,10,0,5.2,4.96,12.69
2026-08-23 10:30:00,4,4.2,0.7958497848200979,7,35.88342870945613,0,10,0,8.22,5.2,4.96
2026-08-23 10:45:00,4,4.2,0.8578980994307275,5,59.586276529713615,0,10,0,6.73,8.22,5.2
2026-08-23 11:00:00,4,4.2,0.6919306903190474,4,79.38481964269795,1,11,0,7.94,6.73,8.22
2026-08-23 11:15:00,3,4.2,0.8210649071106992,5,81.63294296549151,0,11,0,7.85,7.94,6.73
2026-08-23 11:30:00,2,4.2,0.7488693020987589,3,59.96947295990096,0,11,0,4.94,7.85,7.94
2026-08-23 11:45:00,1,4.2,0.8646669038516757,6,44.417162410308734,0,11,0,8.36,4.94,7.85
2026-08-23 12:00:00,1,4.2,0.6564894173492598,2,97.89940656307948,1,12,0,6.82,8.36,4.94
2026-08-23 12:15:00,1,4.2,0.8283509667357905,5,73.06900887651943,0,12,0,4.27,6.82,8.36
2026-08-23 12:30:00,3,4.2,0.6741081421533295,3,52.659001547703895,1,12,0,8.49,4.27,6.82
2026-08-23 12:45:00,4,4.2,0.7114572252460145,2,42.43705793637219,0,12,0,4.97,8.49,4.27
2026-08-23 13:00:00,2,4.2,0.6874839201294333,7,78.48823864028498,2,13,0,13.36,4.97,8.49
2026-08-23 13:15:00,3,4.2,0.6731351119475268,2,39.37467564750142,0,13,0,4.25,13.36,4.97
2026-08-23 13:30:00,4,4.2,0.9302843806242668,7,33.73679911789505,0,13,0,7.2,4.25,13.36
2026-08-23 13:45:00,3,4.2,0.7142830270643561,5,62.38671111696562,0,13,0,6.29,7.2,4.25
2026-08-23 14:00:00,2,4.2,0.9708495127457797,3,43.19899141153135,0,14,0,3.95,6.29,7.2
2026-08-23 14:15:00,4,4.2,0.9879706101380763,6,70.31241159388921,0,14,0,7.12,3.95,6.29
2026-08-23 14:30:00,3,4.2,0.8285041879748389,5,29.43509398993868,0,14,0,6.48,7.12,3.95
2026-08-23 14:45:00,2,4.2,0.6572004490662905,7,72.39528836538572,0,14,0,9.07,6.48,7.12
2026-08-23 15:00:00,1,4.2,0.7498192973518325,4,42.66372223981618,0,15,0,5.71,9.07,6.48
2026-08-23 15:15:00,2,4.2,0.9190929053392856,2,20.01943475476102,2,15,0,8.44,5.71,9.07
2026-08-23 15:30:00,1,4.2,0.7469562914788281,5,30.154884613934108,0,15,0,5.51,8.44,5.71
2026-08-23 15:45:00,3,4.2,0.6348068873211155,7,94.68923022680752,1,15,0,10.69,5.51,8.44
2026-08-23 16:00:00,4,4.2,0.8227139643712752,2,89.38837112922863,0,16,0,0.9,10.69,5.51
2026-08-23 16:15:00,4,4.2,0.9380483405984139,7,38.688722562898946,0,16,0,6.61,0.9,10.69
2026-08-23 16:30:00,3,4.2,0.9183705548574009,3,82.2697523636393,0,16,0,4.41,6.61,0.9
2026-08-23 16:45:00,4,4.2,0.6700492560521413,1,68.68572745391793,0,16,0,4.77,4.41,6.61
2026-08-23 17:00:00,4,4.2,0.8691058457649867,5,97.67237691598956,2,17,0,10.84,4.77,4.41
2026-08-23 17:15:00,1,4.2,0.6882017053742588,6,49.888452762724725,0,17,0,7.97,10.84,4.77
2026-08-23 17:30:00,3,4.2,0.6872830138208689,5,74.5168490013737,1,17,0,7.25,7.97,10.84
2026-08-23 17:45:00,2,4.2,0.9496287093220741,2,25.082857793913487,2,17,0,8.59,7.25,7.97
2026-08-23 18:00:00,1,4.2,0.699867581096092,3,51.69978774531248,0,18,1,8.79,8.59,7.25
2026-08-23 18:15:00,3,4.2,0.7052989386072045,7,97.10541289505444,2,18,1,17.04,8.79,8.59
2026-08-23 18:30:00,1,4.2,0.6002613563045198,4,63.11846995600965,0,18,1,11.43,17.04,8.79
2026-08-23 18:45:00,2,4.2,0.9482676136502071,6,43.03036026678757,2,18,1,17.73,11.43,17.04
2026-08-23 19:00:00,2,4.2,0.9170379252836539,3,29.621677050288547,1,19,1,12.36,17.73,11.43
2026-08-23 19:15:00,3,4.2,0.8509315740362712,5,76.28226721452243,0,19,1,11.21,12.36,17.73
2026-08-23 19:30:00,2,4.2,0.900106305575537,4,71.58848347437814,2,19,1,15.25,11.21,12.36
2026-08-23 19:45:00,1,4.2,0.6608194269697967,3,49.91509708830197,0,19,1,9.93,15.25,11.21
2026-08-23 20:00:00,2,4.2,0.7833294378350302,1,96.07530814926675,0,20,0,3.15,9.93,15.25
2026-08-23 20:15:00,1,4.2,0.7404877549395124,6,21.776225039028027,0,20,0,7.82,3.15,9.93
2026-08-23 20:30:00,1,4.2,0.6375106105028066,2,44.29790813054606,0,20,0,3.67,7.82,3.15
2026-08-23 20:45:00,2,4.2,0.7944521940859697,3,93.68555890396651,0,20,0,5.64,3.67,7.82
2026-08-23 21:00:00,3,4.2,0.9682958601370542,3,45.67483506555523,1,21,0,6.37,5.64,3.67
2026-08-23 21:15:00,4,4.2,0.6160236476202777,1,40.18022670841363,0,21,0,5.27,6.37,5.64
2026-08-23 21:30:00,2,4.2,0.7165843653975176,5,62.73763279449979,0,21,0,7.76,5.27,6.37
2026-08-23 21:45:00,1,4.2,0.6830163744822814,7,85.90413999364303,0,21,0,6.67,7.76,5.27
2026-08-23 22:00:00,1,4.2,0.6952586614662786,7,28.251740870268883,0,22,0,7.71,6.67,7.76
2026-08-23 22:15:00,2,4.2,0.9633738207517502,6,95.4416567716589,1,22,0,8.03,7.71,6.67
2026-08-23 22:30:00,3,4.2,0.7872276216937161,6,83.60583049449312,1,22,0,7.86,8.03,7.71
2026-08-23 22:45:00,3,4.2,0.7865197651759275,2,34.500020444124154,2,22,0,8.35,7.86,8.03
2026-08-23 23:00:00,1,4.2,0.9042302569821129,3,76.96063689585301,0,23,0,6.99,8.35,7.86
2026-08-23 23:15:00,1,4.2,0.6617968816019703,4,50.79669781100457,0,23,0,6.95,6.99,8.35
2026-08-23 23:30:00,3,4.2,0.7949061416400203,3,52.18357424610549,2,23,0,11.96,6.95,6.99
2026-08-23 23:45:00,4,4.2,0.7719940856484239,7,82.66320739510931,1,23,0,11.28,11.96,6.95
2026-08-24 00:00:00,2,4.2,0.8387642762186625,2,97.02278463845857,0,0,0,3.4,11.28,11.96
2026-08-24 00:15:00,1,4.2,0.9998230813001754,3,30.132469827775516,0,0,0,3.74,3.4,11.28
2026-08-24 00:30:00,1,4.2,0.9077795576328188,1,53.65041895030555,2,0,0,8.72,3.74,3.4
2026-08-24 00:45:00,3,4.2,0.7591462812069709,7,58.47532864674428,1,0,0,10.94,8.72,3.74
2026-08-24 01:00:00,2,4.2,0.9310212209096188,3,50.10494535639981,0,1,0,3.85,10.94,8.72
2026-08-24 01:15:00,3,4.2,0.668283345324992,3,49.055129897298,1,1,0,6.6,3.85,10.94
2026-08-24 01:30:00,2,4.2,0.6121854745235841,7,24.18149340492772,0,1,0,11.95,6.6,3.85
2026-08-24 01:45:00,2,4.2,0.6817793489857092,4,74.84308964500985,0,1,0,6.11,11.95,6.6
2026-08-24 02:00:00,2,4.2,0.7361646224457039,7,54.89715336960363,0,2,0,7.78,6.11,11.95
2026-08-24 02:15:00,1,4.2,0.804232302983824,1,35.58350421151414,0,2,0,3.71,7.78,6.11
2026-08-24 02:30:00,4,4.2,0.8460516562164799,1,85.28268018416547,0,2,0,3.17,3.71,7.78
2026-08-24 02:45:00,3,4.2,0.9642422868857687,3,84.20485985213023,0,2,0,4.4,3.17,3.71
2026-08-24 03:00:00,4,4.2,0.8039416038201831,6,58.91133024711151,0,3,0,8.39,4.4,3.17
2026-08-24 03:15:00,3,4.2,0.8005102578502917,4,43.87605289182084,1,3,0,8.09,8.39,4.4
2026-08-24 03:30:00,2,4.2,0.6200972039291929,3,71.0474180637162,2,3,0,9.67,8.09,8.39
2026-08-24 03:45:00,1,4.2,0.6139646210624895,7,43.05217086219224,0,3,0,8.5,9.67,8.09
2026-08-24 04:00:00,4,4.2,0.8204639847665488,3,38.880634425896965,0,4,0,4.46,8.5,9.67
2026-08-24 04:15:00,1,4.2,0.7752714452993378,2,78.44117232210613,2,4,0,10.86,4.46,8.5
2026-08-24 04:30:00,3,4.2,0.9356721579921194,2,23.226019177676058,0,4,0,4.88,10.86,4.46
2026-08-24 04:45:00,1,4.2,0.6642718338847381,6,27.581477682767517,1,4,0,10.34,4.88,10.86
2026-08-24 05:00:00,1,4.2,0.6099886648468198,4,20.543053921887182,1,5,0,7.8,10.34,4.88
2026-08-24 05:15:00,4,4.2,0.7796155071720503,5,32.235454918034094,0,5,0,5.29,7.8,10.34
2026-08-24 05:30:00,2,4.2,0.694991422700903,2,25.519200696836755,1,5,0,7.31,5.29,7.8
2026-08-24 05:45:00,1,4.2,0.6198457493355349,5,99.66418942239349,1,5,0,10.07,7.31,5.29
2026-08-24 06:00:00,2,4.2,0.8898393147390515,1,43.10479759632717,0,6,0,2.84,10.07,7.31
2026-08-24 06:15:00,3,4.2,0.6446371999828989,2,31.94144101353978,0,6,0,4.54,2.84,10.07
2026-08-24 06:30:00,1,4.2,0.8433278000031087,2,39.279700639673436,0,6,0,3.53,4.54,2.84
2026-08-24 06:45:00,4,4.2,0.7124199000667557,4,94.89004572321078,0,6,0,6.09,3.53,4.54
2026-08-24 07:00:00,3,4.2,0.6693984201420088,6,61.61281784195165,0,7,0,5.32,6.09,3.53
2026-08-24 07:15:00,3,4.2,0.7519006091677269,5,49.18544770462855,0,7,0,5.54,5.32,6.09
2026-08-24 07:30:00,4,4.2,0.9205783104891815,7,89.87131663273755,0,7,0,6.65,5.54,5.32
2026-08-24 07:45:00,1,4.2,0.7568374307618291,2,51.5992216439226,2,7,0,10.72,6.65,5.54
2026-08-24 08:00:00,1,4.2,0.9003078596844223,2,46.800685596615665,0,8,1,8.05,10.72,6.65
2026-08-24 08:15:00,3,4.2,0.6501945187196603,4,36.58260180397885,0,8,1,11.57,8.05,10.72
2026-08-24 08:30:00,1,4.2,0.9091085678660317,4,50.22374591275292,0,8,1,10.46,11.57,8.05
2026-08-24 08:45:00,2,4.2,0.6947733299626595,6,45.33474848135408,0,8,1,13.89,10.46,11.57
2026-08-24 09:00:00,4,4.2,0.8709572519555491,5,74.18431674385128,0,9,1,12.36,13.89,10.46
2026-08-24 09:15:00,2,4.2,0.8263126219363985,1,43.16661637365817,0,9,1,8.44,12.36,13.89
2026-08-24 09:30:00,1,4.2,0.9716578868846749,7,66.1759797138049,0,9,1,11.57,8.44,12.36
2026-08-24 09:45:00,3,4.2,0.7549290071901256,6,25.271373202557818,1,9,1,14.16,11.57,8.44
2026-08-24 10:00:00,4,4.2,0.6264660755337762,1,35.30313253572115,2,10,0,9.16,14.16,11.57
2026-08-24 10:15:00,1,4.2,0.6076621942205012,3,52.5924217289079,0,10,0,5.45,9.16,14.16
2026-08-24 10:30:00,1,4.2,0.9307434243891013,2,94.95594031269563,0,10,0,4.29,5.45,9.16
2026-08-24 10:45:00,3,4.2,0.8098942550645729,5,50.180158857255634,0,10,0,6.8,4.29,5.45
2026-08-24 11:00:00,3,4.2,0.9100976207339797,6,73.12592969598673,1,11,0,9.72,6.8,4.29
2026-08-24 11:15:00,2,4.2,0.6937702400046059,2,40.40697779371185,0,11,0,6.06,9.72,6.8
2026-08-24 11:30:00,4,4.2,0.7380334982052935,5,30.162686077858538,2,11,0,13.56,6.06,9.72
2026-08-24 11:45:00,4,4.2,0.6120415488845276,5,24.682928006404012,0,11,0,7.39,13.56,6.06
2026-08-24 12:00:00,3,4.2,0.9845969298296449,5,44.433079883420106,0,12,0,6.69,7.39,13.56
2026-08-24 12:15:00,2,4.2,0.8671471626803253,2,32.612882143752635,0,12,0,3.67,6.69,7.39
2026-08-24 12:30:00,4,4.2,0.9732820351037225,6,33.920835841289936,2,12,0,12.53,3.67,6.69
2026-08-24 12:45:00,3,4.2,0.706198562971629,7,80.860744670956,1,12,0,11.8,12.53,3.67
2026-08-24 13:00:00,1,4.2,0.8445854444902643,4,21.267045675589937,0,13,0,6.53,11.8,12.53
2026-08-24 13:15:00,4,4.2,0.871399987317055,2,64.62481005883475,0,13,0,4.09,6.53,11.8
2026-08-24 13:30:00,2,4.2,0.7270198801030354,5,50.35691044747718,0,13,0,6.08,4.09,6.53
2026-08-24 13:45:00,2,4.2,0.9392436940062521,6,60.52399999268378,0,13,0,5.1,6.08,4.09
2026-08-24 14:00:00,2,4.2,0.9788645851600991,7,65.02641897716823,1,14,0,9.48,5.1,6.08
2026-08-24 14:15:00,1,4.2,0.9539420470784017,3,45.06941555658226,1,14,0,8.36,9.48,5.1
2026-08-24 14:30:00,4,4.2,0.895626790375749,1,43.608708814742826,1,14,0,5.38,8.36,9.48
2026-08-24 14:45:00,4,4.2,0.7109858718899816,5,78.67214794679245,2,14,0,12.61,5.38,8.36
2026-08-24 15:00:00,1,4.2,0.7126464168422527,3,89.70215904969257,0,15,0,6.26,12.61,5.38
2026-08-24 15:15:00,4,4.2,0.9853441281784152,4,35.40653059668223,1,15,0,7.1,6.26,12.61
2026-08-24 15:30:00,1,4.2,0.6041137983742768,7,27.809500842811914,1,15,0,12.52,7.1,6.26
2026-08-24 15:45:00,1,4.2,0.8864199892968578,7,91.82366451136207,0,15,0,4.52,12.52,7.1
2026-08-24 16:00:00,1,4.2,0.8824984650221048,5,47.991637091791894,1,16,0,7.33,4.52,12.52
2026-08-24 16:15:00,2,4.2,0.849075816379919,7,64.10539125302513,0,16,0,6.68,7.33,4.52
2026-08-24 16:30:00,4,4.2,0.9960435384347464,3,48.76345156160028,1,16,0,5.82,6.68,7.33
2026-08-24 16:45:00,1,4.2,0.7247517743054901,5,30.064186907684103,0,16,0,7.09,5.82,6.68
2026-08-24 17:00:00,4,4.2,0.7359887455172993,2,67.14653159581825,0,17,0,4.9,7.09,5.82
2026-08-24 17:15:00,2,4.2,0.6315757611786222,6,62.01126814157037,0,17,0,8.27,4.9,7.09
2026-08-24 17:30:00,1,4.2,0.777119254617495,3,36.239484735295775,0,17,0,5.72,8.27,4.9
2026-08-24 17:45:00,3,4.2,0.7044194104939392,6,56.149523572182225,0,17,0,6.6,5.72,8.27
2026-08-24 18:00:00,2,4.2,0.7373546808710577,2,83.75580032125167,0,18,1,8.38,6.6,5.72
2026-08-24 18:15:00,3,4.2,0.933828716102251,2,67.23408824863131,0,18,1,9.11,8.38,6.6
2026-08-24 18:30:00,4,4.2,0.9741938054109983,6,27.753386165359586,0,18,1,10.71,9.11,8.38
2026-08-24 18:45:00,4,4.2,0.6742932288020742,3,63.841719778330805,1,18,1,11.52,10.71,9.11
2026-08-24 19:00:00,2,4.2,0.7490035726213864,6,76.21906394316696,2,19,1,18.32,11.52,10.71
2026-08-24 19:15:00,4,4.2,0.9714522248461577,6,83.41627246246011,0,19,1,12.74,18.32,11.52
2026-08-24 19:30:00,3,4.2,0.6247233842756891,1,70.32940629074133,1,19,1,13.47,12.74,18.32
2026-08-24 19:45:00,1,4.2,0.6369442112445514,3,32.2126531632627,0,19,1,10.94,13.47,12.74
2026-08-24 20:00:00,1,4.2,0.6651163956824917,1,76.81386132721286,1,20,0,7.35,10.94,13.47
2026-08-24 20:15:00,1,4.2,0.8380851336507499,5,74.1873476865213,0,20,0,7.62,7.35,10.94
2026-08-24 20:30:00,2,4.2,0.660188908402399,7,21.954150635250656,0,20,0,7.81,7.62,7.35
2026-08-24 20:45:00,4,4.2,0.9872305525802934,6,52.939813407219454,0,20,0,7.39,7.81,7.62
2026-08-24 21:00:00,3,4.2,0.7786858109034082,5,46.63601975698987,0,21,0,6.79,7.39,7.81
2026-08-24 21:15:00,4,4.2,0.8006071841400666,3,73.55296514029148,1,21,0,8.43,6.79,7.39
2026-08-24 21:30:00,4,4.2,0.6986634463221626,6,37.29086498487366,1,21,0,10.26,8.43,6.79
2026-08-24 21:45:00,4,4.2,0.7883841009738934,7,67.26975383794068,0,21,0,9.17,10.26,8.43
2026-08-24 22:00:00,1,4.2,0.8647654530548046,5,93.0564769451338,0,22,0,6.35,9.17,10.26
2026-08-24 22:15:00,3,4.2,0.9004708547816171,4,83.82418977668863,1,22,0,6.28,6.35,9.17
2026-08-24 22:30:00,3,4.2,0.9015472330839652,2,93.71661889732243,1,22,0,7.81,6.28,6.35
2026-08-24 22:45:00,4,4.2,0.8311564450776353,6,98.2804773546152,0,22,0,6.03,7.81,6.28
2026-08-24 23:00:00,1,4.2,0.9617439099975429,7,20.85361016049302,0,23,0,8.35,6.03,7.81
2026-08-24 23:15:00,1,4.2,0.9269631389224438,2,69.81930211019821,0,23,0,3.66,8.35,6.03
2026-08-24 23:30:00,3,4.2,0.9028192458794502,1,53.02715182071252,0,23,0,4.33,3.66,8.35
2026-08-24 23:45:00,1,4.2,0.6222422086721843,5,88.78835922680975,0,23,0,8.35,4.33,3.66
2026-08-25 00:00:00,1,4.2,0.6027511848878597,1,40.145176160730536,0,0,0,4.94,8.35,4.33
2026-08-25 00:15:00,1,4.2,0.6849789108781892,7,98.48235912920609,1,0,0,11.35,4.94,8.35
2026-08-25 00:30:00,2,4.2,0.8654094375653809,6,69.09663756349978,0,0,0,7.25,11.35,4.94
2026-08-25 00:45:00,4,4.2,0.7644789955530183,2,83.48299217830647,2,0,0,7.47,7.25,11.35
2026-08-25 01:00:00,3,4.2,0.7609625037197247,2,26.847964225821464,1,1,0,7.11,7.47,7.25
2026-08-25 01:15:00,3,4.2,0.9538347552918455,5,34.6766307807092,2,1,0,9.61,7.11,7.47
2026-08-25 01:30:00,2,4.2,0.9582251392527354,6,80.67229384273625,0,1,0,6.58,9.61,7.11
2026-08-25 01:45:00,4,4.2,0.9636701056214343,4,21.75892176314589,1,1,0,6.34,6.58,9.61
2026-08-25 02:00:00,3,4.2,0.7255512306060109,4,85.35023887150263,0,2,0,4.87,6.34,6.58
2026-08-25 02:15:00,1,4.2,0.8764223250957046,5,21.115921495352914,0,2,0,7.68,4.87,6.34
2026-08-25 02:30:00,3,4.2,0.7086532725097479,6,72.56950712490186,0,2,0,8.6,7.68,4.87
2026-08-25 02:45:00,1,4.2,0.6762439332297799,5,49.20751361854447,0,2,0,6.97,8.6,7.68
2026-08-25 03:00:00,2,4.2,0.6738529829389477,6,68.91958821753593,1,3,0,10.37,6.97,8.6
2026-08-25 03:15:00,1,4.2,0.7368430483454376,7,75.6825125591291,1,3,0,10.36,10.37,6.97
2026-08-25 03:30:00,3,4.2,0.7719830479119287,7,47.398017534904334,0,3,0,8.52,10.36,10.37
2026-08-25 03:45:00,3,4.2,0.9323796684220274,1,28.636995848866846,0,3,0,2.35,8.52,10.36
2026-08-25 04:00:00,3,4.2,0.6479564373890848,5,25.57166941986125,0,4,0,8.1,2.35,8.52
2026-08-25 04:15:00,2,4.2,0.8939703389579576,6,67.11488180500382,0,4,0,6.44,8.1,2.35
2026-08-25 04:30:00,2,4.2,0.8125819656757222,4,61.65242829872892,1,4,0,7.74,6.44,8.1
2026-08-25 04:45:00,4,4.2,0.715178137070397,6,79.3760807296906,0,4,0,7.52,7.74,6.44
2026-08-25 05:00:00,3,4.2,0.7971278338131298,7,60.77884080031497,2,5,0,12.24,7.52,7.74
2026-08-25 05:15:00,1,4.2,0.7199768279108091,6,53.79566320247033,0,5,0,7.81,12.24,7.52
2026-08-25 05:30:00,2,4.2,0.8384327820953223,5,51.84697425889847,0,5,0,5.71,7.81,12.24
2026-08-25 05:45:00,3,4.2,0.7735375691420977,1,22.115752207813397,0,5,0,4.21,5.71,7.81
2026-08-25 06:00:00,3,4.2,0.6657622116315515,1,46.844576135732574,0,6,0,5.44,4.21,5.71
2026-08-25 06:15:00,2,4.2,0.6466332298222787,1,98.08161260195953,0,6,0,3.59,5.44,4.21
2026-08-25 06:30:00,4,4.2,0.8186782728288521,1,89.8844460981671,1,6,0,5.91,3.59,5.44
2026-08-25 06:45:00,2,4.2,0.9609652133144414,7,46.35024536273741,1,6,0,10.06,5.91,3.59
2026-08-25 07:00:00,2,4.2,0.7375830746230743,3,67.02363240530977,0,7,0,4.87,10.06,5.91
2026-08-25 07:15:00,1,4.2,0.8932000428890492,5,87.78373964283952,0,7,0,6.46,4.87,10.06
2026-08-25 07:30:00,1,4.2,0.8634645419759068,2,55.30194694000549,0,7,0,4.59,6.46,4.87
2026-08-25 07:45:00,4,4.2,0.9726219657237924,5,21.436629100012077,0,7,0,6.73,4.59,6.46
2026-08-25 08:00:00,3,4.2,0.9283924069196563,3,25.960836945491206,0,8,1,8.84,6.73,4.59
2026-08-25 08:15:00,2,4.2,0.8266421035621851,1,60.83141770789653,0,8,1,7.56,8.84,6.73
2026-08-25 08:30:00,4,4.2,0.8628121992936428,3,97.55515005407027,1,8,1,11.93,7.56,8.84
2026-08-25 08:45:00,1,4.2,0.959354586633614,4,75.45676337750942,1,8,1,11.54,11.93,7.56
2026-08-25 09:00:00,2,4.2,0.759807513834774,4,25.67329531508556,2,9,1,16.47,11.54,11.93
2026-08-25 09:15:00,3,4.2,0.730717882343111,7,35.14887006334902,0,9,1,11.97,16.47,11.54
2026-08-25 09:30:00,1,4.2,0.6043244334540785,5,81.705851457348,2,9,1,19.63,11.97,16.47
2026-08-25 09:45:00,1,4.2,0.9306204296765856,5,87.31518079649958,0,9,1,12.13,19.63,11.97
2026-08-25 10:00:00,1,4.2,0.920392280161346,2,69.41556689508727,0,10,0,3.79,12.13,19.63
2026-08-25 10:15:00,4,4.2,0.6417818072400605,7,71.55385357038533,2,10,0,14.4,3.79,12.13
2026-08-25 10:30:00,3,4.2,0.83074295245308,2,22.26699603067077,0,10,0,2.54,14.4,3.79
2026-08-25 10:45:00,2,4.2,0.7855926792667549,4,86.28242076652069,0,10,0,8.31,2.54,14.4
2026-08-25 11:00:00,4,4.2,0.6474836382036445,1,83.06201665366638,1,11,0,6.22,8.31,2.54
2026-08-25 11:15:00,4,4.2,0.9922272908242894,3,40.72281152826777,2,11,0,9.03,6.22,8.31
2026-08-25 11:30:00,4,4.2,0.6858783549853422,2,76.69413759724056,1,11,0,5.48,9.03,6.22
2026-08-25 11:45:00,1,4.2,0.6268936720362245,6,37.18836851399985,0,11,0,8.39,5.48,9.03
2026-08-25 12:00:00,3,4.2,0.8379389518007638,2,23.22641288412104,0,12,0,3.04,8.39,5.48
2026-08-25 12:15:00,4,4.2,0.895546670853213,1,36.09092340723018,2,12,0,8.29,3.04,8.39
2026-08-25 12:30:00,2,4.2,0.6129773784188748,1,34.29031014034396,0,12,0,3.92,8.29,3.04
2026-08-25 12:45:00,3,4.2,0.8634870554908088,5,47.01983973878778,0,12,0,5.06,3.92,8.29
2026-08-25 13:00:00,2,4.2,0.8129167503805818,3,53.475959774036646,0,13,0,4.16,5.06,3.92
2026-08-25 13:15:00,3,4.2,0.6413060035500193,1,60.68311131981663,0,13,0,4.56,4.16,5.06
2026-08-25 13:30:00,2,4.2,0.6690095507785448,7,58.14031004066625,0,13,0,7.13,4.56,4.16
2026-08-25 13:45:00,1,4.2,0.8271897189264322,2,41.653968477223145,0,13,0,3.45,7.13,4.56
2026-08-25 14:00:00,4,4.2,0.7185430454053153,2,22.333653485925957,0,14,0,5.35,3.45,7.13
2026-08-25 14:15:00,2,4.2,0.9753262914605264,4,68.40812977897205,0,14,0,7.53,5.35,3.45
2026-08-25 14:30:00,3,4.2,0.9274960917936204,1,51.65958638778835,0,14,0,3.52,7.53,5.35
2026-08-25 14:45:00,4,4.2,0.9934268826054652,6,43.89377259100398,0,14,0,5.33,3.52,7.53
2026-08-25 15:00:00,4,4.2,0.7038683355801656,5,89.35528342644099,1,15,0,8.99,5.33,3.52
2026-08-25 15:15:00,3,4.2,0.9878894531191909,3,79.73946462385278,0,15,0,4.21,8.99,5.33
2026-08-25 15:30:00,2,4.2,0.7724935479166232,6,88.62124386979538,0,15,0,6.89,4.21,8.99
2026-08-25 15:45:00,1,4.2,0.7390075181255018,5,59.59862357699688,2,15,0,12.6,6.89,4.21
2026-08-25 16:00:00,1,4.2,0.6201398107877413,2,30.4745001701422,0,16,0,5.35,12.6,6.89
2026-08-25 16:15:00,2,4.2,0.6211061031438411,6,75.69771488970179,0,16,0,8.83,5.35,12.6
2026-08-25 16:30:00,4,4.2,0.8768045023786619,5,36.48590239497402,0,16,0,5.76,8.83,5.35
2026-08-25 16:45:00,4,4.2,0.7831715977736111,2,55.29837352733735,1,16,0,8.22,5.76,8.83
2026-08-25 17:00:00,4,4.2,0.6906086504144423,2,25.200063115911078,2,17,0,9.65,8.22,5.76
2026-08-25 17:15:00,4,4.2,0.8455881225300931,2,86.0246721938386,2,17,0,8.14,9.65,8.22
2026-08-25 17:30:00,2,4.2,0.7011432473000445,2,30.075251283800046,1,17,0,9.44,8.14,9.65
2026-08-25 17:45:00,4,4.2,0.831052701737769,7,92.24780056394478,0,17,0,5.86,9.44,8.14
2026-08-25 18:00:00,3,4.2,0.7436834987930762,2,89.13844818092457,0,18,1,8.83,5.86,9.44
2026-08-25 18:15:00,4,4.2,0.9294208906447277,4,57.16662115513969,0,18,1,9.51,8.83,5.86
2026-08-25 18:30:00,1,4.2,0.9282784643067117,6,79.54945634431925,0,18,1,14.05,9.51,8.83
2026-08-25 18:45:00,4,4.2,0.7909401592489606,5,69.55560590545227,1,18,1,15.77,14.05,9.51
2026-08-25 19:00:00,2,4.2,0.7403276437340063,4,84.24605138701959,0,19,1,12.48,15.77,14.05
2026-08-25 19:15:00,1,4.2,0.7450239186236378,7,54.54440806287296,0,19,1,12.74,12.48,15.77
2026-08-25 19:30:00,2,4.2,0.9222858102672872,4,82.864678739548,1,19,1,15.1,12.74,12.48
2026-08-25 19:45:00,2,4.2,0.7312717931190448,1,56.99654536521184,0,19,1,9.3,15.1,12.74
2026-08-25 20:00:00,1,4.2,0.6836237494827384,1,95.2772630274235,0,20,0,5.12,9.3,15.1
2026-08-25 20:15:00,2,4.2,0.6338753367501228,1,58.90976806601181,0,20,0,4.55,5.12,9.3
2026-08-25 20:30:00,2,4.2,0.7866772483537634,3,57.00954175469836,0,20,0,5.03,4.55,5.12
2026-08-25 20:45:00,4,4.2,0.7928528395679367,1,82.80574892508102,0,20,0,3.4,5.03,4.55
2026-08-25 21:00:00,3,4.2,0.9363634841611629,5,85.72621534086704,0,21,0,5.6,3.4,5.03
2026-08-25 21:15:00,2,4.2,0.6884954785784256,4,64.35912914569366,0,21,0,6.83,5.6,3.4
2026-08-25 21:30:00,2,4.2,0.7523965094673599,5,34.383825079606034,1,21,0,9.5,6.83,5.6
2026-08-25 21:45:00,2,4.2,0.9233622955574764,6,57.42065847660636,2,21,0,11.53,9.5,6.83
2026-08-25 22:00:00,4,4.2,0.9294494442995894,1,97.44580023277427,0,22,0,4.55,11.53,9.5
2026-08-25 22:15:00,3,4.2,0.7538444303915073,7,80.23889544313481,0,22,0,5.06,4.55,11.53
2026-08-25 22:30:00,1,4.2,0.7836496093146723,3,84.89300831033057,1,22,0,8.1,5.06,4.55
2026-08-25 22:45:00,4,4.2,0.7213143563397132,6,22.62603990553921,2,22,0,13.19,8.1,5.06
2026-08-25 23:00:00,4,4.2,0.9730219513677248,7,57.428757010732795,0,23,0,8.19,13.19,8.1
2026-08-25 23:15:00,3,4.2,0.6474575062966321,3,71.72969069260444,0,23,0,5.64,8.19,13.19
2026-08-25 23:30:00,3,4.2,0.973499769200588,6,86.40261469024597,1,23,0,9.05,5.64,8.19
2026-08-25 23:45:00,4,4.2,0.8735465807341373,4,23.941892286621716,0,23,0,6.37,9.05,5.64
2026-08-26 00:00:00,1,4.2,0.8126288610746925,5,88.19511085134985,0,0,0,7.85,6.37,9.05
2026-08-26 00:15:00,4,4.2,0.6130636243137983,2,63.872074939352935,0,0,0,4.86,7.85,6.37
2026-08-26 00:30:00,3,4.2,0.7902384767288033,5,35.78511764608479,0,0,0,6.73,4.86,7.85
2026-08-26 00:45:00,1,4.2,0.7630992420010929,1,45.380417315976004,0,0,0,5.46,6.73,4.86
2026-08-26 01:00:00,3,4.2,0.664487524790049,7,42.55436414012486,0,1,0,6.31,5.46,6.73
2026-08-26 01:15:00,1,4.2,0.8625638414002628,2,62.46872274307806,1,1,0,5.85,6.31,5.46
2026-08-26 01:30:00,2,4.2,0.9884603629473143,3,24.134854392890546,0,1,0,5.64,5.85,6.31
2026-08-26 01:45:00,3,4.2,0.82487552442581,4,32.682892679993884,0,1,0,6.7,5.64,5.85
2026-08-26 02:00:00,3,4.2,0.8859013105775784,4,85.01544347006259,0,2,0,5.86,6.7,5.64
2026-08-26 02:15:00,4,4.2,0.6273801810264067,3,30.608319259744885,1,2,0,7.85,5.86,6.7
2026-08-26 02:30:00,3,4.2,0.7670667983267979,1,38.671701556650156,0,2,0,2.89,7.85,5.86
2026-08-26 02:45:00,3,4.2,0.6465433940657983,3,56.26964844833259,0,2,0,5.12,2.89,7.85
2026-08-26 03:00:00,2,4.2,0.8451183342146041,6,61.36967104906644,0,3,0,8.46,5.12,2.89
2026-08-26 03:15:00,3,4.2,0.9753928632856619,7,81.08883836913269,1,3,0,8.9,8.46,5.12
2026-08-26 03:30:00,2,4.2,0.8647110929886554,7,55.786594133295026,0,3,0,7.63,8.9,8.46
2026-08-26 03:45:00,2,4.2,0.6307212193257686,1,83.1891696828431,0,3,0,3.63,7.63,8.9
2026-08-26 04:00:00,2,4.2,0.7418664819940332,2,69.4677045636366,0,4,0,5.42,3.63,7.63
2026-08-26 04:15:00,2,4.2,0.8202653517763406,3,29.047979153905796,1,4,0,6.89,5.42,3.63
2026-08-26 04:30:00,1,4.2,0.7612831024533009,1,32.50651507142709,0,4,0,3.7,6.89,5.42
2026-08-26 04:45:00,4,4.2,0.933457604190069,7,54.96269803598167,1,4,0,8.04,3.7,6.89
2026-08-26 05:00:00,1,4.2,0.9258684018839957,2,51.75115144712316,1,5,0,4.64,8.04,3.7
2026-08-26 05:15:00,3,4.2,0.8447324080412886,3,79.48354157098356,2,5,0,9.83,4.64,8.04
2026-08-26 05:30:00,1,4.2,0.7493831780530821,4,66.45897118378815,0,5,0,4.62,9.83,4.64
2026-08-26 05:45:00,1,4.2,0.7021345495052976,3,51.05064648017994,2,5,0,12.57,4.62,9.83
2026-08-26 06:00:00,3,4.2,0.6423497272852517,5,33.66082267603085,0,6,0,5.07,12.57,4.62
2026-08-26 06:15:00,3,4.2,0.7419590733946216,3,38.146968186039615,0,6,0,4.48,5.07,12.57
2026-08-26 06:30:00,3,4.2,0.7652690068830879,5,66.04008147752472,1,6,0,9.09,4.48,5.07
2026-08-26 06:45:00,1,4.2,0.8703291700416294,2,53.8751043919834,0,6,0,3.64,9.09,4.48
2026-08-26 07:00:00,1,4.2,0.8632639297190294,3,61.194200708853764,0,7,0,3.63,3.64,9.09
2026-08-26 07:15:00,3,4.2,0.6280432558565028,2,33.654194824178695,0,7,0,4.14,3.63,3.64
2026-08-26 07:30:00,4,4.2,0.7581037261724631,2,73.03250018756526,0,7,0,3.52,4.14,3.63
2026-08-26 07:45:00,4,4.2,0.6727115468869448,7,88.20309926847736,0,7,0,8.11,3.52,4.14
2026-08-26 08:00:00,2,4.2,0.6627250821267222,1,40.63516054295205,1,8,1,13.69,8.11,3.52
2026-08-26 08:15:00,3,4.2,0.9309208598948984,2,59.321138066546126,1,8,1,11.31,13.69,8.11
2026-08-26 08:30:00,2,4.2,0.616766086686503,2,98.04218632167215,0,8,1,11.33,11.31,13.69
2026-08-26 08:45:00,4,4.2,0.7676731503608485,7,46.65933924405821,0,8,1,13.47,11.33,11.31
2026-08-26 09:00:00,2,4.2,0.6672814623066072,7,67.6037075939009,2,9,1,19.53,13.47,11.33
2026-08-26 09:15:00,3,4.2,0.9517320862713896,3,27.21565601601955,0,9,1,6.54,19.53,13.47
2026-08-26 09:30:00,3,4.2,0.8228162053100141,7,68.48120019835545,0,9,1,12.41,6.54,19.53
2026-08-26 09:45:00,3,4.2,0.6925522545507392,3,27.170541864369433,0,9,1,11.81,12.41,6.54
2026-08-26 10:00:00,1,4.2,0.8009709148665506,4,96.73883482590577,0,10,0,5.14,11.81,12.41
2026-08-26 10:15:00,2,4.2,0.8925945438812464,7,77.25301216578491,0,10,0,9.17,5.14,11.81
2026-08-26 10:30:00,4,4.2,0.9832472035677735,1,83.0527830508565,0,10,0,4.28,9.17,5.14
2026-08-26 10:45:00,4,4.2,0.6881784016981676,2,76.32834886173094,0,10,0,4.35,4.28,9.17
2026-08-26 11:00:00,4,4.2,0.9544727088517381,1,67.17832288611726,0,11,0,2.42,4.35,4.28
2026-08-26 11:15:00,1,4.2,0.9737216456669961,5,55.99302248684043,0,11,0,4.62,2.42,4.35
2026-08-26 11:30:00,1,4.2,0.9665682178128265,7,88.66987038088499,1,11,0,8.94,4.62,2.42
2026-08-26 11:45:00,3,4.2,0.854165742744764,2,96.54685340344504,1,11,0,5.34,8.94,4.62
2026-08-26 12:00:00,4,4.2,0.851928261773883,1,59.92289383232651,0,12,0,3.82,5.34,8.94
2026-08-26 12:15:00,1,4.2,0.7612842532735291,7,94.52280393242096,0,12,0,6.54,3.82,5.34
2026-08-26 12:30:00,3,4.2,0.9009591529215152,7,66.6666327990814,2,12,0,12.97,6.54,3.82
2026-08-26 12:45:00,4,4.2,0.8125176073403728,4,63.070734951714655,0,12,0,6.29,12.97,6.54
2026-08-26 13:00:00,2,4.2,0.8709752284913177,4,56.35861863642853,1,13,0,6.24,6.29,12.97
2026-08-26 13:15:00,3,4.2,0.7713831615395181,2,36.743020922409585,0,13,0,6.0,6.24,6.29
2026-08-26 13:30:00,1,4.2,0.8925985856172556,5,20.297572865444735,2,13,0,11.52,6.0,6.24
2026-08-26 13:45:00,1,4.2,0.9297886070418196,4,39.3204981484849,0,13,0,5.89,11.52,6.0
2026-08-26 14:00:00,3,4.2,0.6585745026411264,4,60.777853728285216,0,14,0,5.6,5.89,11.52
2026-08-26 14:15:00,3,4.2,0.9331718862296912,5,50.3967961807802,1,14,0,8.94,5.6,5.89
2026-08-26 14:30:00,1,4.2,0.8161186127161228,1,55.878818240210705,0,14,0,4.67,8.94,5.6
2026-08-26 14:45:00,2,4.2,0.9378663636360898,4,98.45185756512396,0,14,0,5.0,4.67,8.94
2026-08-26 15:00:00,4,4.2,0.7725206825364058,3,48.02178965354621,0,15,0,7.15,5.0,4.67
2026-08-26 15:15:00,2,4.2,0.751616194153214,6,56.17463514880863,1,15,0,9.88,7.15,5.0
2026-08-26 15:30:00,3,4.2,0.966024293006889,6,30.681244108225563,0,15,0,7.51,9.88,7.15
2026-08-26 15:45:00,2,4.2,0.7004677070193606,4,23.836618594959013,0,15,0,6.46,7.51,9.88
2026-08-26 16:00:00,1,4.2,0.9376849301144572,1,82.03276116739957,0,16,0,3.59,6.46,7.51
2026-08-26 16:15:00,3,4.2,0.7936082290037616,7,65.65465400575829,0,16,0,6.18,3.59,6.46
2026-08-26 16:30:00,4,4.2,0.8056381770205039,1,80.8563844835116,0,16,0,3.97,6.18,3.59
2026-08-26 16:45:00,1,4.2,0.7233873125957936,2,31.989023910924132,0,16,0,3.93,3.97,6.18
2026-08-26 17:00:00,1,4.2,0.8292168802476063,3,65.74630169461528,0,17,0,4.04,3.93,3.97
2026-08-26 17:15:00,4,4.2,0.7300844785104845,1,40.291397947310045,0,17,0,5.68,4.04,3.93
2026-08-26 17:30:00,4,4.2,0.6157077656966609,5,38.244945352001594,0,17,0,7.04,5.68,4.04
2026-08-26 17:45:00,2,4.2,0.7087994421377424,3,20.922081124238822,0,17,0,4.43,7.04,5.68
2026-08-26 18:00:00,3,4.2,0.6025516173626363,6,30.42725788552575,0,18,1,12.65,4.43,7.04
2026-08-26 18:15:00,4,4.2,0.9913419148227427,3,44.741448919975625,0,18,1,7.86,12.65,4.43
2026-08-26 18:30:00,4,4.2,0.986298883927899,5,29.350300847275122,2,18,1,17.02,7.86,12.65
2026-08-26 18:45:00,3,4.2,0.7580621189889221,4,98.868675232875,0,18,1,10.21,17.02,7.86
2026-08-26 19:00:00,4,4.2,0.8913483417358583,5,44.690611881916055,1,19,1,14.04,10.21,17.02
2026-08-26 19:15:00,4,4.2,0.73832243936417,5,30.425915736186255,0,19,1,13.05,14.04,10.21
2026-08-26 19:30:00,2,4.2,0.8684372628343904,4,35.92658502623662,0,19,1,9.91,13.05,14.04
2026-08-26 19:45:00,1,4.2,0.9221720172183916,4,67.01625826731812,0,19,1,10.7,9.91,13.05
2026-08-26 20:00:00,1,4.2,0.9787024978768963,4,25.12348190918308,0,20,0,3.89,10.7,9.91
2026-08-26 20:15:00,1,4.2,0.7600849103398688,4,88.99473041129255,2,20,0,13.35,3.89,10.7
2026-08-26 20:30:00,1,4.2,0.913319193182419,4,96.91997433897178,2,20,0,11.15,13.35,3.89
2026-08-26 20:45:00,4,4.2,0.7063713802528475,5,39.73979365339047,1,20,0,9.15,11.15,13.35
2026-08-26 21:00:00,3,4.2,0.9961329215174594,2,56.00762148726875,0,21,0,2.66,9.15,11.15
2026-08-26 21:15:00,3,4.2,0.6103078395057404,2,21.770756082359767,0,21,0,5.06,2.66,9.15
2026-08-26 21:30:00,2,4.2,0.8414115226004484,1,71.25681797817772,0,21,0,3.09,5.06,2.66
2026-08-26 21:45:00,2,4.2,0.8638023926605308,2,53.11408464420711,2,21,0,10.99,3.09,5.06
2026-08-26 22:00:00,4,4.2,0.8752182228296514,6,41.604677288124456,0,22,0,5.56,10.99,3.09
2026-08-26 22:15:00,3,4.2,0.6481550315156356,2,36.54696884932868,0,22,0,5.14,5.56,10.99
2026-08-26 22:30:00,3,4.2,0.9754119133892521,5,72.32184621270083,0,22,0,5.61,5.14,5.56
2026-08-26 22:45:00,1,4.2,0.6724733116200331,4,53.29736248258516,0,22,0,6.18,5.61,5.14
2026-08-26 23:00:00,4,4.2,0.8491013612959364,4,34.37274312239296,2,23,0,10.39,6.18,5.61
2026-08-26 23:15:00,4,4.2,0.689070431649234,7,75.12872651894592,0,23,0,8.2,10.39,6.18
2026-08-26 23:30:00,1,4.2,0.7228865668085084,7,65.20578264293549,0,23,0,9.04,8.2,10.39
2026-08-26 23:45:00,4,4.2,0.8185834166912498,7,88.69376439435969,0,23,0,8.35,9.04,8.2
2026-08-27 00:00:00,4,4.2,0.7668773674258306,5,29.398071910119434,1,0,0,9.49,8.35,9.04
2026-08-27 00:15:00,2,4.2,0.6640902403906025,6,82.85332815555648,0,0,0,4.7,9.49,8.35
2026-08-27 00:30:00,3,4.2,0.6683745609683392,2,73.88134294538072,1,0,0,7.71,4.7,9.49
2026-08-27 00:45:00,4,4.2,0.7672579152651199,5,29.200874946247826,0,0,0,4.91,7.71,4.7
2026-08-27 01:00:00,2,4.2,0.9029131913102003,1,75.58565838973766,1,1,0,6.3,4.91,7.71
2026-08-27 01:15:00,3,4.2,0.9591858587391154,4,55.32378311038643,1,1,0,8.98,6.3,4.91
2026-08-27 01:30:00,1,4.2,0.6336510649037531,7,95.59878284446745,0,1,0,7.64,8.98,6.3
2026-08-27 01:45:00,2,4.2,0.7572415630237604,3,31.328908049431945,0,1,0,4.95,7.64,8.98
2026-08-27 02:00:00,2,4.2,0.6400982254891506,1,71.42667126525905,0,2,0,3.74,4.95,7.64
2026-08-27 02:15:00,3,4.2,0.6066369922530391,7,50.558403637035674,0,2,0,9.93,3.74,4.95
2026-08-27 02:30:00,1,4.2,0.8646874730575826,6,96.54517364727022,1,2,0,9.42,9.93,3.74
2026-08-27 02:45:00,2,4.2,0.8409797767866352,1,46.39799162322212,0,2,0,5.16,9.42,9.93
2026-08-27 03:00:00,4,4.2,0.6652076455259545,5,96.97487275934401,0,3,0,7.44,5.16,9.42
2026-08-27 03:15:00,4,4.2,0.6935251332372256,2,92.11886808805993,0,3,0,5.04,7.44,5.16
2026-08-27 03:30:00,4,4.2,0.6094831014578074,4,41.6306588248525,0,3,0,6.65,5.04,7.44
2026-08-27 03:45:00,1,4.2,0.9339788822777615,6,84.28334214611422,1,3,0,9.84,6.65,5.04
2026-08-27 04:00:00,2,4.2,0.9898762384194206,6,99.64833614428048,0,4,0,4.53,9.84,6.65
2026-08-27 04:15:00,4,4.2,0.6541838147178763,3,40.21304017370259,2,4,0,10.76,4.53,9.84
2026-08-27 04:30:00,1,4.2,0.6925900855061192,1,54.94217354586557,2,4,0,9.03,10.76,4.53
2026-08-27 04:45:00,4,4.2,0.9473638095787736,3,61.61445892534077,0,4,0,5.08,9.03,10.76
2026-08-27 05:00:00,3,4.2,0.9705855191824739,2,43.594490864309144,0,5,0,3.36,5.08,9.03
2026-08-27 05:15:00,2,4.2,0.7678509531227241,7,21.22118717168238,1,5,0,9.43,3.36,5.08
2026-08-27 05:30:00,2,4.2,0.6202489889076296,2,37.61033953580213,0,5,0,5.14,9.43,3.36
2026-08-27 05:45:00,1,4.2,0.6157567334771278,7,42.554950747340676,0,5,0,7.57,5.14,9.43
2026-08-27 06:00:00,1,4.2,0.8295799464276041,3,55.487976105454976,0,6,0,2.96,7.57,5.14
2026-08-27 06:15:00,2,4.2,0.7571580435572716,4,33.688198273072146,0,6,0,6.64,2.96,7.57
2026-08-27 06:30:00,4,4.2,0.6114609710310618,2,89.86034853533381,1,6,0,8.25,6.64,2.96
2026-08-27 06:45:00,4,4.2,0.8333009569250227,3,76.3928906185069,0,6,0,5.34,8.25,6.64
2026-08-27 07:00:00,3,4.2,0.6045210146356089,1,26.81603820477296,0,7,0,5.8,5.34,8.25
2026-08-27 07:15:00,4,4.2,0.9149487832597092,3,72.00739609119452,2,7,0,8.84,5.8,5.34
2026-08-27 07:30:00,1,4.2,0.7225731290813486,3,72.29251811244964,1,7,0,6.44,8.84,5.8
2026-08-27 07:45:00,1,4.2,0.6161032012036928,5,96.49769389149021,0,7,0,7.18,6.44,8.84
2026-08-27 08:00:00,4,4.2,0.8353408883932614,2,20.2416697084929,1,8,1,11.31,7.18,6.44
2026-08-27 08:15:00,1,4.2,0.7590737657732218,4,39.83459598446458,0,8,1,10.06,11.31,7.18
2026-08-27 08:30:00,2,4.2,0.9895201653428598,4,94.22331835002524,1,8,1,12.29,10.06,11.31
2026-08-27 08:45:00,2,4.2,0.8176794650014809,5,94.57071323186264,0,8,1,10.73,12.29,10.06
2026-08-27 09:00:00,4,4.2,0.7100956724148033,7,77.64691354965099,0,9,1,11.39,10.73,12.29
2026-08-27 09:15:00,2,4.2,0.8837755458535899,6,81.2610656838032,1,9,1,13.8,11.39,10.73
2026-08-27 09:30:00,2,4.2,0.7085968010170846,7,27.31863663437177,0,9,1,12.09,13.8,11.39
2026-08-27 09:45:00,3,4.2,0.961697316563026,4,61.11006678225869,2,9,1,15.22,12.09,13.8
2026-08-27 10:00:00,3,4.2,0.7498887882029506,3,38.52663930311995,0,10,0,4.59,15.22,12.09
2026-08-27 10:15:00,2,4.2,0.8199474251104821,5,34.49744348908938,2,10,0,12.44,4.59,15.22
2026-08-27 10:30:00,4,4.2,0.6202292415296915,1,84.8242639298666,2,10,0,11.03,12.44,4.59
2026-08-27 10:45:00,3,4.2,0.7704484951808923,2,30.803050934443796,0,10,0,5.13,11.03,12.44
2026-08-27 11:00:00,1,4.2,0.9329454158643979,2,57.49213095971082,1,11,0,4.67,5.13,11.03
2026-08-27 11:15:00,1,4.2,0.9222595221453368,2,95.08625916688264,0,11,0,5.28,4.67,5.13
2026-08-27 11:30:00,1,4.2,0.6897274235414105,3,34.866564445227404,2,11,0,12.09,5.28,4.67
2026-08-27 11:45:00,4,4.2,0.6904316284042251,1,98.23947389905877,0,11,0,4.13,12.09,5.28
2026-08-27 12:00:00,2,4.2,0.9269221248852947,5,99.54303886088472,1,12,0,9.67,4.13,12.09
2026-08-27 12:15:00,1,4.2,0.9721593680677302,5,64.44937237459223,0,12,0,5.09,9.67,4.13
2026-08-27 12:30:00,4,4.2,0.6381443685092014,2,33.611419214172635,0,12,0,3.18,5.09,9.67
2026-08-27 12:45:00,3,4.2,0.7800234557704901,1,45.28839103527165,0,12,0,2.95,3.18,5.09
2026-08-27 13:00:00,2,4.2,0.7349817115856916,1,53.95942661412281,0,13,0,5.64,2.95,3.18
2026-08-27 13:15:00,3,4.2,0.9482753821829757,1,44.74593794865783,1,13,0,3.96,5.64,2.95
2026-08-27 13:30:00,4,4.2,0.6334099658720075,4,42.450846390121264,0,13,0,6.47,3.96,5.64
2026-08-27 13:45:00,1,4.2,0.684450377023215,4,97.7783767373086,0,13,0,6.27,6.47,3.96
2026-08-27 14:00:00,1,4.2,0.9009873350345977,2,32.26918619325965,0,14,0,3.35,6.27,6.47
2026-08-27 14:15:00,4,4.2,0.6205175395924862,1,78.66623269734899,0,14,0,3.98,3.35,6.27
2026-08-27 14:30:00,1,4.2,0.7970141522857157,6,20.03282315513399,0,14,0,7.21,3.98,3.35
2026-08-27 14:45:00,2,4.2,0.776842813871888,1,67.69461355219015,1,14,0,5.66,7.21,3.98
2026-08-27 15:00:00,4,4.2,0.7337604715954995,5,93.2754403163242,2,15,0,10.3,5.66,7.21
2026-08-27 15:15:00,3,4.2,0.7578289261275695,5,43.03472752745752,0,15,0,6.82,10.3,5.66
2026-08-27 15:30:00,4,4.2,0.8119762347720931,2,34.842078020617535,0,15,0,5.34,6.82,10.3
2026-08-27 15:45:00,2,4.2,0.6645469433553532,6,72.13438359027415,0,15,0,8.6,5.34,6.82
2026-08-27 16:00:00,2,4.2,0.8287983513134372,1,77.00811258387145,0,16,0,2.68,8.6,5.34
2026-08-27 16:15:00,4,4.2,0.9221729317199945,7,75.0424415161585,0,16,0,6.02,2.68,8.6
2026-08-27 16:30:00,4,4.2,0.9040643719160636,6,45.545350401709925,1,16,0,8.87,6.02,2.68
2026-08-27 16:45:00,1,4.2,0.6615599618775094,2,40.17619217274647,0,16,0,6.51,8.87,6.02
2026-08-27 17:00:00,2,4.2,0.6596997878965896,5,96.47350399696353,1,17,0,10.2,6.51,8.87
2026-08-27 17:15:00,4,4.2,0.7072697470979653,7,93.86396066159436,0,17,0,8.94,10.2,6.51
2026-08-27 17:30:00,4,4.2,0.7444298905364148,5,56.585328791425624,0,17,0,7.56,8.94,10.2
2026-08-27 17:45:00,2,4.2,0.763382232563393,4,87.69550929234987,0,17,0,6.31,7.56,8.94
2026-08-27 18:00:00,4,4.2,0.871878886733338,2,56.18587821074368,0,18,1,9.12,6.31,7.56
2026-08-27 18:15:00,1,4.2,0.6226721728663341,2,53.95112144580083,0,18,1,10.78,9.12,6.31
2026-08-27 18:30:00,2,4.2,0.6138690816904265,1,32.54103580794357,1,18,1,11.41,10.78,9.12
2026-08-27 18:45:00,1,4.2,0.7567642251775636,1,54.11248451935783,0,18,1,7.4,11.41,10.78
2026-08-27 19:00:00,1,4.2,0.8788654768551922,4,62.99335508798456,1,19,1,13.59,7.4,11.41
2026-08-27 19:15:00,1,4.2,0.677374137182593,7,21.800346194294917,0,19,1,14.61,13.59,7.4
2026-08-27 19:30:00,1,4.2,0.8566017925025007,3,55.529040414032515,0,19,1,8.65,14.61,13.59
2026-08-27 19:45:00,2,4.2,0.7039312551761198,6,82.50849747161602,0,19,1,13.37,8.65,14.61
2026-08-27 20:00:00,1,4.2,0.9544344435254065,3,74.40368450994158,0,20,0,6.01,13.37,8.65
2026-08-27 20:15:00,1,4.2,0.9582759777066466,3,70.8125591091148,0,20,0,4.31,6.01,13.37
2026-08-27 20:30:00,4,4.2,0.7189148817125306,2,92.7644342749762,0,20,0,3.87,4.31,6.01
2026-08-27 20:45:00,2,4.2,0.6919975015852962,6,21.4425607860184,0,20,0,7.73,3.87,4.31
2026-08-27 21:00:00,2,4.2,0.7645215888264925,2,64.56380689537873,0,21,0,3.93,7.73,3.87
2026-08-27 21:15:00,3,4.2,0.6962126340720595,6,82.98790787277656,0,21,0,6.97,3.93,7.73
2026-08-27 21:30:00,2,4.2,0.8689535373166815,5,63.30683061610138,0,21,0,6.54,6.97,3.93
2026-08-27 21:45:00,2,4.2,0.9304258738193142,2,45.91164420643033,0,21,0,2.13,6.54,6.97
2026-08-27 22:00:00,3,4.2,0.8692368523644868,2,30.90004520735823,2,22,0,7.56,2.13,6.54
2026-08-27 22:15:00,2,4.2,0.9297401788997398,2,91.0050457452953,0,22,0,3.76,7.56,2.13
2026-08-27 22:30:00,2,4.2,0.7587968648829897,7,57.66099139100824,1,22,0,10.48,3.76,7.56
2026-08-27 22:45:00,2,4.2,0.6625267882835443,4,90.24921575885611,0,22,0,6.68,10.48,3.76
2026-08-27 23:00:00,2,4.2,0.8951803789590369,2,66.86816979465347,1,23,0,8.27,6.68,10.48
2026-08-27 23:15:00,3,4.2,0.7441898020566216,1,73.93536932920006,0,23,0,3.98,8.27,6.68
2026-08-27 23:30:00,2,4.2,0.868508330091653,1,84.34089235027601,2,23,0,8.91,3.98,8.27
2026-08-27 23:45:00,2,4.2,0.7082575767927063,6,72.73244356801075,0,23,0,6.56,8.91,3.98
2026-08-28 00:00:00,3,4.2,0.632491853922669,5,51.844387254315016,1,0,0,10.44,6.56,8.91
2026-08-28 00:15:00,4,4.2,0.9970327181951053,4,61.09067071429208,0,0,0,4.31,10.44,6.56
2026-08-28 00:30:00,1,4.2,0.6624806031722397,7,84.24364197407039,0,0,0,8.51,4.31,10.44
2026-08-28 00:45:00,4,4.2,0.9953683975853924,6,49.89202370983874,0,0,0,6.13,8.51,4.31
2026-08-28 01:00:00,3,4.2,0.990911973026579,1,51.04971654147977,0,1,0,3.79,6.13,8.51
2026-08-28 01:15:00,1,4.2,0.9175272415632159,4,27.655209284640094,0,1,0,3.88,3.79,6.13
2026-08-28 01:30:00,3,4.2,0.8637691848327991,4,93.16675481773981,0,1,0,3.15,3.88,3.79
2026-08-28 01:45:00,3,4.2,0.8311228201004339,5,27.282905195635337,0,1,0,6.07,3.15,3.88
2026-08-28 02:00:00,2,4.2,0.9464406181511339,4,71.85673419588447,2,2,0,10.53,6.07,3.15
2026-08-28 02:15:00,1,4.2,0.7157758086477952,2,53.055558304223815,0,2,0,4.85,10.53,6.07
2026-08-28 02:30:00,2,4.2,0.7870724849939508,4,52.44955122043539,1,2,0,9.51,4.85,10.53
2026-08-28 02:45:00,1,4.2,0.8477559877466008,5,74.36414692581471,0,2,0,6.64,9.51,4.85
2026-08-28 03:00:00,3,4.2,0.7644761903477965,6,25.3674986103903,0,3,0,6.72,6.64,9.51
2026-08-28 03:15:00,3,4.2,0.7709945816361072,5,67.49646263611477,2,3,0,9.23,6.72,6.64
2026-08-28 03:30:00,4,4.2,0.7321138670008338,7,81.76254287778838,1,3,0,10.39,9.23,6.72
2026-08-28 03:45:00,1,4.2,0.8256927266738144,5,86.25702063092754,1,3,0,9.83,10.39,9.23
2026-08-28 04:00:00,2,4.2,0.9402298112060464,1,33.642431151502024,0,4,0,2.6,9.83,10.39
2026-08-28 04:15:00,4,4.2,0.6806113512025251,2,91.79352400625389,0,4,0,4.89,2.6,9.83
2026-08-28 04:30:00,4,4.2,0.9737732155013765,1,72.49168734779538,0,4,0,3.26,4.89,2.6
2026-08-28 04:45:00,4,4.2,0.8756350614992918,6,90.54838406565463,0,4,0,5.76,3.26,4.89
2026-08-28 05:00:00,2,4.2,0.929309285072012,3,58.82245736881586,0,5,0,5.06,5.76,3.26
2026-08-28 05:15:00,4,4.2,0.8224762770520047,6,63.36266760777616,1,5,0,11.16,5.06,5.76
2026-08-28 05:30:00,2,4.2,0.9118066805696254,2,93.52306216229368,1,5,0,6.14,11.16,5.06
2026-08-28 05:45:00,4,4.2,0.6064801589357869,4,91.99276346837374,0,5,0,5.46,6.14,11.16
2026-08-28 06:00:00,2,4.2,0.9273521699118141,5,55.85286986952016,0,6,0,5.78,5.46,6.14
2026-08-28 06:15:00,3,4.2,0.6160555436341466,3,41.95301053085454,1,6,0,6.12,5.78,5.46
2026-08-28 06:30:00,3,4.2,0.955965350545145,2,51.45363476514113,0,6,0,3.96,6.12,5.78
2026-08-28 06:45:00,3,4.2,0.9967850988954573,1,51.02114628237998,0,6,0,3.19,3.96,6.12
2026-08-28 07:00:00,3,4.2,0.7176269848707111,5,42.94934999862352,0,7,0,8.47,3.19,3.96
2026-08-28 07:15:00,3,4.2,0.6841274225143175,6,41.48636834663733,0,7,0,7.45,8.47,3.19
2026-08-28 07:30:00,4,4.2,0.9061453455432162,1,88.88503491837756,2,7,0,8.55,7.45,8.47
2026-08-28 07:45:00,4,4.2,0.7012105363681013,2,25.588953654772936,0,7,0,3.9,8.55,7.45
2026-08-28 08:00:00,4,4.2,0.9462249532688813,2,74.20889456796753,0,8,1,8.31,3.9,8.55
2026-08-28 08:15:00,2,4.2,0.6411370368629906,6,33.82560411651618,0,8,1,11.31,8.31,3.9
2026-08-28 08:30:00,2,4.2,0.6503820785517432,3,47.56047147152506,2,8,1,15.5,11.31,8.31
2026-08-28 08:45:00,2,4.2,0.9916606220402462,6,24.92344273078695,1,8,1,13.45,15.5,11.31
2026-08-28 09:00:00,2,4.2,0.8695355593080019,4,41.59789094843696,0,9,1,10.71,13.45,15.5
2026-08-28 09:15:00,3,4.2,0.9387548897715812,1,81.47368568937937,0,9,1,7.37,10.71,13.45
2026-08-28 09:30:00,3,4.2,0.7297317509406072,3,90.8012259637807,0,9,1,10.42,7.37,10.71
2026-08-28 09:45:00,3,4.2,0.8705934998082417,5,37.722172152189366,0,9,1,10.77,10.42,7.37
2026-08-28 10:00:00,1,4.2,0.8376967309234389,7,57.08382714071375,0,10,0,7.32,10.77,10.42
2026-08-28 10:15:00,4,4.2,0.8412600480491788,4,57.62592383497651,0,10,0,5.61,7.32,10.77
2026-08-28 10:30:00,2,4.2,0.8730129838150886,3,89.88602446077874,0,10,0,4.73,5.61,7.32
2026-08-28 10:45:00,2,4.2,0.8301436692516394,7,81.02392423006444,0,10,0,8.45,4.73,5.61
2026-08-28 11:00:00,3,4.2,0.7716249477210664,7,61.04617746944399,0,11,0,7.83,8.45,4.73
2026-08-28 11:15:00,2,4.2,0.7103690777522187,1,73.65977603774186,1,11,0,6.17,7.83,8.45
2026-08-28 11:30:00,2,4.2,0.9074325323652808,2,87.78840431274935,0,11,0,3.66,6.17,7.83
2026-08-28 11:45:00,4,4.2,0.6905089720012745,5,20.763116322043594,0,11,0,6.2,3.66,6.17
2026-08-28 12:00:00,3,4.2,0.8769417224617657,6,52.23120248400389,2,12,0,11.41,6.2,3.66
2026-08-28 12:15:00,4,4.2,0.6933331290597307,1,92.57945338216629,0,12,0,6.13,11.41,6.2
2026-08-28 12:30:00,1,4.2,0.8501320679817815,4,79.22504246751612,1,12,0,7.08,6.13,11.41
2026-08-28 12:45:00,1,4.2,0.8988313068516116,7,63.42730994672597,0,12,0,7.1,7.08,6.13
2026-08-28 13:00:00,1,4.2,0.6874855555626157,4,62.371562162810676,0,13,0,5.84,7.1,7.08
2026-08-28 13:15:00,3,4.2,0.6239773203445232,7,47.821607808355026,1,13,0,10.86,5.84,7.1
2026-08-28 13:30:00,2,4.2,0.6523894971976696,2,61.64164269132116,0,13,0,4.65,10.86,5.84
2026-08-28 13:45:00,3,4.2,0.8423987869084102,2,72.43065595707625,1,13,0,6.91,4.65,10.86
2026-08-28 14:00:00,3,4.2,0.9397785624902942,5,53.46904307430344,0,14,0,4.08,6.91,4.65
2026-08-28 14:15:00,2,4.2,0.6179987284941697,6,77.13225171137393,0,14,0,8.98,4.08,6.91
2026-08-28 14:30:00,4,4.2,0.8936605036166585,5,88.89857818083087,0,14,0,6.63,8.98,4.08
2026-08-28 14:45:00,1,4.2,0.7365274583800209,2,32.37478785478889,0,14,0,3.36,6.63,8.98
2026-08-28 15:00:00,4,4.2,0.791411347967809,2,56.123761825393956,0,15,0,2.09,3.36,6.63
2026-08-28 15:15:00,1,4.2,0.9715438199382262,4,52.64160730280649,0,15,0,3.97,2.09,3.36
2026-08-28 15:30:00,3,4.2,0.7327886018943381,2,74.99718432397825,0,15,0,4.38,3.97,2.09
2026-08-28 15:45:00,1,4.2,0.7861347735757944,3,39.989397220634345,0,15,0,7.66,4.38,3.97
2026-08-28 16:00:00,3,4.2,0.6054729659042725,7,71.2200731961821,1,16,0,11.74,7.66,4.38
2026-08-28 16:15:00,4,4.2,0.6326394880019354,1,90.19913933851905,0,16,0,2.57,11.74,7.66
2026-08-28 16:30:00,3,4.2,0.7034366364539136,2,53.45052798348981,2,16,0,9.06,2.57,11.74
2026-08-28 16:45:00,4,4.2,0.6111408963284297,5,92.88125599833761,0,16,0,7.22,9.06,2.57
2026-08-28 17:00:00,2,4.2,0.8525501304193004,6,99.45309911467828,0,17,0,7.14,7.22,9.06
2026-08-28 17:15:00,2,4.2,0.770559342720649,7,28.487363995836166,1,17,0,9.14,7.14,7.22
2026-08-28 17:30:00,2,4.2,0.8192580810912088,7,38.64425503878869,0,17,0,7.6,9.14,7.14
2026-08-28 17:45:00,3,4.2,0.6698588743585318,6,96.03038011856745,0,17,0,6.99,7.6,9.14
2026-08-28 18:00:00,2,4.2,0.7183728117746464,6,96.66621491851095,0,18,1,11.38,6.99,7.6
2026-08-28 18:15:00,1,4.2,0.8655297899410901,7,27.81658203094068,0,18,1,12.78,11.38,6.99
2026-08-28 18:30:00,4,4.2,0.9861210894521599,3,21.199880030170934,0,18,1,9.96,12.78,11.38
2026-08-28 18:45:00,4,4.2,0.6201667094408837,5,32.88800186051378,2,18,1,18.07,9.96,12.78
2026-08-28 19:00:00,1,4.2,0.9561537283421064,3,99.68102267057986,0,19,1,9.89,18.07,9.96
2026-08-28 19:15:00,3,4.2,0.8307524805244834,2,34.39996932885495,1,19,1,11.18,9.89,18.07
2026-08-28 19:30:00,3,4.2,0.8255678267022495,1,60.20380853776185,0,19,1,9.22,11.18,9.89
2026-08-28 19:45:00,4,4.2,0.8001114140831042,6,87.87341811444088,0,19,1,12.43,9.22,11.18
2026-08-28 20:00:00,2,4.2,0.6277576343616733,5,21.632128855056507,0,20,0,7.33,12.43,9.22
2026-08-28 20:15:00,3,4.2,0.6359507406944642,6,68.35911858067675,1,20,0,9.75,7.33,12.43
2026-08-28 20:30:00,3,4.2,0.8403648022636344,3,42.162035909569944,1,20,0,6.84,9.75,7.33
2026-08-28 20:45:00,1,4.2,0.7363834285742233,4,88.98679331517853,0,20,0,6.08,6.84,9.75
2026-08-28 21:00:00,1,4.2,0.9669072266310723,2,42.676891941126335,0,21,0,6.01,6.08,6.84
2026-08-28 21:15:00,2,4.2,0.7626362149437889,1,74.94045762255271,0,21,0,4.09,6.01,6.08
2026-08-28 21:30:00,3,4.2,0.6573125834810564,2,73.93757059579175,0,21,0,4.35,4.09,6.01
2026-08-28 21:45:00,3,4.2,0.8858875334008144,4,37.7194839087712,0,21,0,4.5,4.35,4.09
2026-08-28 22:00:00,1,4.2,0.717341368576404,1,22.78393598946801,1,22,0,6.0,4.5,4.35
2026-08-28 22:15:00,3,4.2,0.8101881229423573,4,52.739965902831784,0,22,0,7.85,6.0,4.5
2026-08-28 22:30:00,4,4.2,0.879133114202068,2,43.135452157269576,1,22,0,6.06,7.85,6.0
2026-08-28 22:45:00,1,4.2,0.9601056444808281,3,84.7182199690967,0,22,0,5.21,6.06,7.85
2026-08-28 23:00:00,2,4.2,0.9168764779206704,7,84.02913507642762,0,23,0,6.92,5.21,6.06
2026-08-28 23:15:00,1,4.2,0.8705444271490896,2,56.56191617541004,0,23,0,4.26,6.92,5.21
2026-08-28 23:30:00,3,4.2,0.8718532729580575,2,68.52097802585752,1,23,0,7.29,4.26,6.92
2026-08-28 23:45:00,2,4.2,0.9783698576128346,2,68.340761278954,1,23,0,5.45,7.29,4.26
2026-08-29 00:00:00,1,4.2,0.7183296389986145,5,86.17265187420986,0,0,0,6.15,5.45,7.29
2026-08-29 00:15:00,4,4.2,0.6004448376784749,4,54.0001931298558,0,0,0,8.28,6.15,5.45
2026-08-29 00:30:00,4,4.2,0.7087818237592795,4,42.03573438324072,0,0,0,7.12,8.28,6.15
2026-08-29 00:45:00,1,4.2,0.6871565518506976,6,41.2027934512438,0,0,0,8.42,7.12,8.28
2026-08-29 01:00:00,4,4.2,0.8647338340455992,4,62.89538234257633,0,1,0,6.22,8.42,7.12
2026-08-29 01:15:00,4,4.2,0.8534846399062116,6,55.931856218577,1,1,0,9.84,6.22,8.42
2026-08-29 01:30:00,4,4.2,0.8373845530818895,5,55.209661678794895,0,1,0,8.27,9.84,6.22
2026-08-29 01:45:00,2,4.2,0.6064973772837815,3,27.290987127176578,1,1,0,8.43,8.27,9.84
2026-08-29 02:00:00,4,4.2,0.891511221780259,6,77.48829925521565,0,2,0,7.29,8.43,8.27
2026-08-29 02:15:00,4,4.2,0.7294121649941966,2,37.09893503855285,0,2,0,3.19,7.29,8.43
2026-08-29 02:30:00,4,4.2,0.8660223956026525,3,35.75629041669771,2,2,0,8.9,3.19,7.29
2026-08-29 02:45:00,2,4.2,0.8226313714008613,7,53.02066562219147,0,2,0,6.52,8.9,3.19
2026-08-29 03:00:00,1,4.2,0.7370923701711629,5,38.22226732942411,2,3,0,12.98,6.52,8.9
2026-08-29 03:15:00,3,4.2,0.6538305068416431,4,66.70866138464123,0,3,0,3.83,12.98,6.52
2026-08-29 03:30:00,4,4.2,0.6377675590641924,6,49.71706714675772,0,3,0,7.45,3.83,12.98
2026-08-29 03:45:00,1,4.2,0.9326073332448894,2,55.912937807423205,1,3,0,3.23,7.45,3.83
2026-08-29 04:00:00,4,4.2,0.9673590168326232,1,62.97354572832231,2,4,0,7.04,3.23,7.45
2026-08-29 04:15:00,2,4.2,0.8599152187057197,7,36.28284179854439,0,4,0,7.06,7.04,3.23
2026-08-29 04:30:00,1,4.2,0.6413736459441933,1,32.46012982924238,0,4,0,5.72,7.06,7.04
2026-08-29 04:45:00,2,4.2,0.7608108867552963,3,90.43375222988838,1,4,0,8.09,5.72,7.06
2026-08-29 05:00:00,4,4.2,0.8915756800420629,4,54.697896226513684,1,5,0,6.97,8.09,5.72
2026-08-29 05:15:00,4,4.2,0.9119283536040272,1,52.96748877060313,0,5,0,4.18,6.97,8.09
2026-08-29 05:30:00,2,4.2,0.6472874489164354,3,22.84897202182732,1,5,0,8.23,4.18,6.97
2026-08-29 05:45:00,3,4.2,0.6000122875381529,5,59.83810420699146,0,5,0,7.36,8.23,4.18
2026-08-29 06:00:00,2,4.2,0.884854818352242,3,64.33357772888002,0,6,0,3.44,7.36,8.23
2026-08-29 06:15:00,4,4.2,0.7426384703944823,7,64.70726967637333,0,6,0,7.09,3.44,7.36
2026-08-29 06:30:00,2,4.2,0.7017925326473041,3,76.56249354583075,0,6,0,4.64,7.09,3.44
2026-08-29 06:45:00,3,4.2,0.6051589879158101,7,34.19854679928094,2,6,0,13.74,4.64,7.09
2026-08-29 07:00:00,2,4.2,0.8161197627045998,3,40.17785073844951,0,7,0,5.03,13.74,4.64
2026-08-29 07:15:00,3,4.2,0.9404602941703927,2,84.85843721843301,2,7,0,10.23,5.03,13.74
2026-08-29 07:30:00,3,4.2,0.9830526585090351,3,95.77364934747152,0,7,0,4.58,10.23,5.03
2026-08-29 07:45:00,2,4.2,0.8262979802453156,6,30.87461978938565,1,7,0,6.79,4.58,10.23
2026-08-29 08:00:00,2,4.2,0.8057845310959577,3,59.811964360417456,1,8,1,12.76,6.79,4.58
2026-08-29 08:15:00,1,4.2,0.6340225541956964,2,37.134100219166946,0,8,1,8.62,12.76,6.79
2026-08-29 08:30:00,4,4.2,0.8195491206170399,2,24.805853468398595,0,8,1,8.27,8.62,12.76
2026-08-29 08:45:00,3,4.2,0.7519916315861579,5,46.04026705009083,0,8,1,10.82,8.27,8.62
2026-08-29 09:00:00,1,4.2,0.8428541123534308,7,31.49501001473702,1,9,1,14.46,10.82,8.27
2026-08-29 09:15:00,2,4.2,0.7554905391506187,4,76.7946458747397,1,9,1,12.05,14.46,10.82
2026-08-29 09:30:00,4,4.2,0.6961196493801467,1,62.69803309371555,0,9,1,9.29,12.05,14.46
2026-08-29 09:45:00,1,4.2,0.6379861100913505,1,31.50675767922487,1,9,1,10.44,9.29,12.05
2026-08-29 10:00:00,3,4.2,0.7259673778355583,3,20.73932707244115,0,10,0,5.71,10.44,9.29
2026-08-29 10:15:00,1,4.2,0.6386579337151009,5,84.65256392193702,0,10,0,9.38,5.71,10.44
2026-08-29 10:30:00,3,4.2,0.6707587803295936,3,34.095552493139806,1,10,0,6.77,9.38,5.71
2026-08-29 10:45:00,2,4.2,0.9949344634318184,1,68.49733137766128,0,10,0,2.46,6.77,9.38
2026-08-29 11:00:00,4,4.2,0.7776414227626475,7,46.953753046139646,1,11,0,7.9,2.46,6.77
2026-08-29 11:15:00,4,4.2,0.8127487066020066,7,66.83887506520284,0,11,0,7.46,7.9,2.46
2026-08-29 11:30:00,4,4.2,0.9494474114948861,7,45.25229015858592,0,11,0,7.79,7.46,7.9
2026-08-29 11:45:00,2,4.2,0.9982275601962751,2,26.955164855380332,0,11,0,4.15,7.79,7.46
2026-08-29 12:00:00,3,4.2,0.8330857797378726,4,37.83600068462029,0,12,0,5.65,4.15,7.79
2026-08-29 12:15:00,2,4.2,0.9249895284176687,5,35.044685318326046,1,12,0,9.25,5.65,4.15
2026-08-29 12:30:00,4,4.2,0.7307764097346701,2,54.241548195171504,0,12,0,7.18,9.25,5.65
2026-08-29 12:45:00,2,4.2,0.7222975829789164,4,72.66270267409259,0,12,0,7.78,7.18,9.25
2026-08-29 13:00:00,2,4.2,0.7610814883978241,5,41.1044859957086,0,13,0,6.07,7.78,7.18
2026-08-29 13:15:00,2,4.2,0.8690029050694597,5,20.965594824049436,0,13,0,4.66,6.07,7.78
2026-08-29 13:30:00,3,4.2,0.8728766757020394,1,61.51498914118055,1,13,0,5.39,4.66,6.07
2026-08-29 13:45:00,1,4.2,0.7260957738597803,2,68.46075914871776,0,13,0,3.71,5.39,4.66
2026-08-29 14:00:00,1,4.2,0.6532839696546514,5,97.02963952014477,0,14,0,7.53,3.71,5.39
2026-08-29 14:15:00,2,4.2,0.8529585025862034,6,67.15766424745975,2,14,0,10.7,7.53,3.71
2026-08-29 14:30:00,1,4.2,0.6513303448755058,7,57.693804750251346,0,14,0,8.42,10.7,7.53
2026-08-29 14:45:00,1,4.2,0.831397003291732,5,65.87213007181631,1,14,0,9.62,8.42,10.7
2026-08-29 15:00:00,2,4.2,0.8773688512225235,4,94.23205038896216,0,15,0,5.27,9.62,8.42
2026-08-29 15:15:00,2,4.2,0.8802445985577807,1,86.2702516481317,0,15,0,2.31,5.27,9.62
2026-08-29 15:30:00,4,4.2,0.9013888442638387,3,45.83829866910464,1,15,0,8.24,2.31,5.27
2026-08-29 15:45:00,1,4.2,0.9491437686262658,7,38.98034909257098,1,15,0,7.77,8.24,2.31
2026-08-29 16:00:00,3,4.2,0.7999835967859154,1,41.01068898928589,0,16,0,3.29,7.77,8.24
2026-08-29 16:15:00,2,4.2,0.8920996758118285,3,60.35368317721704,0,16,0,4.56,3.29,7.77
2026-08-29 16:30:00,4,4.2,0.8476690941463347,2,79.52395609828622,0,16,0,4.12,4.56,3.29
2026-08-29 16:45:00,3,4.2,0.674655975919073,2,60.257536574636966,0,16,0,5.06,4.12,4.56
2026-08-29 17:00:00,1,4.2,0.6102758579477633,5,25.423711666249005,1,17,0,10.38,5.06,4.12
2026-08-29 17:15:00,4,4.2,0.7138165542707735,6,77.88645603519848,0,17,0,7.47,10.38,5.06
2026-08-29 17:30:00,2,4.2,0.7772134825350477,2,84.4776102936763,0,17,0,4.05,7.47,10.38
2026-08-29 17:45:00,3,4.2,0.8468423777714625,5,43.15982920957757,1,17,0,8.3,4.05,7.47
2026-08-29 18:00:00,2,4.2,0.9399837322012822,7,73.13005914266803,0,18,1,11.58,8.3,4.05
2026-08-29 18:15:00,1,4.2,0.6784982866824663,1,54.12735208435147,0,18,1,9.95,11.58,8.3
2026-08-29 18:30:00,3,4.2,0.6502199159593908,2,91.12954845819543,1,18,1,11.85,9.95,11.58
2026-08-29 18:45:00,1,4.2,0.985391978989731,1,87.61804465285918,1,18,1,11.13,11.85,9.95
2026-08-29 19:00:00,1,4.2,0.6432178237505628,1,62.03455986477138,0,19,1,9.34,11.13,11.85
2026-08-29 19:15:00,4,4.2,0.7913964280428757,6,75.32044366508757,0,19,1,11.64,9.34,11.13
2026-08-29 19:30:00,2,4.2,0.8342254915173207,2,90.66797608176832,0,19,1,9.78,11.64,9.34
2026-08-29 19:45:00,3,4.2,0.8165497683629753,1,59.65736080626204,0,19,1,7.82,9.78,11.64
2026-08-29 20:00:00,1,4.2,0.6344128628131772,6,45.060059239105755,0,20,0,8.5,7.82,9.78
2026-08-29 20:15:00,1,4.2,0.6228107656014478,6,80.2932910327665,1,20,0,10.63,8.5,7.82
2026-08-29 20:30:00,3,4.2,0.6421933709844142,2,37.60530038277534,2,20,0,9.43,10.63,8.5
2026-08-29 20:45:00,1,4.2,0.834235073549045,6,51.082491840483364,1,20,0,9.99,9.43,10.63
2026-08-29 21:00:00,4,4.2,0.8177379550537285,2,89.25817896854349,0,21,0,4.79,9.99,9.43
2026-08-29 21:15:00,4,4.2,0.6934963168146977,2,77.95378722154521,1,21,0,8.46,4.79,9.99
2026-08-29 21:30:00,4,4.2,0.8551096567382366,3,52.30488041979994,0,21,0,5.74,8.46,4.79
2026-08-29 21:45:00,4,4.2,0.9280270008222598,1,37.17956019266859,0,21,0,3.54,5.74,8.46
2026-08-29 22:00:00,1,4.2,0.6166315839386375,4,48.477471266578924,0,22,0,5.42,3.54,5.74
2026-08-29 22:15:00,3,4.2,0.7992519774192169,2,42.72833193819464,0,22,0,6.77,5.42,3.54
2026-08-29 22:30:00,3,4.2,0.8757241648410761,1,34.08714303550831,2,22,0,6.88,6.77,5.42
2026-08-29 22:45:00,3,4.2,0.7009247708278749,7,79.46663308525254,0,22,0,9.22,6.88,6.77
2026-08-29 23:00:00,3,4.2,0.7231083621172596,6,40.16559094801372,0,23,0,7.9,9.22,6.88
2026-08-29 23:15:00,2,4.2,0.8454551611957535,5,56.333397613421106,2,23,0,10.04,7.9,9.22
2026-08-29 23:30:00,3,4.2,0.9591741173774948,2,50.86875574688872,0,23,0,3.48,10.04,7.9
2026-08-29 23:45:00,2,4.2,0.9239697681211597,6,98.56619029085047,1,23,0,8.98,3.48,10.04
2026-08-30 00:00:00,2,4.2,0.8332520876398334,6,51.28737953185764,0,0,0,8.28,8.98,3.48
2026-08-30 00:15:00,4,4.2,0.8920886871028997,6,26.398598623740384,0,0,0,5.99,8.28,8.98
2026-08-30 00:30:00,2,4.2,0.7459289880831195,6,27.186060205766722,2,0,0,12.1,5.99,8.28
2026-08-30 00:45:00,1,4.2,0.8563862112395031,6,67.26029770824519,0,0,0,4.53,12.1,5.99
2026-08-30 01:00:00,2,4.2,0.7864726364510228,2,67.94908413906126,0,1,0,6.12,4.53,12.1
2026-08-30 01:15:00,4,4.2,0.6759744545830244,7,53.5007192386124,0,1,0,7.31,6.12,4.53
2026-08-30 01:30:00,2,4.2,0.8806953095509029,4,54.547495384962374,0,1,0,5.68,7.31,6.12
2026-08-30 01:45:00,1,4.2,0.8225858549395288,3,24.314606627269697,0,1,0,4.82,5.68,7.31
2026-08-30 02:00:00,1,4.2,0.7434486327814366,6,61.32372083114098,0,2,0,7.28,4.82,5.68
2026-08-30 02:15:00,1,4.2,0.9645356760314523,6,60.37915803042814,0,2,0,7.19,7.28,4.82
2026-08-30 02:30:00,4,4.2,0.6083736471306933,3,31.963945484555563,1,2,0,10.05,7.19,7.28
2026-08-30 02:45:00,4,4.2,0.7263092604997984,7,28.307150888874204,0,2,0,8.4,10.05,7.19
2026-08-30 03:00:00,3,4.2,0.6227525591110586,7,29.88579924795924,0,3,0,9.27,8.4,10.05
2026-08-30 03:15:00,4,4.2,0.9066109264886508,2,28.08225971930068,0,3,0,4.17,9.27,8.4
2026-08-30 03:30:00,1,4.2,0.880842981645517,1,68.77665564294078,2,3,0,9.27,4.17,9.27
2026-08-30 03:45:00,1,4.2,0.7325408874945268,5,35.71861219223349,2,3,0,11.26,9.27,4.17
2026-08-30 04:00:00,4,4.2,0.8702651608828291,5,40.11441217499708,1,4,0,9.68,11.26,9.27
2026-08-30 04:15:00,2,4.2,0.7583748904783799,1,33.88577153211518,1,4,0,7.42,9.68,11.26
2026-08-30 04:30:00,4,4.2,0.9025015165689737,2,96.62682435588025,0,4,0,4.94,7.42,9.68
2026-08-30 04:45:00,4,4.2,0.7816734650946824,5,88.36939705214684,0,4,0,5.84,4.94,7.42
2026-08-30 05:00:00,1,4.2,0.7649118911326662,7,38.43958698812167,0,5,0,7.81,5.84,4.94
2026-08-30 05:15:00,3,4.2,0.9738919661953204,3,46.205303513770076,0,5,0,4.48,7.81,5.84
2026-08-30 05:30:00,1,4.2,0.7003516399562801,1,36.791427384399775,0,5,0,2.7,4.48,7.81
2026-08-30 05:45:00,3,4.2,0.6481789359986262,7,59.3500767568659,0,5,0,10.1,2.7,4.48
2026-08-30 06:00:00,1,4.2,0.8338172453037833,4,21.56884259794029,2,6,0,10.56,10.1,2.7
2026-08-30 06:15:00,4,4.2,0.9877287249136716,2,73.70944071174365,1,6,0,6.26,10.56,10.1
2026-08-30 06:30:00,1,4.2,0.7511356854908746,1,61.85265198541133,0,6,0,3.26,6.26,10.56
2026-08-30 06:45:00,1,4.2,0.6248147054515126,5,91.89111426408826,1,6,0,8.38,3.26,6.26
2026-08-30 07:00:00,1,4.2,0.735722106923827,2,33.15141474627313,0,7,0,4.01,8.38,3.26
2026-08-30 07:15:00,4,4.2,0.8023726617278234,3,84.32873968489054,0,7,0,5.23,4.01,8.38
2026-08-30 07:30:00,4,4.2,0.6647692026528854,2,83.35688115733726,0,7,0,5.6,5.23,4.01
2026-08-30 07:45:00,4,4.2,0.8632408872225967,2,30.174495137350952,0,7,0,4.2,5.6,5.23
2026-08-30 08:00:00,4,4.2,0.9990997556040803,3,51.88473793153021,0,8,1,9.47,4.2,5.6
2026-08-30 08:15:00,3,4.2,0.7806957903925775,6,33.61221129156135,1,8,1,14.37,9.47,4.2
2026-08-30 08:30:00,3,4.2,0.7418914226920851,3,40.377640036603914,0,8,1,10.78,14.37,9.47
2026-08-30 08:45:00,2,4.2,0.7602816667337866,7,41.05969398644355,0,8,1,14.48,10.78,14.37
2026-08-30 09:00:00,4,4.2,0.6460584713580805,2,64.49891152206182,0,9,1,10.72,14.48,10.78
2026-08-30 09:15:00,3,4.2,0.9533094405704895,3,52.91287454083724,0,9,1,10.14,10.72,14.48
2026-08-30 09:30:00,1,4.2,0.7659302622085408,6,95.81862432050443,1,9,1,15.07,10.14,10.72
2026-08-30 09:45:00,4,4.2,0.7549097645699365,7,30.10961135576041,0,9,1,11.52,15.07,10.14
2026-08-30 10:00:00,2,4.2,0.8638761091721897,1,97.8953707880159,2,10,0,7.29,11.52,15.07
2026-08-30 10:15:00,2,4.2,0.7768133683724494,3,38.45109121714111,2,10,0,10.58,7.29,11.52
2026-08-30 10:30:00,2,4.2,0.8592933875231383,3,81.82991491054824,0,10,0,4.74,10.58,7.29
2026-08-30 10:45:00,1,4.2,0.624578516052315,2,47.117594093825716,0,10,0,5.55,4.74,10.58
2026-08-30 11:00:00,3,4.2,0.925489337488891,7,31.446511633385114,1,11,0,11.43,5.55,4.74
2026-08-30 11:15:00,1,4.2,0.976201581151761,1,88.6311348196992,2,11,0,8.55,11.43,5.55
2026-08-30 11:30:00,4,4.2,0.8595061544637543,4,44.708871938917056,0,11,0,6.71,8.55,11.43
2026-08-30 11:45:00,2,4.2,0.9818263715435243,4,72.70843233814738,1,11,0,7.5,6.71,8.55
2026-08-30 12:00:00,1,4.2,0.6605729257479853,5,65.31549480693013,1,12,0,8.74,7.5,6.71
2026-08-30 12:15:00,1,4.2,0.7909664757921415,3,57.740504751269945,0,12,0,5.0,8.74,7.5
2026-08-30 12:30:00,3,4.2,0.8407226935781789,3,59.665557811883126,0,12,0,4.03,5.0,8.74
2026-08-30 12:45:00,3,4.2,0.8326946589684747,1,78.57903312738301,1,12,0,7.53,4.03,5.0
2026-08-30 13:00:00,2,4.2,0.7605847116356172,6,27.021833129875247,0,13,0,8.09,7.53,4.03
2026-08-30 13:15:00,1,4.2,0.7352337637465045,4,73.45445295663241,0,13,0,6.53,8.09,7.53
2026-08-30 13:30:00,1,4.2,0.6507296090201675,5,91.6649681118863,0,13,0,8.33,6.53,8.09
2026-08-30 13:45:00,3,4.2,0.7566969802249113,1,24.623055761589132,0,13,0,1.79,8.33,6.53
2026-08-30 14:00:00,1,4.2,0.665064326042194,3,31.25226713869334,0,14,0,6.22,1.79,8.33
2026-08-30 14:15:00,1,4.2,0.8937462705968873,4,77.33055493616251,2,14,0,8.99,6.22,1.79
2026-08-30 14:30:00,1,4.2,0.683532374197836,7,54.982531859569406,0,14,0,8.34,8.99,6.22
2026-08-30 14:45:00,3,4.2,0.6234261221138135,5,52.28388966509507,0,14,0,6.9,8.34,8.99
2026-08-30 15:00:00,2,4.2,0.8209464551268937,2,30.95733076353887,0,15,0,4.89,6.9,8.34
2026-08-30 15:15:00,4,4.2,0.8380918930877607,4,60.54160325742305,0,15,0,5.78,4.89,6.9
2026-08-30 15:30:00,2,4.2,0.9487652245122022,5,30.12362489571018,0,15,0,7.1,5.78,4.89
2026-08-30 15:45:00,4,4.2,0.8307926449670727,1,58.12963650484323,0,15,0,2.88,7.1,5.78
2026-08-30 16:00:00,1,4.2,0.7381923414893783,2,81.08922391693254,0,16,0,5.31,2.88,7.1
2026-08-30 16:15:00,2,4.2,0.9212047526105283,5,40.66114863097308,0,16,0,6.04,5.31,2.88
2026-08-30 16:30:00,4,4.2,0.8161115572749684,5,58.46289345437818,0,16,0,4.71,6.04,5.31
2026-08-30 16:45:00,3,4.2,0.6317121138524767,3,99.36127755174685,0,16,0,4.86,4.71,6.04
2026-08-30 17:00:00,3,4.2,0.8263402241252986,6,74.93203386832297,2,17,0,11.85,4.86,4.71
2026-08-30 17:15:00,2,4.2,0.963207418168665,4,87.30854170441589,0,17,0,6.1,11.85,4.86
2026-08-30 17:30:00,2,4.2,0.7585250501992882,3,53.18780852484366,0,17,0,5.67,6.1,11.85
2026-08-30 17:45:00,1,4.2,0.7185303207599201,7,81.42887385006843,1,17,0,9.52,5.67,6.1
2026-08-30 18:00:00,2,4.2,0.657387782807208,2,23.240733835305747,0,18,1,9.82,9.52,5.67
2026-08-30 18:15:00,1,4.2,0.6605782087741429,6,29.8328946033796,0,18,1,14.77,9.82,9.52
2026-08-30 18:30:00,1,4.2,0.7731085937367276,5,36.24564743360497,0,18,1,11.65,14.77,9.82
2026-08-30 18:45:00,3,4.2,0.8382719296646118,3,52.15615396921756,0,18,1,9.52,11.65,14.77
2026-08-30 19:00:00,3,4.2,0.6322461620678407,6,87.65959026606106,1,19,1,15.87,9.52,11.65
2026-08-30 19:15:00,4,4.2,0.9758274356100662,7,47.701284063034436,2,19,1,17.79,15.87,9.52
2026-08-30 19:30:00,3,4.2,0.9020534469780783,4,72.36969548123703,0,19,1,9.8,17.79,15.87
2026-08-30 19:45:00,3,4.2,0.8346495673134651,7,76.74514358427868,0,19,1,13.17,9.8,17.79
2026-08-30 20:00:00,2,4.2,0.9313754683755964,2,66.89458832706731,0,20,0,3.4,13.17,9.8
2026-08-30 20:15:00,3,4.2,0.6320747027248453,1,48.579357453610896,2,20,0,10.09,3.4,13.17
2026-08-30 20:30:00,4,4.2,0.7907355510932498,3,66.16426733708354,2,20,0,10.23,10.09,3.4
2026-08-30 20:45:00,2,4.2,0.8520372507446654,2,47.3812474231797,0,20,0,4.57,10.23,10.09
2026-08-30 21:00:00,4,4.2,0.9314611624473157,1,26.709899084160966,0,21,0,2.27,4.57,10.23
2026-08-30 21:15:00,3,4.2,0.9133878240197071,3,99.42431825488116,0,21,0,3.69,2.27,4.57
2026-08-30 21:30:00,4,4.2,0.7108276998853599,2,30.174596290600874,0,21,0,5.67,3.69,2.27
2026-08-30 21:45:00,2,4.2,0.9763520678236817,7,25.78787070688459,0,21,0,6.95,5.67,3.69
2026-08-30 22:00:00,1,4.2,0.6497383365723481,2,90.28245993657248,0,22,0,5.28,6.95,5.67
2026-08-30 22:15:00,4,4.2,0.9500534474484609,6,44.14677287143161,0,22,0,6.14,5.28,6.95
2026-08-30 22:30:00,4,4.2,0.9883760998418474,7,72.0237579258806,2,22,0,12.87,6.14,5.28
2026-08-30 22:45:00,2,4.2,0.6708614092890502,3,46.32045837297863,2,22,0,9.99,12.87,6.14
2026-08-30 23:00:00,2,4.2,0.8888264256815142,2,51.316341663557694,0,23,0,3.78,9.99,12.87
2026-08-30 23:15:00,4,4.2,0.6161142075111994,5,40.96903776134372,0,23,0,8.03,3.78,9.99
2026-08-30 23:30:00,3,4.2,0.762169130055662,3,47.44352046344082,1,23,0,8.86,8.03,3.78
2026-08-30 23:45:00,4,4.2,0.8065133196790696,2,52.856032046923445,0,23,0,3.77,8.86,8.03
