timestamp,corridor_id,lane_isolation_score,turning_conflicts,passenger_density,weather_impact,elevation_slope_deg,hour,is_peak_hour,delay_minutes,delay_lag_15m,delay_lag_30m
2026-08-01 00:00:00,momyshuly-01,0.6551291596636941,6,96.3538224256859,snow,3.6807806458545307,0,0,12.66,6.4337430555555555,6.4337430555555555
2026-08-01 00:15:00,tole-bi-01,0.8652168018001969,3,89.93351371856546,clear,2.2961009063613975,0,0,3.4,12.66,6.4337430555555555
2026-08-01 00:30:00,momyshuly-01,0.6007519534099642,7,76.63527325919958,clear,3.600274438969195,0,0,6.71,3.4,12.66
2026-08-01 00:45:00,momyshuly-01,0.6713490337229319,3,77.09216595949941,clear,3.65019197580405,0,0,5.26,6.71,3.4
2026-08-01 01:00:00,tole-bi-01,0.6116285521375815,1,40.1921371953721,clear,2.3501263122150204,1,0,4.03,5.26,6.71
2026-08-01 01:15:00,tole-bi-01,0.6667540471419483,4,72.54521848707591,snow,2.197494160241096,1,0,10.44,4.03,5.26
2026-08-01 01:30:00,momyshuly-01,0.6725277119702021,2,35.85650121884157,clear,3.622496115168274,1,0,3.11,10.44,4.03
2026-08-01 01:45:00,abylai-khan-01,0.7550694379001577,3,31.52025791358577,clear,1.232077392669841,1,0,4.69,3.11,10.44
2026-08-01 02:00:00,momyshuly-01,0.7609308498746223,2,99.95743153620641,snow,3.5023681842696845,2,0,10.73,4.69,3.11
2026-08-01 02:15:00,momyshuly-01,0.9497049882440951,5,69.79007451785392,rain,3.6905926832908698,2,0,7.83,10.73,4.69
2026-08-01 02:30:00,momyshuly-01,0.8040438849995301,1,54.47902981257524,clear,3.6412744623221958,2,0,5.58,7.83,10.73
2026-08-01 02:45:00,momyshuly-01,0.8893619062449145,4,43.05316183071611,snow,3.8330649313469145,2,0,9.27,5.58,7.83
2026-08-01 03:00:00,tole-bi-01,0.641654943168115,5,68.3136354929782,clear,2.2973986487595615,3,0,4.72,9.27,5.58
2026-08-01 03:15:00,momyshuly-01,0.6901755021854775,5,23.96748065760689,clear,3.7136111084032715,3,0,5.61,4.72,9.27
2026-08-01 03:30:00,abylai-khan-01,0.8811773763914708,6,27.574479240383603,snow,1.2539125571530887,3,0,10.23,5.61,4.72
2026-08-01 03:45:00,tole-bi-01,0.6211215841874113,5,22.628535819231708,clear,2.4921439526553284,3,0,4.42,10.23,5.61
2026-08-01 04:00:00,abylai-khan-01,0.7946390648975012,1,59.93358666101294,clear,1.1030019242564393,4,0,1.48,4.42,10.23
2026-08-01 04:15:00,abylai-khan-01,0.8397475862651735,3,68.0485303349746,clear,1.1504685995199875,4,0,5.95,1.48,4.42
2026-08-01 04:30:00,abylai-khan-01,0.8408582576209924,1,24.99838090862567,rain,1.1064292548530748,4,0,2.58,5.95,1.48
2026-08-01 04:45:00,abylai-khan-01,0.6091731245072168,3,77.69795739991332,clear,1.192208239476014,4,0,3.53,2.58,5.95
2026-08-01 05:00:00,tole-bi-01,0.7288432016916742,5,38.431605721165155,clear,2.1875275691792497,5,0,4.5,3.53,2.58
2026-08-01 05:15:00,tole-bi-01,0.8545962604196615,5,74.81611630158929,clear,2.1473916092744787,5,0,4.66,4.5,3.53
2026-08-01 05:30:00,abylai-khan-01,0.6595998944596974,4,98.55177120281965,clear,0.9866576496781228,5,0,4.08,4.66,4.5
2026-08-01 05:45:00,abylai-khan-01,0.8781662593312213,3,75.28846960430809,clear,0.9802530391003281,5,0,2.07,4.08,4.66
2026-08-01 06:00:00,tole-bi-01,0.8983700835254698,5,90.65544423388869,rain,2.3656391690562146,6,0,7.22,2.07,4.08
2026-08-01 06:15:00,tole-bi-01,0.9927876761784581,6,95.8558805394454,clear,2.2544561750327263,6,0,5.72,7.22,2.07
2026-08-01 06:30:00,tole-bi-01,0.6839367979425638,2,58.94008386818524,clear,2.1766247939104733,6,0,5.01,5.72,7.22
2026-08-01 06:45:00,momyshuly-01,0.9300522670664461,4,76.18599835357655,clear,3.534092036828773,6,0,4.45,5.01,5.72
2026-08-01 07:00:00,momyshuly-01,0.8081186307674616,1,88.15754028446734,clear,3.5472097052960856,7,0,3.2,4.45,5.01
2026-08-01 07:15:00,momyshuly-01,0.7493850384576694,4,48.52871302995089,rain,3.5035399789842785,7,0,8.49,3.2,4.45
2026-08-01 07:30:00,abylai-khan-01,0.6489507029300712,2,40.91178532483159,clear,1.360555049423727,7,0,2.06,8.49,3.2
2026-08-01 07:45:00,momyshuly-01,0.894202242595015,3,95.7278858222671,clear,3.741682890281427,7,0,4.17,2.06,8.49
2026-08-01 08:00:00,abylai-khan-01,0.6943430396574748,1,78.10428002950545,clear,1.358848984861194,8,1,6.89,4.17,2.06
2026-08-01 08:15:00,abylai-khan-01,0.7485688007492183,1,37.57457067006611,clear,1.2179196387688112,8,1,8.01,6.89,4.17
2026-08-01 08:30:00,momyshuly-01,0.6250168907589474,3,55.92667141408907,clear,3.628046448693917,8,1,12.22,8.01,6.89
2026-08-01 08:45:00,abylai-khan-01,0.9205467663278076,7,83.71614156302475,rain,1.1347385942615031,8,1,12.16,12.22,8.01
2026-08-01 09:00:00,momyshuly-01,0.9066354095886573,7,63.76503927347537,clear,3.515292889377128,9,1,13.21,12.16,12.22
2026-08-01 09:15:00,momyshuly-01,0.893446332016925,4,71.99616785327112,rain,3.6021725581754205,9,1,10.98,13.21,12.16
2026-08-01 09:30:00,tole-bi-01,0.7197774041967546,5,80.30145616360419,clear,2.365235602514668,9,1,10.88,10.98,13.21
2026-08-01 09:45:00,momyshuly-01,0.6693920297063829,7,69.76073510471845,clear,3.7195768151859396,9,1,13.38,10.88,10.98
2026-08-01 10:00:00,tole-bi-01,0.8550213057880919,4,63.206345753775665,clear,2.245401085693299,10,0,2.82,13.38,10.88
2026-08-01 10:15:00,momyshuly-01,0.7984665536452877,7,79.96914275102188,rain,3.4747266151229623,10,0,9.06,2.82,13.38
2026-08-01 10:30:00,momyshuly-01,0.6713009867618566,2,78.20504283457606,clear,3.6733984986566273,10,0,3.66,9.06,2.82
2026-08-01 10:45:00,tole-bi-01,0.8743645084199454,6,70.38979201465432,clear,2.118185644847079,10,0,4.22,3.66,9.06
2026-08-01 11:00:00,tole-bi-01,0.9964505727285214,5,48.78315307055437,clear,2.296078943101139,11,0,1.73,4.22,3.66
2026-08-01 11:15:00,momyshuly-01,0.898887835096815,4,52.464967376021725,rain,3.6089304625813377,11,0,7.21,1.73,4.22
2026-08-01 11:30:00,abylai-khan-01,0.8959945546742447,6,97.63508391072779,clear,1.1621212198766082,11,0,4.78,7.21,1.73
2026-08-01 11:45:00,tole-bi-01,0.9801251011722367,6,28.990874583322068,clear,2.1454754891490437,11,0,4.98,4.78,7.21
2026-08-01 12:00:00,abylai-khan-01,0.6811745470299608,7,41.48039338022683,rain,1.1634388990978781,12,0,9.8,4.98,4.78
2026-08-01 12:15:00,abylai-khan-01,0.8262199859685762,3,59.39214073634686,rain,1.3642542451001618,12,0,3.76,9.8,4.98
2026-08-01 12:30:00,abylai-khan-01,0.9918586860135534,2,86.93837489150286,clear,1.2591721601366415,12,0,1.31,3.76,9.8
2026-08-01 12:45:00,tole-bi-01,0.6661176443880698,2,33.094053098378225,clear,2.4161714602029516,12,0,6.41,1.31,3.76
2026-08-01 13:00:00,abylai-khan-01,0.8801007837778083,2,42.15636944996879,clear,1.0782798172817742,13,0,2.97,6.41,1.31
2026-08-01 13:15:00,tole-bi-01,0.8343240583887608,5,25.26385742361912,clear,2.325570793227732,13,0,6.03,2.97,6.41
2026-08-01 13:30:00,abylai-khan-01,0.8345916368754828,1,76.47882128406548,rain,1.2088340351699562,13,0,3.15,6.03,2.97
2026-08-01 13:45:00,momyshuly-01,0.8790682510080301,5,39.05675483804929,clear,3.6107705451303125,13,0,5.51,3.15,6.03
2026-08-01 14:00:00,momyshuly-01,0.9718467691502737,4,51.093980053676034,rain,3.655584593274548,14,0,4.82,5.51,3.15
2026-08-01 14:15:00,tole-bi-01,0.9130327759405352,6,55.49611576237343,clear,2.3147322500956578,14,0,6.07,4.82,5.51
2026-08-01 14:30:00,momyshuly-01,0.622454441366484,6,91.30511484851645,clear,3.4810540926500577,14,0,8.89,6.07,4.82
2026-08-01 14:45:00,momyshuly-01,0.9410912079502844,1,52.906423226498944,clear,3.6613254048985397,14,0,1.21,8.89,6.07
2026-08-01 15:00:00,abylai-khan-01,0.6902165319702931,4,31.618001593219923,snow,1.2840884279730516,15,0,8.31,1.21,8.89
2026-08-01 15:15:00,tole-bi-01,0.7507656658945487,1,61.94519506720968,clear,2.431947897062644,15,0,2.75,8.31,1.21
2026-08-01 15:30:00,abylai-khan-01,0.7846931254449528,6,97.03663957189038,clear,1.3363652843917597,15,0,5.62,2.75,8.31
2026-08-01 15:45:00,abylai-khan-01,0.7923624003012278,7,68.61485128406488,clear,1.247643306685739,15,0,5.54,5.62,2.75
2026-08-01 16:00:00,abylai-khan-01,0.7740721597021427,5,98.6709776368458,snow,1.0857162891902763,16,0,8.85,5.54,5.62
2026-08-01 16:15:00,abylai-khan-01,0.9749413176863457,2,87.28858471510961,rain,1.0470616165785402,16,0,3.34,8.85,5.54
2026-08-01 16:30:00,abylai-khan-01,0.8824076030656098,6,22.877260497073024,clear,1.1772906393559959,16,0,4.89,3.34,8.85
2026-08-01 16:45:00,abylai-khan-01,0.8524682583826826,3,72.67196763016335,clear,1.2919470974527012,16,0,3.63,4.89,3.34
2026-08-01 17:00:00,abylai-khan-01,0.6199368111131766,2,42.941350204630695,rain,1.285503506819757,17,0,5.83,3.63,4.89
2026-08-01 17:15:00,tole-bi-01,0.9615653321041499,6,64.76934845157791,rain,2.3273999262263176,17,0,7.62,5.83,3.63
2026-08-01 17:30:00,momyshuly-01,0.9637560768033585,5,42.347615274498125,clear,3.5963440761208783,17,0,3.56,7.62,5.83
2026-08-01 17:45:00,abylai-khan-01,0.912085225372041,1,47.90963332842323,clear,1.390373522419968,17,0,2.3,3.56,7.62
2026-08-01 18:00:00,abylai-khan-01,0.6028116815254476,7,93.85349694033435,clear,1.2574031875881135,18,1,11.89,2.3,3.56
2026-08-01 18:15:00,abylai-khan-01,0.6229121004310493,7,36.53145479133642,clear,1.191272692310717,18,1,11.38,11.89,2.3
2026-08-01 18:30:00,abylai-khan-01,0.6900894809073959,2,89.92872944206644,rain,1.1354558976333637,18,1,10.73,11.38,11.89
2026-08-01 18:45:00,abylai-khan-01,0.6525397632579627,5,22.436624645639746,clear,1.0991394682290765,18,1,9.38,10.73,11.38
2026-08-01 19:00:00,abylai-khan-01,0.7595344118814917,7,27.27012306957187,clear,1.0892935985409855,19,1,10.72,9.38,10.73
2026-08-01 19:15:00,momyshuly-01,0.9690492232351159,7,88.37400331074109,clear,3.4991506577182627,19,1,11.75,10.72,9.38
2026-08-01 19:30:00,momyshuly-01,0.7888241736787993,4,70.44448247273563,rain,3.6280952113258764,19,1,12.25,11.75,10.72
2026-08-01 19:45:00,abylai-khan-01,0.6053610505728663,3,79.77889104316402,clear,1.1981930339469125,19,1,7.45,12.25,11.75
2026-08-01 20:00:00,momyshuly-01,0.7130982758315048,2,36.75341366574834,clear,3.567408523770954,20,0,2.52,7.45,12.25
2026-08-01 20:15:00,tole-bi-01,0.6178379633491846,1,62.96667644720828,clear,2.3736477935101954,20,0,3.79,2.52,7.45
2026-08-01 20:30:00,abylai-khan-01,0.6145150490454009,7,78.97753788570438,clear,1.3809174934172492,20,0,6.93,3.79,2.52
2026-08-01 20:45:00,tole-bi-01,0.7102879412382209,4,70.185130960821,clear,2.2176653063711997,20,0,4.87,6.93,3.79
2026-08-01 21:00:00,tole-bi-01,0.7102449354715782,5,57.73590135129676,rain,2.232571395678141,21,0,6.98,4.87,6.93
2026-08-01 21:15:00,abylai-khan-01,0.9148506410406416,7,96.78270291501718,clear,0.9782947608286539,21,0,5.35,6.98,4.87
2026-08-01 21:30:00,momyshuly-01,0.9899338611124447,3,74.09258667627563,clear,3.59736691645303,21,0,3.4,5.35,6.98
2026-08-01 21:45:00,tole-bi-01,0.7484828375559993,1,92.62006401929904,clear,2.2872379431573244,21,0,2.1,3.4,5.35
2026-08-01 22:00:00,abylai-khan-01,0.7715547515444154,5,78.3816409258945,clear,1.2892790245214394,22,0,4.73,2.1,3.4
2026-08-01 22:15:00,tole-bi-01,0.9379157745144086,5,78.83708228781465,clear,2.291318727603935,22,0,4.95,4.73,2.1
2026-08-01 22:30:00,tole-bi-01,0.7072556080382053,2,26.401461580614345,clear,2.2411890702204498,22,0,5.31,4.95,4.73
2026-08-01 22:45:00,tole-bi-01,0.6625527217613791,7,48.757169748315484,clear,2.3192685742305086,22,0,7.88,5.31,4.95
2026-08-01 23:00:00,tole-bi-01,0.9412358493614602,2,88.66955253757267,clear,2.355706835914165,23,0,3.44,7.88,5.31
2026-08-01 23:15:00,momyshuly-01,0.6186002345760262,1,38.60830897190048,rain,3.4382270940875164,23,0,7.58,3.44,7.88
2026-08-01 23:30:00,tole-bi-01,0.8478797760797663,7,29.240469292517297,clear,2.4006890990732046,23,0,5.76,7.58,3.44
2026-08-01 23:45:00,tole-bi-01,0.8247971389867227,6,46.088484531103475,clear,2.4306302786715115,23,0,5.63,5.76,7.58
2026-08-02 00:00:00,tole-bi-01,0.7383681790006777,7,37.635030791409115,clear,2.3547455140979925,0,0,6.09,5.63,5.76
2026-08-02 00:15:00,momyshuly-01,0.7260758084389436,6,94.02305558345242,rain,3.5065444939718082,0,0,8.85,6.09,5.63
2026-08-02 00:30:00,tole-bi-01,0.9087430904726486,5,89.43733136017049,clear,2.2673973461518093,0,0,4.34,8.85,6.09
2026-08-02 00:45:00,tole-bi-01,0.6345698443050186,2,59.97465842263233,rain,2.418287449572223,0,0,5.79,4.34,8.85
2026-08-02 01:00:00,momyshuly-01,0.6947137237245542,3,24.90750995870944,clear,3.50217791463456,1,0,5.3,5.79,4.34
2026-08-02 01:15:00,momyshuly-01,0.8929794927352359,7,77.16498768745251,rain,3.662864370776519,1,0,10.01,5.3,5.79
2026-08-02 01:30:00,momyshuly-01,0.8193282334905697,3,69.87293850690116,clear,3.594922799072684,1,0,3.26,10.01,5.3
2026-08-02 01:45:00,tole-bi-01,0.6511952834134346,7,97.64437365827968,clear,2.316019324950697,1,0,7.05,3.26,10.01
2026-08-02 02:00:00,momyshuly-01,0.9528542457128241,5,64.71625922163015,clear,3.516422852267519,2,0,5.02,7.05,3.26
2026-08-02 02:15:00,momyshuly-01,0.7573791386254366,2,46.91149787223275,clear,3.6330664285102143,2,0,2.7,5.02,7.05
2026-08-02 02:30:00,tole-bi-01,0.9311473501288692,1,61.52173548628446,snow,2.3259075737114334,2,0,6.14,2.7,5.02
2026-08-02 02:45:00,momyshuly-01,0.9150852062110835,1,98.3410633123613,clear,3.4490641409433387,2,0,3.53,6.14,2.7
2026-08-02 03:00:00,tole-bi-01,0.8497701785886912,1,75.70899460264243,snow,2.299555610544963,3,0,8.12,3.53,6.14
2026-08-02 03:15:00,abylai-khan-01,0.7977924525180372,7,73.7580910341641,clear,1.2613897157079976,3,0,4.44,8.12,3.53
2026-08-02 03:30:00,momyshuly-01,0.9918203361527027,7,39.25452717807083,clear,3.5614716749703605,3,0,7.05,4.44,8.12
2026-08-02 03:45:00,abylai-khan-01,0.6579860289519268,3,79.4882014048494,clear,0.9552269448895586,3,0,2.24,7.05,4.44
2026-08-02 04:00:00,tole-bi-01,0.8900622910204459,2,80.02174635774173,clear,2.288518327510206,4,0,2.37,2.24,7.05
2026-08-02 04:15:00,momyshuly-01,0.6764762805859156,7,45.38311870207242,snow,3.746646793314532,4,0,13.01,2.37,2.24
2026-08-02 04:30:00,tole-bi-01,0.7353052421329394,2,58.697106591257054,clear,2.2655530510539137,4,0,4.2,13.01,2.37
2026-08-02 04:45:00,abylai-khan-01,0.7234794973492781,3,43.56826663523648,clear,1.3428651082857208,4,0,3.48,4.2,13.01
2026-08-02 05:00:00,tole-bi-01,0.9788143950954892,7,40.69640562594294,snow,2.2187642443688964,5,0,9.81,3.48,4.2
2026-08-02 05:15:00,momyshuly-01,0.9869424711153101,1,22.071685619958814,clear,3.483902935427302,5,0,1.17,9.81,3.48
2026-08-02 05:30:00,momyshuly-01,0.6732061776938908,1,42.81693957226657,clear,3.599489736217741,5,0,4.0,1.17,9.81
2026-08-02 05:45:00,abylai-khan-01,0.6088140641190016,5,64.31759599026199,clear,1.1177421632264597,5,0,4.8,4.0,1.17
2026-08-02 06:00:00,tole-bi-01,0.8880032158652452,6,20.128095003922304,clear,2.3329857737860555,6,0,5.2,4.8,4.0
2026-08-02 06:15:00,momyshuly-01,0.7671959735481937,4,42.657526704773396,clear,3.562742914573463,6,0,6.46,5.2,4.8
2026-08-02 06:30:00,abylai-khan-01,0.6355360980350258,6,90.51282658586001,clear,1.347391704525581,6,0,6.58,6.46,5.2
2026-08-02 06:45:00,momyshuly-01,0.873501642230817,7,67.49188680858887,clear,3.5558332528782706,6,0,8.69,6.58,6.46
2026-08-02 07:00:00,momyshuly-01,0.8180422113042799,2,68.62902592647843,rain,3.608973696015192,7,0,5.37,8.69,6.58
2026-08-02 07:15:00,tole-bi-01,0.9922067288004424,7,52.26914440210826,clear,2.3596335728443667,7,0,5.14,5.37,8.69
2026-08-02 07:30:00,momyshuly-01,0.6909637983445516,2,74.11777147939289,snow,3.695631603945805,7,0,9.69,5.14,5.37
2026-08-02 07:45:00,tole-bi-01,0.7615911505306193,2,35.19462129842873,clear,2.447964269594215,7,0,5.26,9.69,5.14
2026-08-02 08:00:00,momyshuly-01,0.8170183213581692,6,85.49974483073532,clear,3.5765136732359,8,1,10.87,5.26,9.69
2026-08-02 08:15:00,abylai-khan-01,0.9166799953813407,4,29.335129594871987,clear,1.1600691900861915,8,1,8.41,10.87,5.26
2026-08-02 08:30:00,momyshuly-01,0.8195354626880235,5,72.48010837224874,clear,3.4086083300803667,8,1,12.18,8.41,10.87
2026-08-02 08:45:00,tole-bi-01,0.8451600643447796,6,47.29194606557464,clear,2.5041711491414813,8,1,10.95,12.18,8.41
2026-08-02 09:00:00,tole-bi-01,0.6904588206359763,4,79.80103764659815,rain,2.3360964097233317,9,1,13.61,10.95,12.18
2026-08-02 09:15:00,abylai-khan-01,0.9387674912354239,1,63.9811641012816,rain,1.275180806577221,9,1,10.7,13.61,10.95
2026-08-02 09:30:00,momyshuly-01,0.7714522187881903,1,56.1882430782973,clear,3.655572887491262,9,1,8.72,10.7,13.61
2026-08-02 09:45:00,momyshuly-01,0.6563838510087077,2,33.55379216745976,clear,3.6049534882876,9,1,10.07,8.72,10.7
2026-08-02 10:00:00,abylai-khan-01,0.8656751658021669,3,70.94571714274822,clear,1.235035258050336,10,0,3.69,10.07,8.72
2026-08-02 10:15:00,momyshuly-01,0.686436181274123,7,97.98158747363304,clear,3.544033755081575,10,0,7.03,3.69,10.07
2026-08-02 10:30:00,momyshuly-01,0.6390250040957198,7,86.0482739925612,clear,3.5697901349260506,10,0,6.68,7.03,3.69
2026-08-02 10:45:00,tole-bi-01,0.9447947633617089,2,24.800655407120942,rain,2.2049794199637116,10,0,5.13,6.68,7.03
2026-08-02 11:00:00,momyshuly-01,0.7840649057953759,3,50.09835026889529,clear,3.755724396372356,11,0,4.2,5.13,6.68
2026-08-02 11:15:00,momyshuly-01,0.8997134850783106,4,94.04664073522174,snow,3.6561481009896353,11,0,11.0,4.2,5.13
2026-08-02 11:30:00,abylai-khan-01,0.716235023922542,1,60.243499804561715,clear,1.397617258025432,11,0,2.63,11.0,4.2
2026-08-02 11:45:00,abylai-khan-01,0.9147880539670665,7,72.96894606465433,clear,1.4296383245945419,11,0,6.68,2.63,11.0
2026-08-02 12:00:00,tole-bi-01,0.6447743708086121,6,93.00794764731124,clear,2.159584376038275,12,0,5.39,6.68,2.63
2026-08-02 12:15:00,momyshuly-01,0.7423893495179411,3,89.90357523359046,clear,3.698522837287304,12,0,5.98,5.39,6.68
2026-08-02 12:30:00,momyshuly-01,0.9912247271894115,4,60.14563004324088,clear,3.4642036322969565,12,0,2.12,5.98,5.39
2026-08-02 12:45:00,momyshuly-01,0.9175958865472025,1,55.011704212608166,clear,3.617741748846445,12,0,1.62,2.12,5.98
2026-08-02 13:00:00,tole-bi-01,0.7989023721258752,6,47.175409478366966,rain,2.3314729469859525,13,0,9.14,1.62,2.12
2026-08-02 13:15:00,tole-bi-01,0.735910988624754,3,77.52155545303128,rain,2.1712833850892443,13,0,6.09,9.14,1.62
2026-08-02 13:30:00,abylai-khan-01,0.9488542800089906,2,42.95894395772346,clear,1.1262481664458888,13,0,1.4,6.09,9.14
2026-08-02 13:45:00,tole-bi-01,0.8179391036338063,2,39.991008514472014,rain,2.3360351475776344,13,0,5.73,1.4,6.09
2026-08-02 14:00:00,momyshuly-01,0.9033700071476445,2,48.499991568302406,clear,3.617630069904063,14,0,4.93,5.73,1.4
2026-08-02 14:15:00,momyshuly-01,0.9016430721264657,7,34.17720455030336,rain,3.4981628436865484,14,0,7.52,4.93,5.73
2026-08-02 14:30:00,tole-bi-01,0.6071782714273967,4,75.60958527566139,clear,2.2301968904060296,14,0,6.65,7.52,4.93
2026-08-02 14:45:00,momyshuly-01,0.6505015131170454,2,69.29925194644898,clear,3.450855971151609,14,0,5.85,6.65,7.52
2026-08-02 15:00:00,momyshuly-01,0.8638517465578969,7,58.630282729267485,clear,3.4797076454176863,15,0,6.6,5.85,6.65
2026-08-02 15:15:00,tole-bi-01,0.6646479245143485,5,51.22606234092437,clear,2.2628579588486524,15,0,5.17,6.6,5.85
2026-08-02 15:30:00,tole-bi-01,0.7021973378622419,7,92.72500343173851,clear,2.398745311269768,15,0,7.06,5.17,6.6
2026-08-02 15:45:00,momyshuly-01,0.9786551816798429,1,22.329902799128423,clear,3.7114233074522303,15,0,1.81,7.06,5.17
2026-08-02 16:00:00,momyshuly-01,0.8240729033499647,7,81.52861948058393,clear,3.7833436695380063,16,0,7.81,1.81,7.06
2026-08-02 16:15:00,momyshuly-01,0.9002918027997389,4,92.1527657399111,clear,3.642426418515605,16,0,5.41,7.81,1.81
2026-08-02 16:30:00,abylai-khan-01,0.823192295513056,6,55.70836635439407,clear,1.2188283067716692,16,0,3.67,5.41,7.81
2026-08-02 16:45:00,abylai-khan-01,0.8210054459130901,7,64.05523931765174,clear,1.249514634099664,16,0,5.03,3.67,5.41
2026-08-02 17:00:00,abylai-khan-01,0.6376607640502792,2,95.55709503056303,clear,1.2485556017229915,17,0,2.09,5.03,3.67
2026-08-02 17:15:00,tole-bi-01,0.7374652770436412,1,36.982201222841155,clear,2.1383486399471296,17,0,2.88,2.09,5.03
2026-08-02 17:30:00,abylai-khan-01,0.7129723594746047,3,61.61078782277479,rain,1.3888873387554106,17,0,7.1,2.88,2.09
2026-08-02 17:45:00,tole-bi-01,0.7562913462454453,2,57.977690170257034,clear,2.106906101803806,17,0,2.19,7.1,2.88
2026-08-02 18:00:00,tole-bi-01,0.9193376752897313,1,40.671411829629605,clear,2.4148762396378545,18,1,7.88,2.19,7.1
2026-08-02 18:15:00,abylai-khan-01,0.748773067166746,5,85.48745842984863,clear,1.2056386978331701,18,1,8.93,7.88,2.19
2026-08-02 18:30:00,abylai-khan-01,0.7806787276926731,3,91.96804758105887,clear,1.0910502807845213,18,1,8.96,8.93,7.88
2026-08-02 18:45:00,abylai-khan-01,0.7589525561941266,5,82.55460638305671,clear,1.2531374430071909,18,1,9.55,8.96,8.93
2026-08-02 19:00:00,momyshuly-01,0.6373631887901182,6,35.62871686788867,clear,3.5881861395098293,19,1,12.04,9.55,8.96
2026-08-02 19:15:00,abylai-khan-01,0.7764288633003135,1,26.939890840110525,clear,1.1317462003859176,19,1,8.03,12.04,9.55
2026-08-02 19:30:00,momyshuly-01,0.678243709217806,5,68.43555882442739,rain,3.4618522336218978,19,1,15.81,8.03,12.04
2026-08-02 19:45:00,tole-bi-01,0.6746893183092165,6,24.567580840790715,clear,2.1534492870976067,19,1,9.51,15.81,8.03
2026-08-02 20:00:00,momyshuly-01,0.6376144417737065,1,73.82607108464674,rain,3.53890887005508,20,0,7.05,9.51,15.81
2026-08-02 20:15:00,abylai-khan-01,0.7426683896567059,1,62.433937626179414,clear,1.161301188229112,20,0,2.23,7.05,9.51
2026-08-02 20:30:00,tole-bi-01,0.9029927539157669,5,73.02285861949309,clear,2.1789457467161197,20,0,5.4,2.23,7.05
2026-08-02 20:45:00,tole-bi-01,0.7105766762333584,1,67.21366189197951,clear,2.303848014764696,20,0,1.45,5.4,2.23
2026-08-02 21:00:00,tole-bi-01,0.7249396407542055,2,53.81620556217382,clear,2.1931863797935476,21,0,2.37,1.45,5.4
2026-08-02 21:15:00,momyshuly-01,0.8570698630689695,1,36.07017441121826,clear,3.63602207201759,21,0,2.35,2.37,1.45
2026-08-02 21:30:00,abylai-khan-01,0.6783363250347676,4,44.45617086483908,clear,1.3231379321271657,21,0,4.75,2.35,2.37
2026-08-02 21:45:00,tole-bi-01,0.9587831721694138,6,61.96004593751812,clear,2.3289374316196074,21,0,4.55,4.75,2.35
2026-08-02 22:00:00,tole-bi-01,0.8080762093006217,1,72.14944749180847,snow,2.290616520901956,22,0,7.12,4.55,4.75
2026-08-02 22:15:00,tole-bi-01,0.7790411761280868,4,82.35864135076227,snow,2.2465102962178904,22,0,10.47,7.12,4.55
2026-08-02 22:30:00,momyshuly-01,0.8231280767716805,1,81.37365747592486,clear,3.744609861857522,22,0,5.29,10.47,7.12
2026-08-02 22:45:00,momyshuly-01,0.6664137253664781,1,97.81509946088683,snow,3.580648428247427,22,0,9.61,5.29,10.47
2026-08-02 23:00:00,abylai-khan-01,0.8453892554556706,5,42.86731589307276,clear,1.4490223776779727,23,0,5.42,9.61,5.29
2026-08-02 23:15:00,momyshuly-01,0.7452402946536042,2,25.688856657074943,clear,3.4816964155087873,23,0,3.95,5.42,9.61
2026-08-02 23:30:00,tole-bi-01,0.9588745363858475,6,47.65255484334874,clear,2.328990728266209,23,0,4.39,3.95,5.42
2026-08-02 23:45:00,abylai-khan-01,0.6675416826710744,2,79.46355801792613,clear,1.3412723609968755,23,0,2.87,4.39,3.95
2026-08-03 00:00:00,tole-bi-01,0.8028204415461764,3,55.04893208266361,clear,2.230986366808239,0,0,3.77,2.87,4.39
2026-08-03 00:15:00,tole-bi-01,0.8392450517476072,5,85.42307444715355,snow,2.2763875650024508,0,0,8.93,3.77,2.87
2026-08-03 00:30:00,momyshuly-01,0.6133534407145524,5,63.9461092148812,clear,3.6626146507826434,0,0,7.75,8.93,3.77
2026-08-03 00:45:00,abylai-khan-01,0.7454772499024561,2,94.38333781044024,clear,1.2387890246397786,0,0,4.31,7.75,8.93
2026-08-03 01:00:00,momyshuly-01,0.8930540938803331,7,95.8290753599255,rain,3.6559699064220976,1,0,9.7,4.31,7.75
2026-08-03 01:15:00,momyshuly-01,0.9281510029795893,5,25.544360481499897,clear,3.7160258474608265,1,0,6.64,9.7,4.31
2026-08-03 01:30:00,abylai-khan-01,0.7252647979269129,2,56.513075176993944,clear,1.1653245885847507,1,0,4.04,6.64,9.7
2026-08-03 01:45:00,tole-bi-01,0.9194373089531005,5,68.77512489996545,clear,2.4437025898134737,1,0,3.79,4.04,6.64
2026-08-03 02:00:00,tole-bi-01,0.9871023508413556,1,40.469803264977024,clear,2.1279985050600647,2,0,0.0,3.79,4.04
2026-08-03 02:15:00,abylai-khan-01,0.9427495744300376,2,52.566142350318415,clear,1.307743754558567,2,0,1.44,0.0,3.79
2026-08-03 02:30:00,tole-bi-01,0.6470575952637301,2,74.21452328941587,clear,2.4147205687576307,2,0,4.03,1.44,0.0
2026-08-03 02:45:00,abylai-khan-01,0.8958921328342162,4,38.138738151868914,clear,1.1225529623945958,2,0,2.25,4.03,1.44
2026-08-03 03:00:00,abylai-khan-01,0.7278667329762178,5,68.1585082379562,snow,1.0549363824023084,3,0,11.28,2.25,4.03
2026-08-03 03:15:00,momyshuly-01,0.9953663957648307,5,75.79582625314448,rain,3.5767832595440257,3,0,9.62,11.28,2.25
2026-08-03 03:30:00,abylai-khan-01,0.7941435932639549,2,27.23970488766934,clear,1.2403803130829263,3,0,2.75,9.62,11.28
2026-08-03 03:45:00,momyshuly-01,0.6489735593435764,1,59.80234528219622,clear,3.566490098830958,3,0,2.94,2.75,9.62
2026-08-03 04:00:00,tole-bi-01,0.8900742192109563,1,41.04640239393526,clear,2.350194218795719,4,0,2.59,2.94,2.75
2026-08-03 04:15:00,tole-bi-01,0.7292044793544855,6,77.95090847984356,snow,2.493774376326977,4,0,10.43,2.59,2.94
2026-08-03 04:30:00,tole-bi-01,0.9988312628326647,1,35.16444068295524,clear,2.163528806063269,4,0,2.65,10.43,2.59
2026-08-03 04:45:00,tole-bi-01,0.9919129831418088,5,91.37903324304851,clear,2.1045894896814215,4,0,4.07,2.65,10.43
2026-08-03 05:00:00,momyshuly-01,0.8624536072082323,7,54.47530692146615,rain,3.593070234648378,5,0,10.4,4.07,2.65
2026-08-03 05:15:00,tole-bi-01,0.651930579580687,4,35.840242424604284,snow,2.231983142369245,5,0,11.11,10.4,4.07
2026-08-03 05:30:00,abylai-khan-01,0.8747443990700117,2,55.041743708026345,clear,1.1519685081594344,5,0,2.69,11.11,10.4
2026-08-03 05:45:00,abylai-khan-01,0.6372121945840109,3,52.69950102468223,clear,1.3266913149490889,5,0,5.81,2.69,11.11
2026-08-03 06:00:00,abylai-khan-01,0.611745663640957,4,54.31351675949682,clear,1.1879383675172528,6,0,4.94,5.81,2.69
2026-08-03 06:15:00,momyshuly-01,0.9291833784885944,7,66.84490347979576,clear,3.59710045792053,6,0,6.37,4.94,5.81
2026-08-03 06:30:00,tole-bi-01,0.6839011790734726,3,61.693897993083,clear,2.2563202455757225,6,0,2.27,6.37,4.94
2026-08-03 06:45:00,tole-bi-01,0.751610850487639,4,31.982170534472214,clear,2.2961198831374214,6,0,2.51,2.27,6.37
2026-08-03 07:00:00,tole-bi-01,0.9893829559904692,1,25.246325811730905,clear,2.3268501462475357,7,0,2.3,2.51,2.27
2026-08-03 07:15:00,momyshuly-01,0.7347362007444413,5,78.35323589812324,clear,3.878458819918158,7,0,6.34,2.3,2.51
2026-08-03 07:30:00,abylai-khan-01,0.7185959125133261,7,64.77739487426507,clear,1.22796574836121,7,0,5.59,6.34,2.3
2026-08-03 07:45:00,abylai-khan-01,0.96728319984911,3,48.7200614463411,clear,1.3162695168689516,7,0,1.42,5.59,6.34
2026-08-03 08:00:00,tole-bi-01,0.6442993781275832,7,84.66862579984591,clear,2.318639958514465,8,1,13.13,1.42,5.59
2026-08-03 08:15:00,abylai-khan-01,0.9038329640458527,4,51.044677940876554,rain,0.9972210669686705,8,1,9.85,13.13,1.42
2026-08-03 08:30:00,abylai-khan-01,0.9952262266611096,5,83.6772071680486,clear,1.143292816628478,8,1,10.34,9.85,13.13
2026-08-03 08:45:00,momyshuly-01,0.9605184043098596,7,44.46049020098997,clear,3.627891071800888,8,1,14.11,10.34,9.85
2026-08-03 09:00:00,momyshuly-01,0.8606671674825703,3,25.827623803615978,clear,3.672341454378339,9,1,8.53,14.11,10.34
2026-08-03 09:15:00,momyshuly-01,0.7256243179970928,2,94.61117550399433,clear,3.621022859157853,9,1,9.98,8.53,14.11
2026-08-03 09:30:00,momyshuly-01,0.7017287924713267,4,51.56409034250985,clear,3.692035139977194,9,1,11.3,9.98,8.53
2026-08-03 09:45:00,tole-bi-01,0.9277020419485844,2,83.41540582795022,rain,2.15400152018208,9,1,9.03,11.3,9.98
2026-08-03 10:00:00,momyshuly-01,0.9519287655806781,1,42.331530657784356,clear,3.6048792475617186,10,0,1.6,9.03,11.3
2026-08-03 10:15:00,abylai-khan-01,0.8101739650182771,2,71.70920896989247,rain,1.3327963034685462,10,0,4.93,1.6,9.03
2026-08-03 10:30:00,tole-bi-01,0.6977359763145865,2,89.86486986061826,clear,2.2028440002724055,10,0,2.44,4.93,1.6
2026-08-03 10:45:00,abylai-khan-01,0.6451772833644694,6,23.331521787198426,clear,1.31205914322833,10,0,7.18,2.44,4.93
2026-08-03 11:00:00,abylai-khan-01,0.6348717871327324,4,86.45086117488714,snow,1.3068907459285044,11,0,9.48,7.18,2.44
2026-08-03 11:15:00,abylai-khan-01,0.8876309789415422,1,65.70664039775428,clear,1.0762975347478057,11,0,0.23,9.48,7.18
2026-08-03 11:30:00,momyshuly-01,0.76804749113909,2,68.59774031268554,clear,3.633787856110979,11,0,4.04,0.23,9.48
2026-08-03 11:45:00,momyshuly-01,0.9621439497111481,5,61.85264006447861,clear,3.6158813991668426,11,0,5.81,4.04,0.23
2026-08-03 12:00:00,tole-bi-01,0.8958685202907055,3,89.9580082626914,clear,2.2823637306937545,12,0,2.71,5.81,4.04
2026-08-03 12:15:00,tole-bi-01,0.6765041671658347,2,23.474668578850995,rain,2.147311077777628,12,0,4.15,2.71,5.81
2026-08-03 12:30:00,momyshuly-01,0.8455109675262796,1,40.88227132286785,rain,3.5736940263865336,12,0,5.67,4.15,2.71
2026-08-03 12:45:00,abylai-khan-01,0.7742021817592637,2,90.06100310873242,rain,1.1843704132658632,12,0,3.91,5.67,4.15
2026-08-03 13:00:00,tole-bi-01,0.8308998923074452,3,80.18765620255648,clear,2.1301698714220114,13,0,2.85,3.91,5.67
2026-08-03 13:15:00,momyshuly-01,0.8952276493354068,1,21.411612814288468,clear,3.4694848362965027,13,0,3.22,2.85,3.91
2026-08-03 13:30:00,momyshuly-01,0.9224783524015163,4,61.36050265677669,clear,3.5073004606549993,13,0,4.17,3.22,2.85
2026-08-03 13:45:00,momyshuly-01,0.9374949305626897,1,62.36581445701398,rain,3.495171843475153,13,0,4.94,4.17,3.22
2026-08-03 14:00:00,abylai-khan-01,0.7015899498288098,4,52.07057081023283,clear,1.2326270371056103,14,0,5.84,4.94,4.17
2026-08-03 14:15:00,momyshuly-01,0.612446239966943,1,43.79146656495918,clear,3.691151052686491,14,0,3.81,5.84,4.94
2026-08-03 14:30:00,momyshuly-01,0.8957178940659092,7,74.53798803298737,rain,3.568945685319711,14,0,11.53,3.81,5.84
2026-08-03 14:45:00,momyshuly-01,0.6425374905023098,3,36.62323717638031,clear,3.676628956750893,14,0,6.15,11.53,3.81
2026-08-03 15:00:00,momyshuly-01,0.7259678354451871,3,83.91588496573648,clear,3.695248846048463,15,0,4.12,6.15,11.53
2026-08-03 15:15:00,tole-bi-01,0.6015268536497388,1,84.24297286139775,rain,2.291470705695534,15,0,5.39,4.12,6.15
2026-08-03 15:30:00,tole-bi-01,0.872667792960648,7,53.220915005825645,clear,2.340804374319618,15,0,5.11,5.39,4.12
2026-08-03 15:45:00,momyshuly-01,0.6668528045884885,2,42.68384087277181,clear,3.5776654841829174,15,0,5.18,5.11,5.39
2026-08-03 16:00:00,abylai-khan-01,0.8621129638766633,3,42.71025452725706,clear,1.0877170245804813,16,0,4.2,5.18,5.11
2026-08-03 16:15:00,tole-bi-01,0.9966970468671356,4,58.58330591969681,clear,2.2253240548455198,16,0,3.29,4.2,5.18
2026-08-03 16:30:00,momyshuly-01,0.6290683486440065,4,77.5663379799487,rain,3.6326148160657894,16,0,6.79,3.29,4.2
2026-08-03 16:45:00,tole-bi-01,0.6308312047805843,5,48.7094952795087,clear,2.287867046038163,16,0,6.39,6.79,3.29
2026-08-03 17:00:00,tole-bi-01,0.73615203706667,6,68.80346763662013,clear,2.373717301310984,17,0,5.45,6.39,6.79
2026-08-03 17:15:00,abylai-khan-01,0.9465546057005368,7,50.59875684660754,clear,1.0113012926217393,17,0,4.54,5.45,6.39
2026-08-03 17:30:00,momyshuly-01,0.6862119475165327,6,44.36185513211066,snow,3.4353428434301936,17,0,12.48,4.54,5.45
2026-08-03 17:45:00,momyshuly-01,0.744151127972139,6,21.988761273263535,clear,3.4471775146643546,17,0,8.15,12.48,4.54
2026-08-03 18:00:00,abylai-khan-01,0.6274021626507919,4,20.31312845883125,clear,1.2166653181103875,18,1,10.45,8.15,12.48
2026-08-03 18:15:00,abylai-khan-01,0.9052621165035557,5,38.17661422656036,clear,1.0621896901660957,18,1,9.49,10.45,8.15
2026-08-03 18:30:00,momyshuly-01,0.7633225371037804,6,52.512502944079635,clear,3.6320129164976938,18,1,11.79,9.49,10.45
2026-08-03 18:45:00,momyshuly-01,0.9036994932243372,6,88.10089338896482,clear,3.675300992106415,18,1,10.02,11.79,9.49
2026-08-03 19:00:00,abylai-khan-01,0.961443137738718,1,83.87873943443404,clear,1.3516249773419384,19,1,6.53,10.02,11.79
2026-08-03 19:15:00,tole-bi-01,0.6931052588405155,1,41.37322100703919,clear,2.4405907551640276,19,1,8.76,6.53,10.02
2026-08-03 19:30:00,tole-bi-01,0.9229584121359805,1,39.563235438743945,clear,2.230458034566617,19,1,6.29,8.76,6.53
2026-08-03 19:45:00,abylai-khan-01,0.6236375560313013,2,38.18576568560219,rain,1.0330362006981784,19,1,10.35,6.29,8.76
2026-08-03 20:00:00,tole-bi-01,0.959538955272099,6,47.13898724230936,clear,2.2368058001689914,20,0,6.33,10.35,6.29
2026-08-03 20:15:00,abylai-khan-01,0.8603074190234989,2,59.85589756493483,clear,1.2976835746936173,20,0,1.91,6.33,10.35
2026-08-03 20:30:00,tole-bi-01,0.9496906896553406,5,55.093421762526035,clear,2.2610309931160275,20,0,4.31,1.91,6.33
2026-08-03 20:45:00,tole-bi-01,0.6000753598226327,7,37.4618559025195,rain,2.2975679409961267,20,0,9.99,4.31,1.91
2026-08-03 21:00:00,momyshuly-01,0.667632428142397,4,30.436112795489443,rain,3.544283925559882,21,0,9.09,9.99,4.31
2026-08-03 21:15:00,momyshuly-01,0.7559037549705968,6,21.006224998895632,clear,3.758120276491969,21,0,7.35,9.09,9.99
2026-08-03 21:30:00,tole-bi-01,0.7518011613498874,4,32.31705909332031,snow,2.198553923518079,21,0,9.96,7.35,9.09
2026-08-03 21:45:00,tole-bi-01,0.6906921531694042,7,76.42850961552946,clear,2.3066765539731313,21,0,8.69,9.96,7.35
2026-08-03 22:00:00,momyshuly-01,0.7526447759468801,1,39.491085547646634,clear,3.7108238561099913,22,0,3.13,8.69,9.96
2026-08-03 22:15:00,momyshuly-01,0.6515394848001019,6,57.48814480972079,clear,3.7841549476395366,22,0,6.59,3.13,8.69
2026-08-03 22:30:00,momyshuly-01,0.7651044517064104,3,67.30409191385958,snow,3.530519789846136,22,0,10.8,6.59,3.13
2026-08-03 22:45:00,abylai-khan-01,0.9209417316637056,2,90.94727222652857,clear,1.2960805866138374,22,0,2.26,10.8,6.59
2026-08-03 23:00:00,tole-bi-01,0.7916280252413405,2,91.10840787147356,rain,2.2367735006476903,23,0,5.09,2.26,10.8
2026-08-03 23:15:00,momyshuly-01,0.607200035578086,6,79.65869869450871,clear,3.737715986857872,23,0,7.35,5.09,2.26
2026-08-03 23:30:00,tole-bi-01,0.768577616631699,7,22.812559363880112,clear,2.4729467051729275,23,0,5.65,7.35,5.09
2026-08-03 23:45:00,abylai-khan-01,0.6108700064363376,1,66.0056335268332,clear,1.1110405101462284,23,0,2.85,5.65,7.35
2026-08-04 00:00:00,abylai-khan-01,0.9864973642827193,2,82.92667766652052,rain,1.265346350888503,0,0,2.76,2.85,5.65
2026-08-04 00:15:00,momyshuly-01,0.6509815837691476,1,21.383043581069057,clear,3.711328652777179,0,0,4.68,2.76,2.85
2026-08-04 00:30:00,abylai-khan-01,0.8830753305322474,5,63.97476909252626,clear,1.1705732612376907,0,0,3.71,4.68,2.76
2026-08-04 00:45:00,tole-bi-01,0.9891105291568343,4,88.62113166288236,clear,2.3547714440193155,0,0,2.37,3.71,4.68
2026-08-04 01:00:00,momyshuly-01,0.9304156206666288,7,57.928166067381355,rain,3.6600017260643356,1,0,10.51,2.37,3.71
2026-08-04 01:15:00,tole-bi-01,0.8797261500504814,3,20.328496231795874,clear,2.5009650135789774,1,0,5.9,10.51,2.37
2026-08-04 01:30:00,tole-bi-01,0.9357843638003067,4,20.8810686668486,clear,2.102899828080009,1,0,4.29,5.9,10.51
2026-08-04 01:45:00,abylai-khan-01,0.992719477304251,4,53.33088299310005,clear,1.1944086497945139,1,0,2.76,4.29,5.9
2026-08-04 02:00:00,abylai-khan-01,0.8485377989014118,5,32.40069339334036,snow,1.0749746598079655,2,0,8.37,2.76,4.29
2026-08-04 02:15:00,abylai-khan-01,0.8236739227317306,2,73.15605256746076,rain,1.2013798077733433,2,0,5.18,8.37,2.76
2026-08-04 02:30:00,abylai-khan-01,0.8512952441853125,3,76.70394119249232,rain,1.1217141997417908,2,0,6.08,5.18,8.37
2026-08-04 02:45:00,abylai-khan-01,0.813070354704622,2,34.23038363685029,clear,1.174508278063341,2,0,2.45,6.08,5.18
2026-08-04 03:00:00,momyshuly-01,0.8540356423638875,6,91.08266308195878,clear,3.5125852661314476,3,0,7.36,2.45,6.08
2026-08-04 03:15:00,tole-bi-01,0.7799368831890237,4,55.35262759831407,snow,2.3155367453135676,3,0,11.19,7.36,2.45
2026-08-04 03:30:00,tole-bi-01,0.6873772731533229,6,31.427672607353898,clear,2.4073894170183494,3,0,5.29,11.19,7.36
2026-08-04 03:45:00,tole-bi-01,0.6480988906046702,1,81.14012784555163,clear,2.262726521256778,3,0,3.44,5.29,11.19
2026-08-04 04:00:00,tole-bi-01,0.6273363742129041,4,83.19796000134183,clear,2.443062220572854,4,0,3.54,3.44,5.29
2026-08-04 04:15:00,abylai-khan-01,0.7053263135012801,2,71.14363781323661,snow,1.3043956808009118,4,0,7.19,3.54,3.44
2026-08-04 04:30:00,tole-bi-01,0.6184494257342935,4,88.27724425620426,clear,2.503406901895683,4,0,6.24,7.19,3.54
2026-08-04 04:45:00,momyshuly-01,0.8268683119677542,1,78.9898377624537,clear,3.641135701205743,4,0,3.12,6.24,7.19
2026-08-04 05:00:00,momyshuly-01,0.7135313788094081,5,90.57645897815925,rain,3.593835595836872,5,0,7.33,3.12,6.24
2026-08-04 05:15:00,tole-bi-01,0.9298139232348128,6,54.71104387883835,clear,2.1414762803456444,5,0,6.35,7.33,3.12
2026-08-04 05:30:00,tole-bi-01,0.6296963491953546,6,79.8077702479554,clear,2.221831287840695,5,0,6.16,6.35,7.33
2026-08-04 05:45:00,momyshuly-01,0.6905405977365944,2,99.98012507432355,snow,3.579209701050076,5,0,10.29,6.16,6.35
2026-08-04 06:00:00,momyshuly-01,0.8920984588360583,4,77.99449580156954,snow,3.5910492968838463,6,0,10.45,10.29,6.16
2026-08-04 06:15:00,abylai-khan-01,0.8395233185533966,2,29.134702418970573,rain,1.43487224022465,6,0,4.15,10.45,10.29
2026-08-04 06:30:00,momyshuly-01,0.625796508499667,5,61.46549779433464,clear,3.5793023218443563,6,0,7.7,4.15,10.45
2026-08-04 06:45:00,abylai-khan-01,0.9508957828648802,4,66.98782329944223,clear,1.0231646710729394,6,0,3.45,7.7,4.15
2026-08-04 07:00:00,abylai-khan-01,0.9509047051304718,4,33.93685400571128,snow,1.266457035677788,7,0,8.46,3.45,7.7
2026-08-04 07:15:00,abylai-khan-01,0.7321632015503096,2,97.031330734243,clear,1.2606498240269324,7,0,2.39,8.46,3.45
2026-08-04 07:30:00,abylai-khan-01,0.7361623373398258,2,34.0463822107693,rain,1.154107029556012,7,0,4.18,2.39,8.46
2026-08-04 07:45:00,abylai-khan-01,0.9956113433400695,1,34.20463357705782,snow,1.4127670457752617,7,0,5.65,4.18,2.39
2026-08-04 08:00:00,tole-bi-01,0.8504704686372553,7,93.2133710379644,clear,2.110337894525707,8,1,10.9,5.65,4.18
2026-08-04 08:15:00,momyshuly-01,0.8125266082272237,7,57.216434649733685,rain,3.7249457099587864,8,1,15.83,10.9,5.65
2026-08-04 08:30:00,abylai-khan-01,0.9352608734207698,5,25.055062341961296,rain,1.170890329592197,8,1,9.84,15.83,10.9
2026-08-04 08:45:00,momyshuly-01,0.7141161353429266,7,67.8549999950823,clear,3.504958222172071,8,1,14.26,9.84,15.83
2026-08-04 09:00:00,momyshuly-01,0.7716730373585428,1,68.14610789064383,clear,3.840039827793742,9,1,10.06,14.26,9.84
2026-08-04 09:15:00,abylai-khan-01,0.7071106701953337,6,25.160060694924944,clear,1.2736696730291281,9,1,10.14,10.06,14.26
2026-08-04 09:30:00,tole-bi-01,0.9156643386354926,4,97.80179965069296,clear,2.2701561316801953,9,1,10.44,10.14,10.06
2026-08-04 09:45:00,abylai-khan-01,0.8293397382540872,2,63.522397223566045,clear,1.1681236311133747,9,1,6.36,10.44,10.14
2026-08-04 10:00:00,tole-bi-01,0.8635300280560282,4,64.78365777438114,clear,2.3275418835370214,10,0,5.44,6.36,10.44
2026-08-04 10:15:00,momyshuly-01,0.7009228999357626,4,61.609233160191565,rain,3.5538036484081634,10,0,7.46,5.44,6.36
2026-08-04 10:30:00,tole-bi-01,0.688090120550926,3,68.8585423715696,snow,2.4299608524608804,10,0,10.5,7.46,5.44
2026-08-04 10:45:00,tole-bi-01,0.7953498515931755,6,41.14398022190039,clear,2.3087685393062576,10,0,4.57,10.5,7.46
2026-08-04 11:00:00,tole-bi-01,0.8950262996371308,3,42.979307837987264,clear,2.401756445169706,11,0,4.6,4.57,10.5
2026-08-04 11:15:00,momyshuly-01,0.8100959030080641,7,60.90712718369062,clear,3.620792634499667,11,0,8.72,4.6,4.57
2026-08-04 11:30:00,momyshuly-01,0.6130582710182674,4,84.53486838108637,snow,3.686983499917434,11,0,9.78,8.72,4.6
2026-08-04 11:45:00,tole-bi-01,0.9474206025281156,2,23.98916611953431,clear,2.4345509751746475,11,0,4.35,9.78,8.72
2026-08-04 12:00:00,tole-bi-01,0.6258747574060526,4,68.27233697761969,clear,2.46809298322657,12,0,6.48,4.35,9.78
2026-08-04 12:15:00,abylai-khan-01,0.9823297934883009,6,84.54225140050512,snow,1.249094668762027,12,0,7.53,6.48,4.35
2026-08-04 12:30:00,tole-bi-01,0.6100567833109091,3,32.55338176297818,clear,2.2133452914358926,12,0,4.19,7.53,6.48
2026-08-04 12:45:00,abylai-khan-01,0.8777801824522835,2,21.201803358445304,snow,1.1827417732471555,12,0,8.2,4.19,7.53
2026-08-04 13:00:00,tole-bi-01,0.6328828254847126,4,45.017063611316644,snow,2.297386213072204,13,0,11.05,8.2,4.19
2026-08-04 13:15:00,abylai-khan-01,0.9642706317740558,5,67.05149653836784,snow,1.1426791161921392,13,0,8.96,11.05,8.2
2026-08-04 13:30:00,momyshuly-01,0.7857732944902172,6,31.06265387237982,clear,3.525984577699645,13,0,7.71,8.96,11.05
2026-08-04 13:45:00,tole-bi-01,0.6550095099268062,6,54.08978967779884,clear,2.317450056921041,13,0,5.77,7.71,8.96
2026-08-04 14:00:00,tole-bi-01,0.7363262799159387,5,64.18571978994223,rain,2.2016692361892267,14,0,8.05,5.77,7.71
2026-08-04 14:15:00,tole-bi-01,0.6659298701387047,4,67.91064758058538,clear,2.1822599509327407,14,0,4.27,8.05,5.77
2026-08-04 14:30:00,tole-bi-01,0.668232764622836,6,41.95293768003001,clear,2.1305564168541644,14,0,6.61,4.27,8.05
2026-08-04 14:45:00,abylai-khan-01,0.9792433280685768,2,52.00237087890331,clear,1.2480336694835414,14,0,2.74,6.61,4.27
2026-08-04 15:00:00,tole-bi-01,0.7780984449139152,4,82.26713832540469,clear,2.3341247978147974,15,0,5.48,2.74,6.61
2026-08-04 15:15:00,momyshuly-01,0.9155209055621438,4,95.29717552965484,clear,3.567532449676017,15,0,5.04,5.48,2.74
2026-08-04 15:30:00,momyshuly-01,0.8558422244710727,3,88.95042648946058,clear,3.6994231275768654,15,0,5.46,5.04,5.48
2026-08-04 15:45:00,tole-bi-01,0.8705705449353569,6,65.14268013867455,clear,2.2001190642677946,15,0,6.69,5.46,5.04
2026-08-04 16:00:00,momyshuly-01,0.6526773753888154,6,52.82342423551572,clear,3.638087410732189,16,0,9.24,6.69,5.46
2026-08-04 16:15:00,tole-bi-01,0.6936737787261943,5,46.63652914971345,clear,2.305416336043548,16,0,6.93,9.24,6.69
2026-08-04 16:30:00,tole-bi-01,0.9147001340617748,3,29.996525286721443,clear,2.2259319661327224,16,0,3.98,6.93,9.24
2026-08-04 16:45:00,momyshuly-01,0.9883064825899132,7,28.524099777289038,clear,3.5507457570203496,16,0,7.52,3.98,6.93
2026-08-04 17:00:00,tole-bi-01,0.7050702570394607,3,75.06860999309262,clear,2.2430504019945556,17,0,4.52,7.52,3.98
2026-08-04 17:15:00,momyshuly-01,0.7086275059004159,6,40.78355329369283,clear,3.6252753969061446,17,0,6.91,4.52,7.52
2026-08-04 17:30:00,abylai-khan-01,0.789158853124362,4,40.372934914595746,clear,1.2593428873655552,17,0,4.87,6.91,4.52
2026-08-04 17:45:00,tole-bi-01,0.9935361251421752,3,99.85560435822285,clear,2.2573606168485405,17,0,3.74,4.87,6.91
2026-08-04 18:00:00,abylai-khan-01,0.7075835783305884,5,35.03407662990363,clear,1.1287895475882361,18,1,10.29,3.74,4.87
2026-08-04 18:15:00,momyshuly-01,0.7627887638537055,3,31.84478075910637,clear,3.6137222128526756,18,1,9.64,10.29,3.74
2026-08-04 18:30:00,abylai-khan-01,0.9565920062494027,5,27.89481822079365,clear,1.0348248832491544,18,1,8.57,9.64,10.29
2026-08-04 18:45:00,abylai-khan-01,0.6011684130485447,7,66.38442761334369,rain,1.2034357466442271,18,1,14.01,8.57,9.64
2026-08-04 19:00:00,momyshuly-01,0.6159063859954278,3,70.22910608016812,clear,3.7561775484521687,19,1,11.84,14.01,8.57
2026-08-04 19:15:00,abylai-khan-01,0.8416286708284877,5,49.21823410055055,snow,1.1296036729787018,19,1,15.57,11.84,14.01
2026-08-04 19:30:00,abylai-khan-01,0.9629520658851388,3,62.83306684091742,clear,1.182314483992505,19,1,8.61,15.57,11.84
2026-08-04 19:45:00,momyshuly-01,0.695542664160771,7,83.07196247559301,snow,3.7024561749302447,19,1,16.94,8.61,15.57
2026-08-04 20:00:00,abylai-khan-01,0.7878567098722836,3,85.44833346573986,clear,1.275467334107515,20,0,2.96,16.94,8.61
2026-08-04 20:15:00,momyshuly-01,0.7801861206631273,2,96.63296605725186,clear,3.6061839081724854,20,0,3.8,2.96,16.94
2026-08-04 20:30:00,abylai-khan-01,0.789188538438204,5,85.94143887382997,clear,1.1941471473936558,20,0,4.06,3.8,2.96
2026-08-04 20:45:00,momyshuly-01,0.849007878291898,7,65.18731493739412,clear,3.4764442424631836,20,0,9.03,4.06,3.8
2026-08-04 21:00:00,momyshuly-01,0.7878975051962736,5,34.37255726694768,clear,3.64911528208978,21,0,6.54,9.03,4.06
2026-08-04 21:15:00,abylai-khan-01,0.7789872565289832,5,27.981084616227392,clear,1.0656624987588597,21,0,4.96,6.54,9.03
2026-08-04 21:30:00,abylai-khan-01,0.7897153681725042,1,24.360951192868736,clear,0.9934815127878809,21,0,1.28,4.96,6.54
2026-08-04 21:45:00,abylai-khan-01,0.8363469765084166,7,73.3220665428307,clear,1.3008103069449934,21,0,6.78,1.28,4.96
2026-08-04 22:00:00,tole-bi-01,0.8148029953405433,3,84.60290043183944,rain,2.338698629839311,22,0,8.53,6.78,1.28
2026-08-04 22:15:00,tole-bi-01,0.9416543990602018,5,60.69471605472632,clear,2.387973569505786,22,0,4.78,8.53,6.78
2026-08-04 22:30:00,tole-bi-01,0.6197987413974666,6,24.377133986691195,snow,2.226349034606534,22,0,11.51,4.78,8.53
2026-08-04 22:45:00,momyshuly-01,0.933326828589205,1,62.837645967307054,clear,3.64663639661756,22,0,2.6,11.51,4.78
2026-08-04 23:00:00,abylai-khan-01,0.9375698450446897,2,94.85994092196404,clear,1.156093210136712,23,0,1.55,2.6,11.51
2026-08-04 23:15:00,momyshuly-01,0.7139632086123844,5,67.80905527459683,clear,3.5672757347038253,23,0,6.42,1.55,2.6
2026-08-04 23:30:00,tole-bi-01,0.7851407820063403,5,84.75419907702519,clear,2.3973754124189566,23,0,4.79,6.42,1.55
2026-08-04 23:45:00,abylai-khan-01,0.7754153954149742,1,84.01221187134004,clear,1.1850208706798604,23,0,1.04,4.79,6.42
2026-08-05 00:00:00,momyshuly-01,0.6874039337416521,3,94.57032798245223,clear,3.5303614207907184,0,0,5.1,1.04,4.79
2026-08-05 00:15:00,abylai-khan-01,0.7587187388345266,6,81.61830125198986,clear,1.0634481577888448,0,0,5.5,5.1,1.04
2026-08-05 00:30:00,momyshuly-01,0.6177551088683417,2,79.81604112104716,snow,3.6360689375860464,0,0,9.53,5.5,5.1
2026-08-05 00:45:00,abylai-khan-01,0.7111288291126938,5,38.72821319765124,clear,1.3059476167426842,0,0,6.54,9.53,5.5
2026-08-05 01:00:00,tole-bi-01,0.9266728701802872,3,24.794012425686518,snow,2.221687160994998,1,0,8.68,6.54,9.53
2026-08-05 01:15:00,tole-bi-01,0.713824920705159,7,61.407957204304616,snow,2.368897893470924,1,0,12.85,8.68,6.54
2026-08-05 01:30:00,abylai-khan-01,0.927282667499299,6,29.954736635740417,rain,1.1057221351266522,1,0,7.96,12.85,8.68
2026-08-05 01:45:00,momyshuly-01,0.8126397858417723,7,96.9756701022393,clear,3.6749302303295988,1,0,7.55,7.96,12.85
2026-08-05 02:00:00,tole-bi-01,0.951945070944464,6,43.19398101064229,clear,2.3032914464661456,2,0,5.52,7.55,7.96
2026-08-05 02:15:00,tole-bi-01,0.829911821705766,2,88.23553627074345,clear,2.326783617256318,2,0,2.2,5.52,7.55
2026-08-05 02:30:00,tole-bi-01,0.611867289225896,4,51.009970016196746,clear,2.230258965168772,2,0,6.04,2.2,5.52
2026-08-05 02:45:00,abylai-khan-01,0.8701680830188356,6,45.855539988590195,clear,1.235755086348685,2,0,4.69,6.04,2.2
2026-08-05 03:00:00,abylai-khan-01,0.6179414272094275,4,94.81268579012969,clear,1.1402312758665358,3,0,4.06,4.69,6.04
2026-08-05 03:15:00,momyshuly-01,0.7802388075932536,7,49.06580576689792,clear,3.558632650786506,3,0,8.83,4.06,4.69
2026-08-05 03:30:00,momyshuly-01,0.9717706777892456,6,51.22303269305092,clear,3.4482372353452155,3,0,4.56,8.83,4.06
2026-08-05 03:45:00,momyshuly-01,0.66608157573514,2,28.48734236903273,rain,3.52278478391482,3,0,8.74,4.56,8.83
2026-08-05 04:00:00,abylai-khan-01,0.7559489411766176,1,73.63573322260075,clear,1.1474504697075465,4,0,3.63,8.74,4.56
2026-08-05 04:15:00,abylai-khan-01,0.8919441235393913,2,43.10715315820108,clear,1.2312809512638738,4,0,1.9,3.63,8.74
2026-08-05 04:30:00,momyshuly-01,0.952903422437939,2,66.84833342716058,rain,3.6595655775577876,4,0,7.59,1.9,3.63
2026-08-05 04:45:00,momyshuly-01,0.8683772018970031,1,67.30813632425676,clear,3.539206822357791,4,0,2.03,7.59,1.9
2026-08-05 05:00:00,abylai-khan-01,0.7032693016764677,1,77.53597564766136,clear,1.1835555461771066,5,0,3.24,2.03,7.59
2026-08-05 05:15:00,momyshuly-01,0.8698431411664864,3,79.6193188937953,rain,3.76863852644611,5,0,6.96,3.24,2.03
2026-08-05 05:30:00,tole-bi-01,0.718691056441636,6,61.156194752123156,clear,2.3131108563084832,5,0,4.55,6.96,3.24
2026-08-05 05:45:00,abylai-khan-01,0.8873716919274941,7,46.47935580827224,clear,1.1463107555596097,5,0,4.96,4.55,6.96
2026-08-05 06:00:00,momyshuly-01,0.9816132510340162,3,86.99607158677871,clear,3.4320351239810707,6,0,3.57,4.96,4.55
2026-08-05 06:15:00,abylai-khan-01,0.8885573804425153,1,44.789251952678775,clear,1.1146077486630772,6,0,2.15,3.57,4.96
2026-08-05 06:30:00,tole-bi-01,0.9451522011649649,4,60.60072755754652,clear,2.2107130381922837,6,0,3.4,2.15,3.57
2026-08-05 06:45:00,abylai-khan-01,0.6008415372703534,7,52.10020665629824,clear,1.3977873720400378,6,0,6.76,3.4,2.15
2026-08-05 07:00:00,abylai-khan-01,0.8870288498926377,4,88.40627087757505,clear,1.1151542477707008,7,0,4.02,6.76,3.4
2026-08-05 07:15:00,abylai-khan-01,0.9318350227461001,2,54.5534824916663,clear,1.2051042928338245,7,0,2.42,4.02,6.76
2026-08-05 07:30:00,abylai-khan-01,0.6162234950178725,5,50.88793510699874,rain,1.2370757558878875,7,0,7.88,2.42,4.02
2026-08-05 07:45:00,tole-bi-01,0.9486390909152922,2,75.18589543181099,clear,2.4106524925018915,7,0,2.27,7.88,2.42
2026-08-05 08:00:00,abylai-khan-01,0.7026776913240184,2,68.19528878891542,rain,1.2008024241859268,8,1,11.4,2.27,7.88
2026-08-05 08:15:00,abylai-khan-01,0.8661168407912221,5,28.579746679667686,clear,1.14896854923993,8,1,8.98,11.4,2.27
2026-08-05 08:30:00,momyshuly-01,0.9201419516093626,6,60.653504507517056,rain,3.5423463448420116,8,1,12.5,8.98,11.4
2026-08-05 08:45:00,abylai-khan-01,0.8650658052237421,1,78.83827106665981,clear,1.2356379992679822,8,1,6.15,12.5,8.98
2026-08-05 09:00:00,momyshuly-01,0.6369139168293029,4,99.3659811673085,clear,3.5315660542460177,9,1,11.6,6.15,12.5
2026-08-05 09:15:00,tole-bi-01,0.8385286075441474,2,70.33174671762552,clear,2.189581885726123,9,1,7.79,11.6,6.15
2026-08-05 09:30:00,tole-bi-01,0.8198334626888575,5,49.62344531530542,rain,2.2489495678169598,9,1,12.16,7.79,11.6
2026-08-05 09:45:00,tole-bi-01,0.9601285072297085,3,38.09212798416947,clear,2.167551565879734,9,1,6.83,12.16,7.79
2026-08-05 10:00:00,tole-bi-01,0.7616958918576837,2,89.82641873226562,clear,2.4850616584520595,10,0,3.32,6.83,12.16
2026-08-05 10:15:00,momyshuly-01,0.72843243883482,4,85.16521696908022,clear,3.659655271007138,10,0,5.95,3.32,6.83
2026-08-05 10:30:00,abylai-khan-01,0.8999403057745865,1,38.713825662350786,rain,1.3620843843414567,10,0,2.96,5.95,3.32
2026-08-05 10:45:00,tole-bi-01,0.7650701304333587,2,36.05056721172588,clear,2.348543603674049,10,0,3.18,2.96,5.95
2026-08-05 11:00:00,abylai-khan-01,0.8584384700020251,2,77.21094214489405,clear,1.3524593030042564,11,0,1.25,3.18,2.96
2026-08-05 11:15:00,momyshuly-01,0.8585800360498428,6,45.196164953500755,clear,3.6367464664055915,11,0,6.39,1.25,3.18
2026-08-05 11:30:00,momyshuly-01,0.9552156257440472,5,44.51190386895662,clear,3.6726181320995335,11,0,7.13,6.39,1.25
2026-08-05 11:45:00,momyshuly-01,0.8394769609276389,3,32.18321976541242,snow,3.386628097345882,11,0,9.53,7.13,6.39
2026-08-05 12:00:00,tole-bi-01,0.8008614439847948,3,41.118041576786396,rain,2.208567040302381,12,0,4.74,9.53,7.13
2026-08-05 12:15:00,abylai-khan-01,0.6555485305586067,7,54.20060460741197,clear,1.2036927775255972,12,0,7.0,4.74,9.53
2026-08-05 12:30:00,abylai-khan-01,0.6462950426714821,1,78.62706698179323,clear,1.206118776478989,12,0,3.83,7.0,4.74
2026-08-05 12:45:00,abylai-khan-01,0.6617286261132317,7,46.90464755309998,rain,1.1923618981327164,12,0,7.75,3.83,7.0
2026-08-05 13:00:00,momyshuly-01,0.6687393925308378,4,46.28834715838742,clear,3.6452995277090703,13,0,4.93,7.75,3.83
2026-08-05 13:15:00,tole-bi-01,0.8551508370654535,1,42.793060204194866,snow,2.3494202937929978,13,0,7.52,4.93,7.75
2026-08-05 13:30:00,momyshuly-01,0.8963925001098314,2,58.26269340088344,clear,3.686511581708784,13,0,3.49,7.52,4.93
2026-08-05 13:45:00,momyshuly-01,0.8119966091705675,2,34.45093583530522,clear,3.666899352110414,13,0,5.16,3.49,7.52
2026-08-05 14:00:00,abylai-khan-01,0.9316070930181964,3,58.85045872257004,clear,1.3204087399577493,14,0,2.52,5.16,3.49
2026-08-05 14:15:00,momyshuly-01,0.9965052906934533,4,76.33404449557518,clear,3.721223361742648,14,0,5.37,2.52,5.16
2026-08-05 14:30:00,abylai-khan-01,0.9280050516477424,5,22.383240322609772,snow,1.2174664448875365,14,0,10.58,5.37,2.52
2026-08-05 14:45:00,tole-bi-01,0.8779529494703837,4,20.78235042446095,clear,2.5081648788564306,14,0,3.49,10.58,5.37
2026-08-05 15:00:00,abylai-khan-01,0.8129970797748587,2,26.009832812360738,rain,1.3359330534921614,15,0,5.79,3.49,10.58
2026-08-05 15:15:00,tole-bi-01,0.7795412286698833,5,62.852804938248966,clear,2.219304909553446,15,0,4.92,5.79,3.49
2026-08-05 15:30:00,abylai-khan-01,0.6337569522178169,4,88.35640665483227,rain,1.2392603331057293,15,0,4.98,4.92,5.79
2026-08-05 15:45:00,momyshuly-01,0.7597474993578763,4,20.390757281620154,clear,3.4157381858084386,15,0,5.91,4.98,4.92
2026-08-05 16:00:00,momyshuly-01,0.9640538547128537,5,94.93290436677448,rain,3.4325801718317654,16,0,8.32,5.91,4.98
2026-08-05 16:15:00,tole-bi-01,0.9232090519626212,2,28.502280925642864,clear,2.250050566966424,16,0,1.05,8.32,5.91
2026-08-05 16:30:00,tole-bi-01,0.6864205460046748,4,87.3586822446581,rain,2.212455507133625,16,0,7.08,1.05,8.32
2026-08-05 16:45:00,tole-bi-01,0.7866431138788863,5,58.62838119863574,clear,2.2506657049925742,16,0,4.69,7.08,1.05
2026-08-05 17:00:00,abylai-khan-01,0.9266892810234179,6,72.74859098230752,clear,1.2328493862396583,17,0,5.58,4.69,7.08
2026-08-05 17:15:00,abylai-khan-01,0.626953821914209,6,60.854638755774594,rain,1.322529030584973,17,0,7.12,5.58,4.69
2026-08-05 17:30:00,tole-bi-01,0.7549570342674637,2,58.16385801434837,clear,2.4171751936473105,17,0,3.56,7.12,5.58
2026-08-05 17:45:00,momyshuly-01,0.9407364947495791,5,86.79195426915132,clear,3.6413193736967973,17,0,3.11,3.56,7.12
2026-08-05 18:00:00,abylai-khan-01,0.7615591456680495,6,80.47091036542531,clear,1.0912880580937878,18,1,10.81,3.11,3.56
2026-08-05 18:15:00,abylai-khan-01,0.6310458578925763,5,58.672178921840334,clear,1.144261187870024,18,1,10.47,10.81,3.11
2026-08-05 18:30:00,abylai-khan-01,0.8170137474129006,4,28.930874351684928,clear,1.263718332540721,18,1,8.37,10.47,10.81
2026-08-05 18:45:00,tole-bi-01,0.9446969979673181,2,29.23223674515265,clear,2.2173883498459652,18,1,8.91,8.37,10.47
2026-08-05 19:00:00,tole-bi-01,0.8361142171812639,6,84.12315685752604,clear,2.1733083262436144,19,1,8.12,8.91,8.37
2026-08-05 19:15:00,tole-bi-01,0.6905116432856927,7,62.35124970780268,clear,2.3492317125604156,19,1,12.18,8.12,8.91
2026-08-05 19:30:00,tole-bi-01,0.7536958480549525,4,58.52713121754901,clear,2.295163736341549,19,1,10.98,12.18,8.12
2026-08-05 19:45:00,tole-bi-01,0.7800493444727729,7,74.44534730885721,snow,2.2789080960192876,19,1,16.89,10.98,12.18
2026-08-05 20:00:00,momyshuly-01,0.8317065415282108,7,88.70732667314083,clear,3.710980193565235,20,0,8.75,16.89,10.98
2026-08-05 20:15:00,momyshuly-01,0.9037404103010452,1,70.30985155306442,clear,3.708880808365036,20,0,2.41,8.75,16.89
2026-08-05 20:30:00,tole-bi-01,0.6395494470562542,1,81.02783218771833,clear,2.4781117990739303,20,0,3.14,2.41,8.75
2026-08-05 20:45:00,abylai-khan-01,0.9558608132070265,2,81.22164192935657,clear,1.1348588209993586,20,0,3.01,3.14,2.41
2026-08-05 21:00:00,tole-bi-01,0.6049238812064303,6,48.50091590343673,clear,2.3429733580890084,21,0,7.78,3.01,3.14
2026-08-05 21:15:00,momyshuly-01,0.7480209338697021,6,41.92665565127966,clear,3.6019008470557354,21,0,9.39,7.78,3.01
2026-08-05 21:30:00,momyshuly-01,0.6109681239890631,6,84.09312537401269,clear,3.633831583174535,21,0,7.73,9.39,7.78
2026-08-05 21:45:00,abylai-khan-01,0.7571896901381165,5,50.17430334273948,clear,1.0865618824215093,21,0,4.94,7.73,9.39
2026-08-05 22:00:00,momyshuly-01,0.8103250395493296,4,92.26688052181642,clear,3.459752666556479,22,0,4.77,4.94,7.73
2026-08-05 22:15:00,tole-bi-01,0.8046725546326047,6,25.57525573840957,rain,2.2959783863771195,22,0,8.25,4.77,4.94
2026-08-05 22:30:00,abylai-khan-01,0.6662513388113062,4,24.657400966027172,clear,1.1157487410025904,22,0,5.55,8.25,4.77
2026-08-05 22:45:00,tole-bi-01,0.8582962040382449,2,94.16033280811266,clear,2.3938207620551286,22,0,2.97,5.55,8.25
2026-08-05 23:00:00,tole-bi-01,0.6179113802018673,7,71.87639313451479,clear,2.14993226326414,23,0,6.6,2.97,5.55
2026-08-05 23:15:00,abylai-khan-01,0.9047627280529662,6,50.36794851586659,rain,1.058179911275372,23,0,6.89,6.6,2.97
2026-08-05 23:30:00,tole-bi-01,0.9786577735974185,2,80.40483318529462,rain,2.258333752475114,23,0,4.76,6.89,6.6
2026-08-05 23:45:00,momyshuly-01,0.7359075308604471,6,73.7861447994913,snow,3.446192499406709,23,0,11.21,4.76,6.89
2026-08-06 00:00:00,tole-bi-01,0.8068957526857328,1,62.4960837455677,clear,2.467600313209733,0,0,2.09,11.21,4.76
2026-08-06 00:15:00,abylai-khan-01,0.7515641112235257,3,27.90986741301211,clear,1.1817082626063709,0,0,2.43,2.09,11.21
2026-08-06 00:30:00,abylai-khan-01,0.602684156121624,2,84.97436698342013,clear,1.1397199294635973,0,0,2.95,2.43,2.09
2026-08-06 00:45:00,abylai-khan-01,0.7543498011580464,6,89.28185525444998,rain,1.246796402562632,0,0,9.22,2.95,2.43
2026-08-06 01:00:00,tole-bi-01,0.9166881037045386,3,33.77349508421193,snow,2.388384853602074,1,0,8.46,9.22,2.95
2026-08-06 01:15:00,abylai-khan-01,0.8383955368733927,2,88.04093215816533,clear,1.2206958901084286,1,0,4.82,8.46,9.22
2026-08-06 01:30:00,abylai-khan-01,0.6405039658460635,5,90.22778488132514,clear,1.1931908507107938,1,0,4.57,4.82,8.46
2026-08-06 01:45:00,tole-bi-01,0.938855795877514,6,63.954288983081284,clear,2.2016527075295866,1,0,5.78,4.57,4.82
2026-08-06 02:00:00,momyshuly-01,0.8124341379540971,5,72.49432289781495,clear,3.663090931892122,2,0,6.26,5.78,4.57
2026-08-06 02:15:00,tole-bi-01,0.9366893446978705,1,50.57898560115931,clear,2.4416703090186194,2,0,2.6,6.26,5.78
2026-08-06 02:30:00,abylai-khan-01,0.8320886075140117,6,42.54333180074128,clear,1.1780280245132708,2,0,4.56,2.6,6.26
2026-08-06 02:45:00,abylai-khan-01,0.823875377935176,7,77.75865175613158,clear,1.115121449968898,2,0,5.49,4.56,2.6
2026-08-06 03:00:00,tole-bi-01,0.642103674078805,1,88.95001192126466,clear,2.318149576750069,3,0,3.61,5.49,4.56
2026-08-06 03:15:00,momyshuly-01,0.6669438932554511,3,72.3262042364598,clear,3.600264989400056,3,0,4.75,3.61,5.49
2026-08-06 03:30:00,abylai-khan-01,0.9888101025986364,2,60.92724885172394,clear,1.078364761742596,3,0,0.0,4.75,3.61
2026-08-06 03:45:00,abylai-khan-01,0.6913946987019083,4,32.713981347533725,clear,1.149731130079204,3,0,5.69,0.0,4.75
2026-08-06 04:00:00,abylai-khan-01,0.9909808471961472,1,24.276697008385455,clear,1.3788485767978262,4,0,1.96,5.69,0.0
2026-08-06 04:15:00,tole-bi-01,0.8127650826097054,4,55.65534321973971,rain,2.1652445132890903,4,0,6.52,1.96,5.69
2026-08-06 04:30:00,abylai-khan-01,0.6543156188255749,4,23.947965095793702,rain,1.1309379646575572,4,0,7.25,6.52,1.96
2026-08-06 04:45:00,momyshuly-01,0.6397208811014772,2,65.54677055257801,clear,3.505128662547624,4,0,5.63,7.25,6.52
2026-08-06 05:00:00,abylai-khan-01,0.683545628282296,3,50.6183353054217,clear,1.1139700157808385,5,0,5.04,5.63,7.25
2026-08-06 05:15:00,abylai-khan-01,0.9702549320101344,2,80.57512957455756,clear,1.155452360584048,5,0,1.83,5.04,5.63
2026-08-06 05:30:00,momyshuly-01,0.7656600897312907,6,44.451879746894676,clear,3.644838210146126,5,0,6.36,1.83,5.04
2026-08-06 05:45:00,abylai-khan-01,0.7581737071971657,1,67.43861607739457,rain,1.330856253062113,5,0,6.05,6.36,1.83
2026-08-06 06:00:00,tole-bi-01,0.7252825044280696,4,63.01468174040804,rain,2.3203321593928314,6,0,7.52,6.05,6.36
2026-08-06 06:15:00,tole-bi-01,0.6588247402266353,2,20.37699404177929,clear,2.2315618178836463,6,0,3.63,7.52,6.05
2026-08-06 06:30:00,tole-bi-01,0.7951404788769626,2,25.791151861144826,snow,2.453991514589032,6,0,8.56,3.63,7.52
2026-08-06 06:45:00,momyshuly-01,0.6520191130044555,2,43.229456998881645,snow,3.393143647899583,6,0,10.66,8.56,3.63
2026-08-06 07:00:00,abylai-khan-01,0.9341920945529311,1,90.5788064816612,rain,1.2673478152812157,7,0,3.72,10.66,8.56
2026-08-06 07:15:00,tole-bi-01,0.7481587945101226,3,31.761196391982285,clear,2.19732413809712,7,0,5.04,3.72,10.66
2026-08-06 07:30:00,momyshuly-01,0.7499214271127186,7,76.87154643684333,clear,3.5949076822536306,7,0,7.47,5.04,3.72
2026-08-06 07:45:00,abylai-khan-01,0.7896025713932624,2,97.86932529218299,clear,1.2563099927550725,7,0,3.21,7.47,5.04
2026-08-06 08:00:00,momyshuly-01,0.7776510852663007,1,83.24540421529241,clear,3.439462389028352,8,1,7.32,3.21,7.47
2026-08-06 08:15:00,tole-bi-01,0.9979431892237286,4,39.43562893496352,clear,2.314165381825102,8,1,9.77,7.32,3.21
2026-08-06 08:30:00,tole-bi-01,0.818152448487321,6,92.66922083304652,rain,2.3218477067913526,8,1,12.74,9.77,7.32
2026-08-06 08:45:00,tole-bi-01,0.6352806815159483,7,27.448572520671206,clear,2.4462337682163358,8,1,12.97,12.74,9.77
2026-08-06 09:00:00,momyshuly-01,0.8427509366307719,5,57.45135534965886,snow,3.8715149317222517,9,1,14.54,12.97,12.74
2026-08-06 09:15:00,momyshuly-01,0.6606337171479519,7,91.0033526181131,clear,3.4447030194262447,9,1,13.02,14.54,12.97
2026-08-06 09:30:00,tole-bi-01,0.6123750578925368,7,71.30125674054958,clear,2.441715368383253,9,1,12.8,13.02,14.54
2026-08-06 09:45:00,momyshuly-01,0.9882968614708992,1,53.09156517821591,rain,3.596211976586024,9,1,9.23,12.8,13.02
2026-08-06 10:00:00,tole-bi-01,0.9094155566138256,5,43.4250293389735,clear,2.21914287608679,10,0,4.63,9.23,12.8
2026-08-06 10:15:00,tole-bi-01,0.9920435969655068,2,50.007952425468,clear,2.3369053170255167,10,0,2.6,4.63,9.23
2026-08-06 10:30:00,abylai-khan-01,0.791151379208897,2,60.7153424807429,snow,1.0697708604313676,10,0,8.04,2.6,4.63
2026-08-06 10:45:00,momyshuly-01,0.8129030124595904,7,45.52351438982459,rain,3.475738736619597,10,0,9.93,8.04,2.6
2026-08-06 11:00:00,tole-bi-01,0.6673347823676521,1,97.51742896658398,clear,2.126484136176841,11,0,4.31,9.93,8.04
2026-08-06 11:15:00,tole-bi-01,0.6987629706670342,5,94.64621224529161,rain,2.354608901012323,11,0,9.43,4.31,9.93
2026-08-06 11:30:00,momyshuly-01,0.9354196859611312,2,89.65371745714566,clear,3.6327011825019313,11,0,3.34,9.43,4.31
2026-08-06 11:45:00,abylai-khan-01,0.7424742588470377,4,53.746386841812274,rain,1.1185616304939616,11,0,5.3,3.34,9.43
2026-08-06 12:00:00,abylai-khan-01,0.9307259895185676,3,75.30414154681831,rain,1.3523601813691646,12,0,4.74,5.3,3.34
2026-08-06 12:15:00,tole-bi-01,0.8836054897148127,3,92.22634456287717,clear,2.2337044310165197,12,0,1.23,4.74,5.3
2026-08-06 12:30:00,momyshuly-01,0.6708683701087462,2,88.03435901431425,clear,3.7282989594145572,12,0,4.43,1.23,4.74
2026-08-06 12:45:00,abylai-khan-01,0.8029785464478969,5,53.146161121616615,clear,1.212208087703354,12,0,6.02,4.43,1.23
2026-08-06 13:00:00,momyshuly-01,0.8709549286074867,6,28.99088394578086,clear,3.5323631676988705,13,0,7.19,6.02,4.43
2026-08-06 13:15:00,momyshuly-01,0.69401488592153,2,26.050429106763957,snow,3.5885018596751763,13,0,9.51,7.19,6.02
2026-08-06 13:30:00,tole-bi-01,0.9322754042080308,6,66.16512361805621,clear,2.174625746110381,13,0,4.58,9.51,7.19
2026-08-06 13:45:00,abylai-khan-01,0.8179310630180747,6,71.41023481687454,rain,1.221673336304427,13,0,7.87,4.58,9.51
2026-08-06 14:00:00,tole-bi-01,0.6660968201770413,5,87.98740836776193,rain,2.3030550079363707,14,0,10.52,7.87,4.58
2026-08-06 14:15:00,abylai-khan-01,0.833193770465841,6,43.40120162728248,snow,1.25274474611171,14,0,11.69,10.52,7.87
2026-08-06 14:30:00,abylai-khan-01,0.9998855216623657,4,33.3976392440034,rain,1.2879152393084738,14,0,5.42,11.69,10.52
2026-08-06 14:45:00,abylai-khan-01,0.6602085966653654,5,50.32046665425596,clear,1.2115615776853206,14,0,3.77,5.42,11.69
2026-08-06 15:00:00,abylai-khan-01,0.9267027720478113,2,48.28600989058201,clear,1.0523678345222538,15,0,4.07,3.77,5.42
2026-08-06 15:15:00,abylai-khan-01,0.6829236012750232,7,30.59751632142838,clear,1.2932363332473047,15,0,5.87,4.07,3.77
2026-08-06 15:30:00,momyshuly-01,0.9129553317840349,4,73.78261220105216,clear,3.6014663966779668,15,0,5.38,5.87,4.07
2026-08-06 15:45:00,tole-bi-01,0.8938311692485652,1,60.69535525835008,clear,2.1105937388936624,15,0,0.39,5.38,5.87
2026-08-06 16:00:00,momyshuly-01,0.7201957542401729,3,77.6898204891813,clear,3.630961480396464,16,0,4.71,0.39,5.38
2026-08-06 16:15:00,abylai-khan-01,0.73032924702578,2,48.215289613578776,clear,1.2385123973908285,16,0,1.29,4.71,0.39
2026-08-06 16:30:00,tole-bi-01,0.9170085567851677,2,46.05617692621618,snow,2.2641520359069673,16,0,6.47,1.29,4.71
2026-08-06 16:45:00,abylai-khan-01,0.784578204754925,2,57.80606824350845,rain,1.1802163143162883,16,0,4.15,6.47,1.29
2026-08-06 17:00:00,tole-bi-01,0.8923272114847235,4,90.19258763161176,clear,2.2404734888603293,17,0,4.61,4.15,6.47
2026-08-06 17:15:00,momyshuly-01,0.6591936589463339,1,23.222504538718425,clear,3.641612667951563,17,0,3.82,4.61,4.15
2026-08-06 17:30:00,tole-bi-01,0.9410231127606214,7,84.38662538371776,clear,2.3139991384992875,17,0,8.77,3.82,4.61
2026-08-06 17:45:00,tole-bi-01,0.8843538866729277,5,49.519009012620515,clear,2.2091771299708896,17,0,5.98,8.77,3.82
2026-08-06 18:00:00,tole-bi-01,0.9627771235339335,1,88.36952206307822,rain,2.461797057878824,18,1,10.5,5.98,8.77
2026-08-06 18:15:00,tole-bi-01,0.6529489516139889,4,84.17624070686853,clear,2.233419693067404,18,1,10.71,10.5,5.98
2026-08-06 18:30:00,tole-bi-01,0.8372058001442391,2,47.90089979168707,rain,2.0293481542185137,18,1,10.63,10.71,10.5
2026-08-06 18:45:00,abylai-khan-01,0.8396482340161301,3,75.51012282572927,clear,1.1529325763740863,18,1,9.2,10.63,10.71
2026-08-06 19:00:00,tole-bi-01,0.7413842962187129,2,32.77062054187521,clear,2.4030937568036324,19,1,6.12,9.2,10.63
2026-08-06 19:15:00,tole-bi-01,0.7833865698277032,5,91.70252417310304,clear,2.279346796345006,19,1,9.72,6.12,9.2
2026-08-06 19:30:00,momyshuly-01,0.6151926253159413,6,52.35928515615275,clear,3.436522022191572,19,1,11.13,9.72,6.12
2026-08-06 19:45:00,tole-bi-01,0.8983440154508048,3,56.45004922841601,clear,2.197190855615014,19,1,6.49,11.13,9.72
2026-08-06 20:00:00,momyshuly-01,0.8197289917612696,2,76.46072408295879,rain,3.491901358422594,20,0,5.54,6.49,11.13
2026-08-06 20:15:00,abylai-khan-01,0.6230964207476695,7,85.66721893638808,rain,1.142471375491404,20,0,8.13,5.54,6.49
2026-08-06 20:30:00,tole-bi-01,0.8723023571841941,3,38.90741946625677,clear,2.273829502353983,20,0,4.73,8.13,5.54
2026-08-06 20:45:00,momyshuly-01,0.7867128308924751,6,72.90801119015964,rain,3.6493854608933955,20,0,9.44,4.73,8.13
2026-08-06 21:00:00,momyshuly-01,0.6137845037699999,1,51.35984351113188,clear,3.6128438704961234,21,0,2.1,9.44,4.73
2026-08-06 21:15:00,abylai-khan-01,0.9878430907392381,4,49.496233920316904,snow,1.217640378207212,21,0,8.4,2.1,9.44
2026-08-06 21:30:00,tole-bi-01,0.9796448572357762,2,75.20206591525238,clear,2.4779353125760974,21,0,1.47,8.4,2.1
2026-08-06 21:45:00,tole-bi-01,0.805160966458879,5,50.974661932474746,rain,2.3860829340314917,21,0,7.87,1.47,8.4
2026-08-06 22:00:00,momyshuly-01,0.6374689682823641,1,47.68868001315261,clear,3.6772804663637304,22,0,4.43,7.87,1.47
2026-08-06 22:15:00,tole-bi-01,0.9018484886394367,2,86.87107265009939,clear,2.118683805390216,22,0,1.86,4.43,7.87
2026-08-06 22:30:00,momyshuly-01,0.7967724400422916,1,28.102089906480508,clear,3.5248194402509356,22,0,3.45,1.86,4.43
2026-08-06 22:45:00,tole-bi-01,0.7209789913157519,5,74.07140982641685,clear,2.140297600422512,22,0,5.94,3.45,1.86
2026-08-06 23:00:00,momyshuly-01,0.7965672710114227,2,39.89803150324997,clear,3.5230947192154387,23,0,3.77,5.94,3.45
2026-08-06 23:15:00,tole-bi-01,0.8089776581621858,6,21.239859346095223,clear,2.3794866712688107,23,0,5.27,3.77,5.94
2026-08-06 23:30:00,abylai-khan-01,0.8250846796089357,6,33.34114150981536,snow,1.1607171446082374,23,0,10.19,5.27,3.77
2026-08-06 23:45:00,tole-bi-01,0.7764894854621306,5,68.53292238206942,rain,2.4072441595159924,23,0,7.81,10.19,5.27
2026-08-07 00:00:00,tole-bi-01,0.8423021212556226,3,76.73017531887498,rain,2.3693135202062825,0,0,6.55,7.81,10.19
2026-08-07 00:15:00,abylai-khan-01,0.9674938842425509,5,21.684622684505605,rain,1.2050452773372031,0,0,6.11,6.55,7.81
2026-08-07 00:30:00,tole-bi-01,0.7449072348394364,3,22.914035464137612,snow,2.4096046409420313,0,0,8.0,6.11,6.55
2026-08-07 00:45:00,abylai-khan-01,0.8902865852879795,2,92.20336918743625,clear,1.3364416009769817,0,0,2.03,8.0,6.11
2026-08-07 01:00:00,tole-bi-01,0.9577810227296929,3,25.864465449097587,clear,2.345438727042578,1,0,3.52,2.03,8.0
2026-08-07 01:15:00,momyshuly-01,0.7823917103039748,2,91.5345726893257,rain,3.6229967113622132,1,0,6.74,3.52,2.03
2026-08-07 01:30:00,momyshuly-01,0.7773823345527616,2,38.25327310007246,rain,3.6633368809274964,1,0,6.49,6.74,3.52
2026-08-07 01:45:00,tole-bi-01,0.8408467941419118,7,79.20142401265703,clear,2.159341331262759,1,0,5.93,6.49,6.74
2026-08-07 02:00:00,tole-bi-01,0.8365627037689952,4,44.77865991568096,clear,2.288242853632393,2,0,3.87,5.93,6.49
2026-08-07 02:15:00,tole-bi-01,0.9226357369305108,2,88.70016204873471,clear,2.2976009490283604,2,0,2.19,3.87,5.93
2026-08-07 02:30:00,momyshuly-01,0.7905933535113171,3,76.03638923394863,snow,3.5631255689143435,2,0,10.76,2.19,3.87
2026-08-07 02:45:00,tole-bi-01,0.9984491798557764,4,52.14507668813561,clear,2.2210504205268644,2,0,2.69,10.76,2.19
2026-08-07 03:00:00,momyshuly-01,0.6237886275469123,4,26.104196333926364,snow,3.699804522163598,3,0,11.3,2.69,10.76
2026-08-07 03:15:00,abylai-khan-01,0.6012671394322807,2,78.61601470966457,snow,1.2170058191543915,3,0,7.17,11.3,2.69
2026-08-07 03:30:00,momyshuly-01,0.8560793246238495,5,69.35078047721453,clear,3.626099073219241,3,0,6.59,7.17,11.3
2026-08-07 03:45:00,momyshuly-01,0.7193739649447507,5,20.2329374267031,clear,3.742458007126663,3,0,5.97,6.59,7.17
2026-08-07 04:00:00,abylai-khan-01,0.6961529554797935,6,20.753588477795624,clear,1.1804671644743125,4,0,4.95,5.97,6.59
2026-08-07 04:15:00,momyshuly-01,0.7247596320017122,4,84.70343785541552,clear,3.5611220756789197,4,0,5.89,4.95,5.97
2026-08-07 04:30:00,tole-bi-01,0.7024190260419817,2,40.751979104148305,clear,2.436129312443923,4,0,1.24,5.89,4.95
2026-08-07 04:45:00,tole-bi-01,0.6123160198641792,7,70.89069341824526,rain,2.150926062028446,4,0,8.64,1.24,5.89
2026-08-07 05:00:00,momyshuly-01,0.9886132169562355,5,56.337153581219795,clear,3.6051191119979897,5,0,5.58,8.64,1.24
2026-08-07 05:15:00,tole-bi-01,0.6882981953811127,7,89.07440116174138,clear,2.2262357566542583,5,0,8.15,5.58,8.64
2026-08-07 05:30:00,momyshuly-01,0.8936119050357225,2,93.3568890481991,clear,3.6292679118821836,5,0,4.01,8.15,5.58
2026-08-07 05:45:00,tole-bi-01,0.9050385578776701,2,99.74461701430832,snow,2.357196493472144,5,0,7.88,4.01,8.15
2026-08-07 06:00:00,tole-bi-01,0.9717029592028917,4,32.29473086457975,clear,2.3627590732284043,6,0,6.26,7.88,4.01
2026-08-07 06:15:00,momyshuly-01,0.612219782837352,7,89.03712371803803,snow,3.7026239081898478,6,0,13.86,6.26,7.88
2026-08-07 06:30:00,tole-bi-01,0.948819335378803,6,41.28171013830414,clear,2.2747472673189133,6,0,4.25,13.86,6.26
2026-08-07 06:45:00,momyshuly-01,0.81089047233592,4,67.26526999164062,clear,3.580977871786272,6,0,6.32,4.25,13.86
2026-08-07 07:00:00,tole-bi-01,0.8530176439863311,1,60.46182670953687,clear,2.3526602214351766,7,0,1.63,6.32,4.25
2026-08-07 07:15:00,tole-bi-01,0.8577881108484134,7,21.43905052579101,clear,2.388750169330612,7,0,5.76,1.63,6.32
2026-08-07 07:30:00,abylai-khan-01,0.927919121993891,5,94.62170239248758,clear,1.0699696182861644,7,0,2.59,5.76,1.63
2026-08-07 07:45:00,abylai-khan-01,0.7333629288636442,5,26.266164411937474,clear,1.2314121174679677,7,0,4.53,2.59,5.76
2026-08-07 08:00:00,momyshuly-01,0.8932204759439973,5,75.05751355261887,clear,3.5604755674571824,8,1,9.39,4.53,2.59
2026-08-07 08:15:00,abylai-khan-01,0.8114312438888789,3,82.80054689666096,clear,1.208715257038436,8,1,8.73,9.39,4.53
2026-08-07 08:30:00,momyshuly-01,0.9173576057221391,2,83.62302792381473,clear,3.5643311346712276,8,1,8.29,8.73,9.39
2026-08-07 08:45:00,abylai-khan-01,0.9962184131080534,4,30.839561514307583,rain,1.1277253393707714,8,1,9.13,8.29,8.73
2026-08-07 09:00:00,tole-bi-01,0.6802604069615045,5,55.80559604063777,clear,2.1981476737176777,9,1,10.68,9.13,8.29
2026-08-07 09:15:00,momyshuly-01,0.9978594566239991,1,86.35430963471839,clear,3.5848975985029714,9,1,8.35,10.68,9.13
2026-08-07 09:30:00,momyshuly-01,0.6359248617131096,5,44.214336830300375,snow,3.6358405791755897,9,1,18.44,8.35,10.68
2026-08-07 09:45:00,tole-bi-01,0.6009270191619255,6,57.419894029973086,rain,2.2396992199926267,9,1,12.55,18.44,8.35
2026-08-07 10:00:00,momyshuly-01,0.6176647744711324,2,41.82351141598766,snow,3.7189811966866873,10,0,9.07,12.55,18.44
2026-08-07 10:15:00,momyshuly-01,0.7367129618947047,7,57.08411343082594,clear,3.8458450343001416,10,0,6.6,9.07,12.55
2026-08-07 10:30:00,abylai-khan-01,0.8531625322713736,2,91.0270338074304,rain,1.2413125120983943,10,0,5.16,6.6,9.07
2026-08-07 10:45:00,momyshuly-01,0.6276118163551399,7,56.409938482621556,clear,3.5958764475453315,10,0,6.82,5.16,6.6
2026-08-07 11:00:00,tole-bi-01,0.6022663258118269,7,64.47296136594562,clear,2.208773725957533,11,0,8.57,6.82,5.16
2026-08-07 11:15:00,abylai-khan-01,0.974836411383518,4,52.31810266424668,rain,1.237005808836798,11,0,6.86,8.57,6.82
2026-08-07 11:30:00,abylai-khan-01,0.9287706543759718,3,56.809374656266044,clear,1.3477175733368298,11,0,3.55,6.86,8.57
2026-08-07 11:45:00,tole-bi-01,0.9236732684556124,7,21.213935923713734,clear,2.494847941009734,11,0,5.52,3.55,6.86
2026-08-07 12:00:00,tole-bi-01,0.9537697102007908,7,42.699640796836476,clear,2.439615579848669,12,0,5.42,5.52,3.55
2026-08-07 12:15:00,abylai-khan-01,0.8800137091088418,4,54.92653773934595,rain,1.284330962830611,12,0,5.65,5.42,5.52
2026-08-07 12:30:00,momyshuly-01,0.6417616518992325,5,70.70375807941831,clear,3.6410193370047166,12,0,7.9,5.65,5.42
2026-08-07 12:45:00,abylai-khan-01,0.7596400752294892,6,56.00415444431137,clear,1.0951331969119615,12,0,3.74,7.9,5.65
2026-08-07 13:00:00,tole-bi-01,0.8892597945858518,1,47.02536346572512,clear,2.290027845216986,13,0,2.46,3.74,7.9
2026-08-07 13:15:00,abylai-khan-01,0.7121337843166083,4,51.04789882753258,clear,1.1784121862528874,13,0,3.37,2.46,3.74
2026-08-07 13:30:00,tole-bi-01,0.8749625456544949,3,39.38346633603732,snow,2.2906795964592743,13,0,8.12,3.37,2.46
2026-08-07 13:45:00,abylai-khan-01,0.609799379307061,4,93.95954262192423,clear,1.1280587787173197,13,0,5.47,8.12,3.37
2026-08-07 14:00:00,momyshuly-01,0.7224549363518373,2,61.73945806327317,clear,3.675786196843638,14,0,2.84,5.47,8.12
2026-08-07 14:15:00,abylai-khan-01,0.819652134510869,5,21.07275630976985,snow,1.1726135206592956,14,0,9.24,2.84,5.47
2026-08-07 14:30:00,abylai-khan-01,0.852835931802497,5,21.555700673563727,clear,1.16449695928565,14,0,4.23,9.24,2.84
2026-08-07 14:45:00,tole-bi-01,0.8308162657847643,7,97.83693079616333,clear,2.2283973375788935,14,0,6.46,4.23,9.24
2026-08-07 15:00:00,tole-bi-01,0.8791025104293717,5,37.7160713098596,rain,2.3232299988274367,15,0,7.33,6.46,4.23
2026-08-07 15:15:00,tole-bi-01,0.6024354992959357,5,84.44866310514517,clear,2.4496774526055796,15,0,6.82,7.33,6.46
2026-08-07 15:30:00,abylai-khan-01,0.6403764799910086,5,24.662024124845956,clear,1.198979170338946,15,0,4.89,6.82,7.33
2026-08-07 15:45:00,momyshuly-01,0.947577700911658,5,93.69301893556393,rain,3.628174054846629,15,0,8.28,4.89,6.82
2026-08-07 16:00:00,tole-bi-01,0.8726994576360645,1,89.95336029333427,rain,2.4935260563040065,16,0,5.1,8.28,4.89
2026-08-07 16:15:00,tole-bi-01,0.6451726570744045,3,65.68745299476117,rain,2.420344253925129,16,0,7.43,5.1,8.28
2026-08-07 16:30:00,abylai-khan-01,0.9368297749594316,7,20.719892582660464,snow,1.2587744817552198,16,0,10.97,7.43,5.1
2026-08-07 16:45:00,tole-bi-01,0.6968924871298268,5,40.624869921867,rain,2.354569776625744,16,0,8.56,10.97,7.43
2026-08-07 17:00:00,momyshuly-01,0.7913039536780894,7,52.5458117918772,rain,3.5396934092207086,17,0,9.87,8.56,10.97
2026-08-07 17:15:00,momyshuly-01,0.6580786051538641,3,56.80512933980494,rain,3.5299130551117393,17,0,6.49,9.87,8.56
2026-08-07 17:30:00,tole-bi-01,0.8840440225686826,6,43.81430068498976,clear,2.314140815300503,17,0,6.97,6.49,9.87
2026-08-07 17:45:00,tole-bi-01,0.866741768405707,5,22.635829459642398,clear,2.3166774105158288,17,0,6.68,6.97,6.49
2026-08-07 18:00:00,abylai-khan-01,0.6844449884664545,7,67.21019247412337,rain,1.1150235130967152,18,1,13.63,6.68,6.97
2026-08-07 18:15:00,momyshuly-01,0.9453603067428007,4,61.93237341558047,clear,3.670329666394744,18,1,10.2,13.63,6.68
2026-08-07 18:30:00,momyshuly-01,0.7605224096878849,7,42.64005083432622,clear,3.572270211150288,18,1,12.07,10.2,13.63
2026-08-07 18:45:00,tole-bi-01,0.7170060364282967,5,23.038077405568522,clear,2.4127320735712874,18,1,10.0,12.07,10.2
2026-08-07 19:00:00,abylai-khan-01,0.6609318357858142,2,99.56753497775522,clear,1.1944591488210652,19,1,8.2,10.0,12.07
2026-08-07 19:15:00,momyshuly-01,0.706467205006215,1,58.558894946112474,clear,3.5856079769964135,19,1,11.48,8.2,10.0
2026-08-07 19:30:00,momyshuly-01,0.6088107684895268,4,80.48033934192617,rain,3.506260355049402,19,1,15.26,11.48,8.2
2026-08-07 19:45:00,abylai-khan-01,0.8333029969824463,4,56.18512280410684,snow,1.1172140264881365,19,1,15.17,15.26,11.48
2026-08-07 20:00:00,abylai-khan-01,0.9368922985375792,2,23.453623269035315,rain,1.33177643650776,20,0,5.0,15.17,15.26
2026-08-07 20:15:00,momyshuly-01,0.8195921797766568,5,44.768059606840005,rain,3.626896374698898,20,0,7.57,5.0,15.17
2026-08-07 20:30:00,momyshuly-01,0.6877095847695502,1,45.608811280472096,clear,3.638930238052264,20,0,4.83,7.57,5.0
2026-08-07 20:45:00,abylai-khan-01,0.613467671285549,4,87.06823232392128,clear,1.3600646956883122,20,0,2.01,4.83,7.57
2026-08-07 21:00:00,momyshuly-01,0.6858512293035212,1,72.33839823998994,clear,3.4682411379657756,21,0,4.09,2.01,4.83
2026-08-07 21:15:00,tole-bi-01,0.7664485712284369,4,42.03439229115783,clear,2.367125571704139,21,0,5.87,4.09,2.01
2026-08-07 21:30:00,tole-bi-01,0.9038445714799186,5,97.41919637272689,clear,2.141210913530685,21,0,4.87,5.87,4.09
2026-08-07 21:45:00,abylai-khan-01,0.6751371410151097,6,45.72334659182971,clear,1.1562348057946628,21,0,7.51,4.87,5.87
2026-08-07 22:00:00,abylai-khan-01,0.8879165813418743,4,99.85872206629763,clear,1.0854912975291464,22,0,2.03,7.51,4.87
2026-08-07 22:15:00,abylai-khan-01,0.9467733873407534,6,99.69309545362105,clear,1.28585905459322,22,0,6.31,2.03,7.51
2026-08-07 22:30:00,tole-bi-01,0.7815787392433429,4,35.296841419739344,snow,2.1110273647940376,22,0,9.39,6.31,2.03
2026-08-07 22:45:00,momyshuly-01,0.9285727966570373,3,45.019289295072014,clear,3.5769915488647204,22,0,5.52,9.39,6.31
2026-08-07 23:00:00,tole-bi-01,0.8218629392140382,5,58.883535878772335,clear,2.1841229806801623,23,0,6.13,5.52,9.39
2026-08-07 23:15:00,momyshuly-01,0.854836334832362,2,73.12805369183127,clear,3.514519162739599,23,0,5.18,6.13,5.52
2026-08-07 23:30:00,tole-bi-01,0.8105113841352811,6,62.243795920303945,clear,2.2299288835812425,23,0,6.87,5.18,6.13
2026-08-07 23:45:00,momyshuly-01,0.7852690867005367,2,97.55531753058054,clear,3.7319104537498635,23,0,4.8,6.87,5.18
2026-08-08 00:00:00,tole-bi-01,0.6938613767103398,5,77.91913313885532,clear,2.2664770549968467,0,0,7.1,4.8,6.87
2026-08-08 00:15:00,abylai-khan-01,0.7212776237844184,7,36.96358795063795,clear,1.3727325696014903,0,0,6.53,7.1,4.8
2026-08-08 00:30:00,tole-bi-01,0.7159880475774436,2,28.407804017091067,snow,2.493658632684653,0,0,9.28,6.53,7.1
2026-08-08 00:45:00,momyshuly-01,0.8253155723815259,5,75.07210325674853,clear,3.8113683868623554,0,0,6.07,9.28,6.53
2026-08-08 01:00:00,tole-bi-01,0.6479814772095559,2,32.67619521446104,snow,2.2941233079047856,1,0,8.17,6.07,9.28
2026-08-08 01:15:00,tole-bi-01,0.966716676280934,6,83.01414722686033,rain,2.321035713937136,1,0,8.27,8.17,6.07
2026-08-08 01:30:00,tole-bi-01,0.8882620581132452,3,44.882933380826955,clear,2.337795564286277,1,0,3.7,8.27,8.17
2026-08-08 01:45:00,abylai-khan-01,0.7605782523652774,2,46.151461044448524,rain,1.1632512171439235,1,0,6.43,3.7,8.27
2026-08-08 02:00:00,tole-bi-01,0.6634496578105512,6,20.863871391160956,clear,2.342437025884195,2,0,6.43,6.43,3.7
2026-08-08 02:15:00,abylai-khan-01,0.9527968678886544,4,76.08090136760325,clear,1.1064803792863351,2,0,2.42,6.43,6.43
2026-08-08 02:30:00,abylai-khan-01,0.929511236040466,5,29.061580245174863,clear,1.0124524237202355,2,0,5.17,2.42,6.43
2026-08-08 02:45:00,tole-bi-01,0.8886886210868716,1,81.83044619708144,rain,2.3714134599421612,2,0,4.69,5.17,2.42
2026-08-08 03:00:00,tole-bi-01,0.708618818964497,7,59.34942575337654,clear,2.2650226695283493,3,0,6.28,4.69,5.17
2026-08-08 03:15:00,tole-bi-01,0.7609786549734676,1,82.74238519636553,snow,2.2023308161961137,3,0,8.99,6.28,4.69
2026-08-08 03:30:00,momyshuly-01,0.6410993009809693,5,66.7141231358193,rain,3.5149773697330757,3,0,10.15,8.99,6.28
2026-08-08 03:45:00,tole-bi-01,0.6756158098910127,3,26.594661761519262,snow,2.4515121820765398,3,0,11.38,10.15,8.99
2026-08-08 04:00:00,abylai-khan-01,0.9132066549266932,2,81.25218693641465,clear,1.2464112790922095,4,0,1.7,11.38,10.15
2026-08-08 04:15:00,tole-bi-01,0.8860154875402735,3,25.58395879157998,snow,2.1477692817536314,4,0,7.92,1.7,11.38
2026-08-08 04:30:00,momyshuly-01,0.8373943051903738,1,58.29613764554658,clear,3.4813013587412143,4,0,1.93,7.92,1.7
2026-08-08 04:45:00,tole-bi-01,0.9582906903704691,7,33.78793713159706,clear,2.270812039418298,4,0,5.38,1.93,7.92
2026-08-08 05:00:00,momyshuly-01,0.8333066071252182,6,80.1868142382308,rain,3.6476409358342035,5,0,8.75,5.38,1.93
2026-08-08 05:15:00,momyshuly-01,0.7867871999854443,7,92.92729822449013,rain,3.5205428621627153,5,0,10.65,8.75,5.38
2026-08-08 05:30:00,tole-bi-01,0.7361482985223051,5,64.33009306866194,clear,2.282705332515467,5,0,4.63,10.65,8.75
2026-08-08 05:45:00,abylai-khan-01,0.976179402294469,5,62.17178354393444,clear,1.2114551188230176,5,0,3.17,4.63,10.65
2026-08-08 06:00:00,momyshuly-01,0.6330861846097414,3,81.11705570604943,clear,3.6135268409102674,6,0,7.12,3.17,4.63
2026-08-08 06:15:00,tole-bi-01,0.9723549488243234,6,20.40630503805818,clear,2.060486378100074,6,0,2.13,7.12,3.17
2026-08-08 06:30:00,tole-bi-01,0.9306858639724074,3,93.42069141081285,clear,2.322164137180306,6,0,3.79,2.13,7.12
2026-08-08 06:45:00,abylai-khan-01,0.6519719698142805,2,35.79590536729054,clear,1.026714035705965,6,0,1.79,3.79,2.13
2026-08-08 07:00:00,momyshuly-01,0.8259937430701014,4,98.72951070609898,clear,3.5713601518499045,7,0,4.42,1.79,3.79
2026-08-08 07:15:00,momyshuly-01,0.9466191926996348,6,78.90031583683697,snow,3.54985849530915,7,0,12.49,4.42,1.79
2026-08-08 07:30:00,tole-bi-01,0.8287236654428615,4,81.94009181605368,clear,2.192126710079981,7,0,4.46,12.49,4.42
2026-08-08 07:45:00,tole-bi-01,0.9628799286242489,7,72.49623842988854,rain,2.3843167204001214,7,0,11.15,4.46,12.49
2026-08-08 08:00:00,abylai-khan-01,0.977193526726417,2,57.73305462281282,snow,1.0876024140103244,8,1,12.28,11.15,4.46
2026-08-08 08:15:00,abylai-khan-01,0.7689538088737223,4,65.73021546889323,clear,1.1477063110612535,8,1,8.2,12.28,11.15
2026-08-08 08:30:00,momyshuly-01,0.7509254645625294,1,23.712230881210054,clear,3.6878734173003194,8,1,9.09,8.2,12.28
2026-08-08 08:45:00,momyshuly-01,0.9745284615876627,7,69.91676075456114,clear,3.544849959401034,8,1,12.77,9.09,8.2
2026-08-08 09:00:00,tole-bi-01,0.8700560244598672,4,70.08784815896374,rain,2.2241490009314573,9,1,12.24,12.77,9.09
2026-08-08 09:15:00,momyshuly-01,0.6464090725392677,2,91.29606379214476,clear,3.573184455594737,9,1,9.42,12.24,12.77
2026-08-08 09:30:00,abylai-khan-01,0.6169166996890725,4,60.45250859441755,clear,1.2540502520571097,9,1,8.09,9.42,12.24
2026-08-08 09:45:00,abylai-khan-01,0.8258516203989053,5,26.17154992688488,clear,1.3446307604794205,9,1,9.27,8.09,9.42
2026-08-08 10:00:00,tole-bi-01,0.9720683861753698,3,44.4956736385665,clear,2.2063878402062174,10,0,4.72,9.27,8.09
2026-08-08 10:15:00,abylai-khan-01,0.9376994809623274,1,72.4503529691454,clear,1.1144918034533908,10,0,0.35,4.72,9.27
2026-08-08 10:30:00,abylai-khan-01,0.8703390985857345,5,39.140709020117114,snow,1.1723664595073464,10,0,8.88,0.35,4.72
2026-08-08 10:45:00,abylai-khan-01,0.655646339556435,5,42.44222574843207,clear,1.2230140651267174,10,0,6.28,8.88,0.35
2026-08-08 11:00:00,abylai-khan-01,0.7016925534994782,2,85.63752130886827,snow,1.1229753336002641,11,0,8.54,6.28,8.88
2026-08-08 11:15:00,tole-bi-01,0.9502044906210465,3,66.74557854101673,snow,2.3688563367886153,11,0,6.94,8.54,6.28
2026-08-08 11:30:00,tole-bi-01,0.6731228946627602,3,60.6821945418858,clear,2.2082722248547437,11,0,4.29,6.94,8.54
2026-08-08 11:45:00,momyshuly-01,0.7113757633001738,6,45.47615734446435,clear,3.4099145410504037,11,0,8.45,4.29,6.94
2026-08-08 12:00:00,abylai-khan-01,0.6518402604781768,7,78.47424287464267,rain,1.2531775281165676,12,0,9.25,8.45,4.29
2026-08-08 12:15:00,momyshuly-01,0.8704432925657644,1,43.017474759202344,rain,3.6647589473146245,12,0,6.91,9.25,8.45
2026-08-08 12:30:00,tole-bi-01,0.9775929221452838,7,78.96508141153402,clear,2.4044650635632756,12,0,7.43,6.91,9.25
2026-08-08 12:45:00,tole-bi-01,0.7075872126381544,2,25.60811842139536,snow,2.100810020284287,12,0,7.55,7.43,6.91
2026-08-08 13:00:00,tole-bi-01,0.7901626431400295,1,89.1633073265667,clear,2.2334384948477144,13,0,2.19,7.55,7.43
2026-08-08 13:15:00,tole-bi-01,0.8537358958844816,6,59.965317070074626,clear,2.2748941831801255,13,0,6.38,2.19,7.55
2026-08-08 13:30:00,tole-bi-01,0.9997864992862523,4,55.0806413359176,clear,2.475695817341788,13,0,2.25,6.38,2.19
2026-08-08 13:45:00,tole-bi-01,0.6419232259990288,5,68.88187292335397,clear,2.2840798605020938,13,0,5.76,2.25,6.38
2026-08-08 14:00:00,tole-bi-01,0.7994283198022837,1,69.93536583170163,clear,2.1653483311974537,14,0,2.95,5.76,2.25
2026-08-08 14:15:00,abylai-khan-01,0.754048047961,7,30.562814151199646,clear,1.2296740464754792,14,0,5.62,2.95,5.76
2026-08-08 14:30:00,momyshuly-01,0.946328066088942,5,80.49868718529706,clear,3.7309456225796116,14,0,6.07,5.62,2.95
2026-08-08 14:45:00,tole-bi-01,0.7903870924046623,2,42.07426383600503,clear,2.4096638942960835,14,0,2.69,6.07,5.62
2026-08-08 15:00:00,abylai-khan-01,0.6443910098340592,7,92.39695041359312,rain,1.2561798164327798,15,0,8.64,2.69,6.07
2026-08-08 15:15:00,abylai-khan-01,0.8537696581146335,4,85.4280530731866,rain,1.2262632367108164,15,0,6.94,8.64,2.69
2026-08-08 15:30:00,momyshuly-01,0.9083122473055519,2,47.70128332277988,clear,3.373224769054911,15,0,4.7,6.94,8.64
2026-08-08 15:45:00,tole-bi-01,0.6011525006662458,4,84.61914345605716,clear,2.302566645505371,15,0,4.77,4.7,6.94
2026-08-08 16:00:00,momyshuly-01,0.9435826741682518,4,48.51123994399234,clear,3.617814026253174,16,0,3.51,4.77,4.7
2026-08-08 16:15:00,tole-bi-01,0.6744092000022662,5,28.07581453088325,clear,2.2840090325748905,16,0,5.8,3.51,4.77
2026-08-08 16:30:00,abylai-khan-01,0.8208277458613511,2,96.95105909805663,clear,1.2707099887489364,16,0,2.94,5.8,3.51
2026-08-08 16:45:00,abylai-khan-01,0.76631900027498,2,72.2081612172352,clear,1.1824002197227304,16,0,1.94,2.94,5.8
2026-08-08 17:00:00,abylai-khan-01,0.8878615266442121,1,56.487962133007336,rain,1.1631436794997199,17,0,5.56,1.94,2.94
2026-08-08 17:15:00,abylai-khan-01,0.7484646459142967,7,51.821868122483174,snow,1.3038997721652255,17,0,11.17,5.56,1.94
2026-08-08 17:30:00,momyshuly-01,0.9479052706726843,2,45.97642674066112,clear,3.5586411286224315,17,0,2.54,11.17,5.56
2026-08-08 17:45:00,tole-bi-01,0.8921985443835161,1,98.51580763433034,rain,2.306465407213912,17,0,6.5,2.54,11.17
2026-08-08 18:00:00,tole-bi-01,0.8590852684251686,3,30.779781210472592,clear,2.389753127968188,18,1,9.93,6.5,2.54
2026-08-08 18:15:00,momyshuly-01,0.9184962382251417,3,45.18440471364546,clear,3.498933124874678,18,1,8.34,9.93,6.5
2026-08-08 18:30:00,tole-bi-01,0.901609213971353,3,58.83981122261308,rain,2.188081366783863,18,1,11.92,8.34,9.93
2026-08-08 18:45:00,abylai-khan-01,0.6143754699686214,6,58.239963604344915,clear,1.3357940155650851,18,1,10.58,11.92,8.34
2026-08-08 19:00:00,tole-bi-01,0.7578937415379312,2,57.709318752627475,clear,2.240728799631359,19,1,9.1,10.58,11.92
2026-08-08 19:15:00,abylai-khan-01,0.972322918926596,6,34.06270526643055,rain,1.26924324316861,19,1,13.86,9.1,10.58
2026-08-08 19:30:00,momyshuly-01,0.6502897075968904,7,31.594602168760044,rain,3.4224678968159727,19,1,14.32,13.86,9.1
2026-08-08 19:45:00,tole-bi-01,0.8948386201728205,2,40.381406906289605,rain,2.049694840689133,19,1,9.57,14.32,13.86
2026-08-08 20:00:00,momyshuly-01,0.9898367245341319,1,93.16209230416449,rain,3.636423005834526,20,0,4.41,9.57,14.32
2026-08-08 20:15:00,tole-bi-01,0.6208794516179886,6,29.04423742676081,snow,2.2872479348210524,20,0,12.04,4.41,9.57
2026-08-08 20:30:00,abylai-khan-01,0.8728775522506442,6,80.59400826986598,clear,1.2373631441664046,20,0,5.49,12.04,4.41
2026-08-08 20:45:00,momyshuly-01,0.7872616565204121,7,80.6038714506697,clear,3.787470880260984,20,0,7.54,5.49,12.04
2026-08-08 21:00:00,tole-bi-01,0.8316701021498889,6,84.78163231178098,clear,2.1762658180087615,21,0,4.08,7.54,5.49
2026-08-08 21:15:00,abylai-khan-01,0.6341365345937299,4,90.92923911914843,clear,1.2038187894246428,21,0,3.44,4.08,7.54
2026-08-08 21:30:00,momyshuly-01,0.6172027807467758,1,41.04289420311442,clear,3.7477466085582587,21,0,3.29,3.44,4.08
2026-08-08 21:45:00,momyshuly-01,0.8667466642203687,3,37.96475754151171,clear,3.490700988650334,21,0,4.85,3.29,3.44
2026-08-08 22:00:00,tole-bi-01,0.9293237719282872,1,57.24045332219838,clear,2.2415272964227166,22,0,0.47,4.85,3.29
2026-08-08 22:15:00,tole-bi-01,0.9128061339731869,4,41.20713350016289,clear,2.1232714795998398,22,0,3.05,0.47,4.85
2026-08-08 22:30:00,tole-bi-01,0.817522291146495,7,78.7447991186486,snow,2.523784925916858,22,0,10.6,3.05,0.47
2026-08-08 22:45:00,abylai-khan-01,0.6399467284544712,7,70.8751661393147,clear,0.9795459493832191,22,0,6.95,10.6,3.05
2026-08-08 23:00:00,tole-bi-01,0.8752177775344054,2,89.99901504421211,clear,2.379858570264344,23,0,4.02,6.95,10.6
2026-08-08 23:15:00,momyshuly-01,0.6967555534216584,1,26.619064278965723,rain,3.4680200039219824,23,0,6.3,4.02,6.95
2026-08-08 23:30:00,momyshuly-01,0.9644274811069534,7,93.20666666864598,rain,3.4949107767601304,23,0,11.15,6.3,4.02
2026-08-08 23:45:00,tole-bi-01,0.9353061438182819,6,43.46789013360716,clear,2.4063953937223217,23,0,5.59,11.15,6.3
2026-08-09 00:00:00,tole-bi-01,0.8837531868349564,7,59.25554767415872,clear,2.2257489567705555,0,0,6.16,5.59,11.15
2026-08-09 00:15:00,momyshuly-01,0.9795383823324522,7,55.0889148751715,clear,3.6651787571227072,0,0,5.91,6.16,5.59
2026-08-09 00:30:00,abylai-khan-01,0.6125687286045092,7,80.8249320883539,clear,1.3380031583844991,0,0,7.15,5.91,6.16
2026-08-09 00:45:00,tole-bi-01,0.8944801700243048,7,53.626664754547406,clear,2.320069698565236,0,0,5.44,7.15,5.91
2026-08-09 01:00:00,tole-bi-01,0.7320971117345622,3,95.48425165195275,clear,2.388928584921416,1,0,3.26,5.44,7.15
2026-08-09 01:15:00,momyshuly-01,0.9624263542745461,3,92.20271061108603,clear,3.608067319560268,1,0,2.93,3.26,5.44
2026-08-09 01:30:00,tole-bi-01,0.706670078664791,2,89.77289215756052,clear,2.3127006085278543,1,0,3.38,2.93,3.26
2026-08-09 01:45:00,abylai-khan-01,0.8899425997260069,7,25.70066661185823,clear,1.1365070904161771,1,0,5.08,3.38,2.93
2026-08-09 02:00:00,momyshuly-01,0.9510588078603126,1,88.34064492431516,snow,3.7928859433673128,2,0,10.35,5.08,3.38
2026-08-09 02:15:00,tole-bi-01,0.6166627273530729,4,82.53083563545684,snow,2.3742844494115327,2,0,10.66,10.35,5.08
2026-08-09 02:30:00,momyshuly-01,0.7590590318368144,2,28.281035760490482,clear,3.6521805274452674,2,0,4.37,10.66,10.35
2026-08-09 02:45:00,tole-bi-01,0.9049236128087754,1,28.59314603489775,clear,2.37702947580796,2,0,1.5,4.37,10.66
2026-08-09 03:00:00,tole-bi-01,0.7819675558030348,7,28.093104921403295,clear,2.2322709664883655,3,0,9.79,1.5,4.37
2026-08-09 03:15:00,tole-bi-01,0.7069010519174381,5,20.906607456359005,clear,2.393097188585245,3,0,4.83,9.79,1.5
2026-08-09 03:30:00,abylai-khan-01,0.687922139529276,7,63.89074441556669,clear,1.3555880781491911,3,0,6.14,4.83,9.79
2026-08-09 03:45:00,abylai-khan-01,0.6526073067665511,3,97.87154331488347,clear,1.0619302378299564,3,0,4.8,6.14,4.83
2026-08-09 04:00:00,momyshuly-01,0.9428518239425129,4,55.09477623198349,clear,3.654156280153835,4,0,4.95,4.8,6.14
2026-08-09 04:15:00,tole-bi-01,0.8301421613006223,6,63.26060015098851,clear,2.306279006983379,4,0,4.58,4.95,4.8
2026-08-09 04:30:00,tole-bi-01,0.6305539779965824,4,97.43758374159644,clear,2.24808150636245,4,0,5.34,4.58,4.95
2026-08-09 04:45:00,abylai-khan-01,0.7530321294282541,6,40.414578301938455,clear,1.0906744009554805,4,0,6.15,5.34,4.58
2026-08-09 05:00:00,tole-bi-01,0.7470934603220439,4,88.67762020786104,clear,2.4051919662987977,5,0,5.39,6.15,5.34
2026-08-09 05:15:00,abylai-khan-01,0.6726956762837851,3,63.71123737693889,clear,1.2207989662924956,5,0,4.47,5.39,6.15
2026-08-09 05:30:00,tole-bi-01,0.7742030501888763,6,65.55812117304086,clear,2.279286999649779,5,0,8.27,4.47,5.39
2026-08-09 05:45:00,momyshuly-01,0.7328397461572546,1,47.453908576582684,clear,3.6542382113499823,5,0,3.87,8.27,4.47
2026-08-09 06:00:00,tole-bi-01,0.7367214821968731,6,64.92674887735265,clear,2.287251921248088,6,0,7.05,3.87,8.27
2026-08-09 06:15:00,tole-bi-01,0.8956106231151835,2,25.851400758262713,clear,2.229592827825292,6,0,0.28,7.05,3.87
2026-08-09 06:30:00,abylai-khan-01,0.6893053542020785,1,81.17148580912897,clear,1.212895204794555,6,0,4.19,0.28,7.05
2026-08-09 06:45:00,tole-bi-01,0.8567439835421422,2,42.77502092354173,clear,2.2971994036418146,6,0,2.99,4.19,0.28
2026-08-09 07:00:00,tole-bi-01,0.828259849552374,7,91.0086663595164,clear,2.1225812048481636,7,0,5.58,2.99,4.19
2026-08-09 07:15:00,abylai-khan-01,0.827237004935147,4,49.428055568596676,clear,1.1370433405224056,7,0,3.56,5.58,2.99
2026-08-09 07:30:00,momyshuly-01,0.8652029384567104,1,31.425928838950608,clear,3.4735604998798926,7,0,3.55,3.56,5.58
2026-08-09 07:45:00,momyshuly-01,0.8193528144782616,4,75.6705259494788,rain,3.43485977248443,7,0,8.71,3.55,3.56
2026-08-09 08:00:00,abylai-khan-01,0.9517020459385539,7,33.16625157708023,snow,1.2467699372922618,8,1,15.27,8.71,3.55
2026-08-09 08:15:00,abylai-khan-01,0.870232036780104,5,80.29444124343924,snow,1.133123307017009,8,1,14.87,15.27,8.71
2026-08-09 08:30:00,abylai-khan-01,0.8187853005485553,4,97.44897891248932,clear,1.3041406295519125,8,1,8.63,14.87,15.27
2026-08-09 08:45:00,abylai-khan-01,0.9319052481150579,7,82.36422950362095,snow,1.0171403683656057,8,1,15.81,8.63,14.87
2026-08-09 09:00:00,abylai-khan-01,0.8424586259733919,4,21.795939874505976,clear,1.1702246065166773,9,1,8.92,15.81,8.63
2026-08-09 09:15:00,momyshuly-01,0.7164576991140716,7,67.99086304422198,clear,3.538407369072356,9,1,13.1,8.92,15.81
2026-08-09 09:30:00,momyshuly-01,0.6828379672706285,2,75.63285367757794,clear,3.4422035325796627,9,1,9.08,13.1,8.92
2026-08-09 09:45:00,abylai-khan-01,0.6609311142650715,7,86.03666606370281,rain,1.2005087032181476,9,1,14.55,9.08,13.1
2026-08-09 10:00:00,tole-bi-01,0.9597820850184406,6,24.48018471512001,clear,2.1509335453702065,10,0,4.34,14.55,9.08
2026-08-09 10:15:00,abylai-khan-01,0.8840541727192264,5,58.40862623618291,rain,1.2222715839622285,10,0,6.95,4.34,14.55
2026-08-09 10:30:00,tole-bi-01,0.9749513752657283,4,62.82966981107155,clear,2.372075875927345,10,0,3.2,6.95,4.34
2026-08-09 10:45:00,abylai-khan-01,0.8413167222859772,7,33.52998901153424,clear,1.2267553176324757,10,0,4.86,3.2,6.95
2026-08-09 11:00:00,abylai-khan-01,0.789360352597965,7,45.79598477685197,clear,1.239388349597587,11,0,5.39,4.86,3.2
2026-08-09 11:15:00,momyshuly-01,0.6238865955883557,4,55.217738100493214,clear,3.7031234905074,11,0,6.01,5.39,4.86
2026-08-09 11:30:00,tole-bi-01,0.8686569126184118,5,86.65677503662411,clear,2.297323659887296,11,0,4.44,6.01,5.39
2026-08-09 11:45:00,tole-bi-01,0.8328835039072925,5,94.35260528561655,clear,2.217397235711481,11,0,5.48,4.44,6.01
2026-08-09 12:00:00,momyshuly-01,0.9960835574350486,7,70.27382631341382,clear,3.5391048494843877,12,0,6.62,5.48,4.44
2026-08-09 12:15:00,momyshuly-01,0.6956635111128973,1,51.59561488171697,clear,3.5412625885301776,12,0,4.71,6.62,5.48
2026-08-09 12:30:00,momyshuly-01,0.8122949421147343,2,40.32248142391887,clear,3.49566612984564,12,0,3.76,4.71,6.62
2026-08-09 12:45:00,momyshuly-01,0.8603829340472291,5,98.57081475489204,rain,3.6784211303442356,12,0,8.52,3.76,4.71
2026-08-09 13:00:00,tole-bi-01,0.8578364698969374,5,98.64159984610868,clear,2.352690282868337,13,0,6.92,8.52,3.76
2026-08-09 13:15:00,tole-bi-01,0.8245174171793611,3,93.99815585880278,clear,2.133499676491916,13,0,3.23,6.92,8.52
2026-08-09 13:30:00,abylai-khan-01,0.9107712041308902,6,82.85353199022553,clear,1.117367553718466,13,0,4.49,3.23,6.92
2026-08-09 13:45:00,abylai-khan-01,0.6819924838107265,5,46.06236349964946,clear,1.0908014645118533,13,0,6.29,4.49,3.23
2026-08-09 14:00:00,momyshuly-01,0.8902508801097664,2,85.36003867981046,snow,3.6317346005753413,14,0,7.62,6.29,4.49
2026-08-09 14:15:00,momyshuly-01,0.8478938285732357,6,52.70344138169381,rain,3.7076509511123357,14,0,10.42,7.62,6.29
2026-08-09 14:30:00,momyshuly-01,0.9584300447178293,6,46.141847852403615,clear,3.6448186023341784,14,0,5.84,10.42,7.62
2026-08-09 14:45:00,abylai-khan-01,0.9388777756134327,4,79.58922867730237,clear,1.1298807538353337,14,0,2.42,5.84,10.42
2026-08-09 15:00:00,abylai-khan-01,0.7260588156530213,4,26.37231420963383,rain,1.1681021697661447,15,0,7.64,2.42,5.84
2026-08-09 15:15:00,abylai-khan-01,0.7104949299900613,4,23.885017863652934,rain,1.0607148743431698,15,0,6.49,7.64,2.42
2026-08-09 15:30:00,abylai-khan-01,0.9926613295409792,4,55.83629577449485,rain,1.068383748321816,15,0,7.3,6.49,7.64
2026-08-09 15:45:00,abylai-khan-01,0.8109060723661026,3,55.651104065772955,rain,1.2846049714924692,15,0,5.8,7.3,6.49
2026-08-09 16:00:00,abylai-khan-01,0.9625683855657747,5,91.6515322451068,clear,1.3444112203131253,16,0,4.05,5.8,7.3
2026-08-09 16:15:00,abylai-khan-01,0.6655524095121929,4,30.092247703025343,clear,1.1285231471190433,16,0,3.9,4.05,5.8
2026-08-09 16:30:00,momyshuly-01,0.8571275659200697,7,29.862714196193025,clear,3.6048118820132533,16,0,7.06,3.9,4.05
2026-08-09 16:45:00,momyshuly-01,0.9239440749442345,1,31.796208037992095,clear,3.672052376000127,16,0,2.47,7.06,3.9
2026-08-09 17:00:00,momyshuly-01,0.9789580998345787,4,22.37890090356821,clear,3.433615779816115,17,0,5.79,2.47,7.06
2026-08-09 17:15:00,momyshuly-01,0.7349360564068094,5,25.738539025192672,clear,3.4951313388364404,17,0,6.58,5.79,2.47
2026-08-09 17:30:00,abylai-khan-01,0.889992467969621,4,72.78958934632313,clear,1.3993635485244584,17,0,4.34,6.58,5.79
2026-08-09 17:45:00,tole-bi-01,0.8155252036158476,3,54.52674632940074,clear,2.204228350211059,17,0,3.85,4.34,6.58
2026-08-09 18:00:00,abylai-khan-01,0.6242515704265873,2,81.08824536704108,clear,1.1638165690580842,18,1,7.88,3.85,4.34
2026-08-09 18:15:00,tole-bi-01,0.8759998949235773,2,99.40781748653282,clear,2.2397065639603966,18,1,8.17,7.88,3.85
2026-08-09 18:30:00,momyshuly-01,0.8760386232951374,5,72.7227744879201,clear,3.400522064211003,18,1,12.19,8.17,7.88
2026-08-09 18:45:00,abylai-khan-01,0.9722427219386148,7,24.0364456496099,rain,1.2082722538504418,18,1,11.7,12.19,8.17
2026-08-09 19:00:00,momyshuly-01,0.7989249784675889,2,28.36502918034732,rain,3.5974748375701133,19,1,11.88,11.7,12.19
2026-08-09 19:15:00,abylai-khan-01,0.6921003682842058,2,90.48032678517663,clear,1.2180851214420123,19,1,9.51,11.88,11.7
2026-08-09 19:30:00,momyshuly-01,0.6178255293794717,1,62.19967556466092,clear,3.5915424442651984,19,1,8.26,9.51,11.88
2026-08-09 19:45:00,tole-bi-01,0.7662568746743623,5,85.9869727516592,clear,2.254013905901181,19,1,11.33,8.26,9.51
2026-08-09 20:00:00,tole-bi-01,0.7207666800310008,7,88.52898689799409,clear,2.248272779964794,20,0,7.93,11.33,8.26
2026-08-09 20:15:00,tole-bi-01,0.9044353224095503,5,94.21396331996154,clear,2.249982397084004,20,0,3.49,7.93,11.33
2026-08-09 20:30:00,abylai-khan-01,0.7417071059364186,2,95.98633643890926,clear,1.1011310281153075,20,0,3.83,3.49,7.93
2026-08-09 20:45:00,tole-bi-01,0.9796284785259376,2,64.3860637202645,rain,2.216619538761269,20,0,4.23,3.83,3.49
2026-08-09 21:00:00,abylai-khan-01,0.9849240811951137,2,47.28161378048271,clear,1.102808632026964,21,0,1.99,4.23,3.83
2026-08-09 21:15:00,tole-bi-01,0.8483634360870832,6,96.94918994783988,clear,2.3573410493895235,21,0,6.82,1.99,4.23
2026-08-09 21:30:00,tole-bi-01,0.9714641148059532,3,63.79251248009802,clear,2.330610257045801,21,0,4.33,6.82,1.99
2026-08-09 21:45:00,abylai-khan-01,0.9043417378057983,4,25.140217836368883,clear,1.2027133848181837,21,0,1.92,4.33,6.82
2026-08-09 22:00:00,abylai-khan-01,0.8187438563900504,3,71.4221240047892,clear,1.3942265210859919,22,0,5.04,1.92,4.33
2026-08-09 22:15:00,tole-bi-01,0.6721231741691113,5,67.01478003160086,rain,2.207430469005557,22,0,9.72,5.04,1.92
2026-08-09 22:30:00,abylai-khan-01,0.783439177405536,1,91.66342983157648,clear,1.3118776815253297,22,0,3.01,9.72,5.04
2026-08-09 22:45:00,tole-bi-01,0.824349785345047,4,72.25497513262499,clear,2.2739969825512225,22,0,4.82,3.01,9.72
2026-08-09 23:00:00,abylai-khan-01,0.945584632294004,1,47.924193956924114,clear,1.2157164684940265,23,0,0.74,4.82,3.01
2026-08-09 23:15:00,momyshuly-01,0.792533350614266,7,97.29805805646563,clear,3.6671136231460784,23,0,6.45,0.74,4.82
2026-08-09 23:30:00,momyshuly-01,0.9590698690711826,6,84.12955887856269,clear,3.5522463462308056,23,0,4.39,6.45,0.74
2026-08-09 23:45:00,momyshuly-01,0.8697395916093875,5,70.43340947050835,clear,3.4943302161826386,23,0,6.33,4.39,6.45
2026-08-10 00:00:00,momyshuly-01,0.6547996252214685,6,43.434016272249835,clear,3.5108224168974993,0,0,8.41,6.33,4.39
2026-08-10 00:15:00,momyshuly-01,0.9979925477300372,5,49.88322370514364,clear,3.3893716182966434,0,0,4.96,8.41,6.33
2026-08-10 00:30:00,tole-bi-01,0.810893064301565,1,73.59759392773253,rain,2.3606796157321286,0,0,4.51,4.96,8.41
2026-08-10 00:45:00,momyshuly-01,0.7567433185636315,1,25.758465477065737,clear,3.658273962666012,0,0,3.56,4.51,4.96
2026-08-10 01:00:00,momyshuly-01,0.8636455057878105,1,40.534447332021074,clear,3.7583650556092385,1,0,2.43,3.56,4.51
2026-08-10 01:15:00,momyshuly-01,0.6435573255924156,5,77.11207467172784,clear,3.641492890906871,1,0,6.81,2.43,3.56
2026-08-10 01:30:00,momyshuly-01,0.8546154587013417,2,58.401480787569675,clear,3.665522474742636,1,0,3.06,6.81,2.43
2026-08-10 01:45:00,abylai-khan-01,0.7992944001997092,1,52.191485185154406,clear,1.1918453644130642,1,0,2.43,3.06,6.81
2026-08-10 02:00:00,tole-bi-01,0.7626696279994333,6,32.11660979203316,clear,2.346487922081604,2,0,7.42,2.43,3.06
2026-08-10 02:15:00,momyshuly-01,0.9812080084715596,7,55.34792275821861,clear,3.708959293365992,2,0,7.22,7.42,2.43
2026-08-10 02:30:00,momyshuly-01,0.8090158866928213,4,81.65535766081871,clear,3.6181472216858643,2,0,5.25,7.22,7.42
2026-08-10 02:45:00,momyshuly-01,0.6876469917879754,5,41.12102768575144,clear,3.547876844216125,2,0,7.52,5.25,7.22
2026-08-10 03:00:00,tole-bi-01,0.7835853917509195,6,20.431883374694195,clear,2.2779773765438476,3,0,6.06,7.52,5.25
2026-08-10 03:15:00,abylai-khan-01,0.9677549618290691,3,73.48039209207863,clear,1.2751863603233502,3,0,3.47,6.06,7.52
2026-08-10 03:30:00,tole-bi-01,0.6704381885322378,7,97.8101283546042,rain,2.2508736593724166,3,0,9.1,3.47,6.06
2026-08-10 03:45:00,abylai-khan-01,0.6855828154752948,3,68.54612508708664,snow,1.288906632617115,3,0,8.28,9.1,3.47
2026-08-10 04:00:00,momyshuly-01,0.6052118271028335,4,29.59374871417041,clear,3.79085978716907,4,0,5.36,8.28,9.1
2026-08-10 04:15:00,momyshuly-01,0.6056760197583069,2,45.65864738757384,clear,3.690146213483181,4,0,4.42,5.36,8.28
2026-08-10 04:30:00,tole-bi-01,0.931756650783405,1,89.41132917761787,rain,2.3747135903208743,4,0,5.41,4.42,5.36
2026-08-10 04:45:00,tole-bi-01,0.8928490427371822,5,38.60544594054629,clear,2.3347632261057503,4,0,4.01,5.41,4.42
2026-08-10 05:00:00,abylai-khan-01,0.7420164225807833,6,68.61567227980865,clear,1.1223130516417819,5,0,3.23,4.01,5.41
2026-08-10 05:15:00,abylai-khan-01,0.8793244628910291,1,52.213696660319826,rain,1.1132418033963587,5,0,3.5,3.23,4.01
2026-08-10 05:30:00,tole-bi-01,0.7580823705239881,6,36.62749771357192,clear,2.212237760985051,5,0,4.94,3.5,3.23
2026-08-10 05:45:00,abylai-khan-01,0.981158718399131,5,85.07255148517437,snow,1.2554732068848558,5,0,8.33,4.94,3.5
2026-08-10 06:00:00,tole-bi-01,0.986821072570414,3,79.42650211725521,rain,2.261053711271293,6,0,7.62,8.33,4.94
2026-08-10 06:15:00,abylai-khan-01,0.7571175103237373,1,72.92728527674123,clear,1.1971007608081299,6,0,1.12,7.62,8.33
2026-08-10 06:30:00,tole-bi-01,0.9416887625363473,4,38.9069272215001,rain,2.341865643065286,6,0,7.1,1.12,7.62
2026-08-10 06:45:00,tole-bi-01,0.9092356166789864,2,27.828560217316003,clear,2.215957871174143,6,0,2.56,7.1,1.12
2026-08-10 07:00:00,tole-bi-01,0.7239999748687157,4,66.0927463860773,clear,2.2498076200372004,7,0,5.26,2.56,7.1
2026-08-10 07:15:00,abylai-khan-01,0.6928159315604424,2,64.29422668315468,rain,1.2322882801629236,7,0,5.01,5.26,2.56
2026-08-10 07:30:00,abylai-khan-01,0.7832938601571335,7,35.07080074678984,clear,1.1709146130890664,7,0,7.24,5.01,5.26
2026-08-10 07:45:00,abylai-khan-01,0.9125395362457625,6,24.4997355452138,rain,1.1802548968442403,7,0,7.73,7.24,5.01
2026-08-10 08:00:00,tole-bi-01,0.9840671138914981,1,26.45667633551888,rain,2.1967344983703274,8,1,9.54,7.73,7.24
2026-08-10 08:15:00,abylai-khan-01,0.905431627546629,1,99.4216789210187,snow,1.1816088482651266,8,1,11.43,9.54,7.73
2026-08-10 08:30:00,abylai-khan-01,0.942082794007348,7,82.68671157943069,rain,1.365216997786785,8,1,14.24,11.43,9.54
2026-08-10 08:45:00,tole-bi-01,0.8412257224682066,2,93.7589980772138,clear,2.255364749479905,8,1,8.53,14.24,11.43
2026-08-10 09:00:00,momyshuly-01,0.9341631323368503,3,35.60437777890907,clear,3.485298918495592,9,1,9.36,8.53,14.24
2026-08-10 09:15:00,tole-bi-01,0.913768343201367,5,96.8454829058748,rain,2.3958136157611403,9,1,12.98,9.36,8.53
2026-08-10 09:30:00,abylai-khan-01,0.7507942167705121,4,31.412348117852964,clear,1.2523354931841626,9,1,7.41,12.98,9.36
2026-08-10 09:45:00,tole-bi-01,0.8207961208482885,7,60.72654628531769,clear,2.3212618442517607,9,1,11.79,7.41,12.98
2026-08-10 10:00:00,momyshuly-01,0.921901248795878,6,86.37565475336513,clear,3.46813580341675,10,0,6.07,11.79,7.41
2026-08-10 10:15:00,tole-bi-01,0.6184226936759826,7,47.98426836092635,rain,2.1823386316801927,10,0,11.1,6.07,11.79
2026-08-10 10:30:00,abylai-khan-01,0.923231712942332,4,53.98628265415204,rain,1.0462681150202977,10,0,5.07,11.1,6.07
2026-08-10 10:45:00,momyshuly-01,0.6711552496196094,4,30.254808823927828,clear,3.6431531501150447,10,0,6.17,5.07,11.1
2026-08-10 11:00:00,abylai-khan-01,0.8058734468485755,6,29.833750399917818,clear,1.301986892850173,11,0,7.28,6.17,5.07
2026-08-10 11:15:00,momyshuly-01,0.9233101758223751,6,69.56545798229277,clear,3.6465267606772147,11,0,6.21,7.28,6.17
2026-08-10 11:30:00,momyshuly-01,0.7015284312626779,1,74.04258948960454,clear,3.7949902397716664,11,0,2.49,6.21,7.28
2026-08-10 11:45:00,tole-bi-01,0.6983229757224612,4,82.18660112657545,clear,2.2558096336834588,11,0,7.18,2.49,6.21
2026-08-10 12:00:00,tole-bi-01,0.7611057593849008,5,64.53456421454028,clear,2.267633055866516,12,0,4.72,7.18,2.49
2026-08-10 12:15:00,abylai-khan-01,0.9578571190310539,5,71.66074338090448,clear,1.2106561891394878,12,0,2.88,4.72,7.18
2026-08-10 12:30:00,tole-bi-01,0.6001771125748832,2,21.081381735977605,clear,2.2770501584256686,12,0,3.07,2.88,4.72
2026-08-10 12:45:00,tole-bi-01,0.960553238656774,7,32.97365817097504,clear,2.3498710909849807,12,0,6.72,3.07,2.88
2026-08-10 13:00:00,momyshuly-01,0.6615228098566431,6,98.79318128135237,clear,3.536037906106128,13,0,8.64,6.72,3.07
2026-08-10 13:15:00,tole-bi-01,0.9960345504269928,1,26.079480505266545,snow,2.16052756550575,13,0,8.27,8.64,6.72
2026-08-10 13:30:00,momyshuly-01,0.9819387972153872,5,74.30305778081959,clear,3.421065942100842,13,0,5.15,8.27,8.64
2026-08-10 13:45:00,momyshuly-01,0.7978700758365134,3,34.086610642537295,clear,3.648051262376537,13,0,3.71,5.15,8.27
2026-08-10 14:00:00,momyshuly-01,0.8050880991250513,1,77.33748686141135,clear,3.547408887939054,14,0,2.64,3.71,5.15
2026-08-10 14:15:00,abylai-khan-01,0.7926197361103418,1,76.47923223695948,clear,1.0830459019548824,14,0,1.82,2.64,3.71
2026-08-10 14:30:00,abylai-khan-01,0.8541774582638091,5,38.73592478304722,clear,1.1380940930000782,14,0,4.32,1.82,2.64
2026-08-10 14:45:00,abylai-khan-01,0.6362886808939724,3,41.570751937536336,clear,1.3952531902595453,14,0,5.38,4.32,1.82
2026-08-10 15:00:00,momyshuly-01,0.6130471793366266,2,72.38165708816706,clear,3.4889106607163805,15,0,3.42,5.38,4.32
2026-08-10 15:15:00,abylai-khan-01,0.6230811713663595,5,51.206883102417095,clear,1.2727191530349802,15,0,4.34,3.42,5.38
2026-08-10 15:30:00,abylai-khan-01,0.7777461396966058,3,35.563837575992906,rain,1.2421093571449149,15,0,5.54,4.34,3.42
2026-08-10 15:45:00,tole-bi-01,0.7102191756877934,1,78.53436790299854,clear,2.4341432818013136,15,0,3.33,5.54,4.34
2026-08-10 16:00:00,abylai-khan-01,0.8488158249483975,3,32.33180194690674,clear,1.187690712838586,16,0,2.55,3.33,5.54
2026-08-10 16:15:00,abylai-khan-01,0.9969769157499115,1,88.45149313159573,rain,1.043965560156931,16,0,2.82,2.55,3.33
2026-08-10 16:30:00,momyshuly-01,0.7545292692305864,7,61.1735619241462,clear,3.6992545304780764,16,0,8.9,2.82,2.55
2026-08-10 16:45:00,momyshuly-01,0.8295365016418054,5,28.456048310344055,rain,3.575017768488721,16,0,8.88,8.9,2.82
2026-08-10 17:00:00,momyshuly-01,0.7662415583629342,6,75.52578668247875,snow,3.727446312981195,17,0,11.0,8.88,8.9
2026-08-10 17:15:00,momyshuly-01,0.9389086670887438,5,61.533043165963235,clear,3.6815968893311695,17,0,4.97,11.0,8.88
2026-08-10 17:30:00,momyshuly-01,0.9608945613848953,7,43.844605743584765,snow,3.6995869592380632,17,0,12.31,4.97,11.0
2026-08-10 17:45:00,momyshuly-01,0.950942244882104,4,53.803150417908384,rain,3.836848170932538,17,0,6.06,12.31,4.97
2026-08-10 18:00:00,abylai-khan-01,0.9897488954717031,4,43.8670194869999,snow,1.2281998044895956,18,1,13.59,6.06,12.31
2026-08-10 18:15:00,momyshuly-01,0.6110076740561661,4,41.042066859422725,clear,3.7442855069811283,18,1,10.95,13.59,6.06
2026-08-10 18:30:00,momyshuly-01,0.9359264648582124,5,33.08867366749698,clear,3.5595154465970293,18,1,10.79,10.95,13.59
2026-08-10 18:45:00,tole-bi-01,0.9007088692156373,2,49.02137065099807,rain,2.354071139666567,18,1,10.38,10.79,10.95
2026-08-10 19:00:00,abylai-khan-01,0.6914777637601459,5,40.07897650528566,clear,1.1497729280428135,19,1,8.96,10.38,10.79
2026-08-10 19:15:00,abylai-khan-01,0.982528037355011,7,74.67475896431337,clear,1.247923983905763,19,1,9.59,8.96,10.38
2026-08-10 19:30:00,abylai-khan-01,0.6592711712919782,7,74.71013929306451,clear,1.2374805497273438,19,1,13.12,9.59,8.96
2026-08-10 19:45:00,momyshuly-01,0.8718199708535633,6,60.14721940445107,clear,3.393943345649392,19,1,13.68,13.12,9.59
2026-08-10 20:00:00,momyshuly-01,0.689956086726365,3,82.23556219762568,clear,3.5388272106343215,20,0,3.37,13.68,13.12
2026-08-10 20:15:00,momyshuly-01,0.7725522595096299,5,87.30717752048386,rain,3.6230315704872345,20,0,9.74,3.37,13.68
2026-08-10 20:30:00,tole-bi-01,0.8876639587778276,5,66.38131659474185,snow,2.074260701778902,20,0,10.05,9.74,3.37
2026-08-10 20:45:00,momyshuly-01,0.8253298568132187,1,69.5148130210747,clear,3.5904155629294814,20,0,5.22,10.05,9.74
2026-08-10 21:00:00,tole-bi-01,0.7710007325312447,7,42.630872782909215,snow,2.4008470289839616,21,0,11.31,5.22,10.05
2026-08-10 21:15:00,abylai-khan-01,0.7305353723727949,1,91.58953605644159,snow,1.3300246483225706,21,0,8.11,11.31,5.22
2026-08-10 21:30:00,momyshuly-01,0.9358638622835161,1,21.936483553802386,clear,3.521755528632157,21,0,2.3,8.11,11.31
2026-08-10 21:45:00,tole-bi-01,0.6575257401259255,5,47.88819755542765,clear,2.4364406173547866,21,0,7.28,2.3,8.11
2026-08-10 22:00:00,tole-bi-01,0.77204115061192,2,77.74403372398848,rain,2.4208116513169595,22,0,8.19,7.28,2.3
2026-08-10 22:15:00,momyshuly-01,0.9615030287100569,3,26.4071607736929,clear,3.3852109302761137,22,0,4.02,8.19,7.28
2026-08-10 22:30:00,abylai-khan-01,0.9383398201839871,3,34.65356219426341,rain,1.2115791912984324,22,0,3.97,4.02,8.19
2026-08-10 22:45:00,abylai-khan-01,0.7603767049892187,7,67.14285822902809,rain,1.2226429211211967,22,0,10.13,3.97,4.02
2026-08-10 23:00:00,abylai-khan-01,0.9052433454405233,6,64.79949371708463,clear,1.3518795217892743,23,0,5.5,10.13,3.97
2026-08-10 23:15:00,tole-bi-01,0.9292643322835437,7,79.1142636904764,clear,2.3286384960925073,23,0,6.49,5.5,10.13
2026-08-10 23:30:00,tole-bi-01,0.9555549696014519,2,85.00901112705375,clear,2.439373103960805,23,0,4.15,6.49,5.5
2026-08-10 23:45:00,tole-bi-01,0.8178023076196912,2,30.286366280933528,clear,2.22192183146029,23,0,1.92,4.15,6.49
2026-08-11 00:00:00,tole-bi-01,0.6817843544218847,3,21.470479182019364,clear,2.1401950746601135,0,0,3.6,1.92,4.15
2026-08-11 00:15:00,abylai-khan-01,0.7021236306015727,4,75.1710815727125,rain,1.1352161812377894,0,0,7.42,3.6,1.92
2026-08-11 00:30:00,momyshuly-01,0.7182778696166416,1,44.11134366130874,clear,3.757698843668032,0,0,2.98,7.42,3.6
2026-08-11 00:45:00,tole-bi-01,0.8375209923238462,1,70.0787131134363,snow,2.3925919380006446,0,0,7.05,2.98,7.42
2026-08-11 01:00:00,tole-bi-01,0.6131238496514434,3,32.043567044977976,clear,2.5322461433640147,1,0,6.14,7.05,2.98
2026-08-11 01:15:00,abylai-khan-01,0.8544169875119874,7,57.52320373327703,rain,1.0556670554589862,1,0,8.62,6.14,7.05
2026-08-11 01:30:00,momyshuly-01,0.7457416953712928,2,60.353979685074954,clear,3.7041321979693564,1,0,3.09,8.62,6.14
2026-08-11 01:45:00,momyshuly-01,0.7180967209958569,7,66.8062253098573,snow,3.675486619977342,1,0,13.28,3.09,8.62
2026-08-11 02:00:00,abylai-khan-01,0.9517986282912505,6,61.053601306445145,rain,1.1714683262837038,2,0,8.36,13.28,3.09
2026-08-11 02:15:00,abylai-khan-01,0.7840009582323195,4,59.65526161829711,clear,1.2775927591662724,2,0,4.21,8.36,13.28
2026-08-11 02:30:00,momyshuly-01,0.6380212182130771,3,46.61873231870844,snow,3.6139964810923484,2,0,11.27,4.21,8.36
2026-08-11 02:45:00,tole-bi-01,0.9306987072104989,1,25.6944189054469,clear,2.34603075155415,2,0,1.4,11.27,4.21
2026-08-11 03:00:00,momyshuly-01,0.6190565029746026,5,27.161615743747383,clear,3.668054993100358,3,0,7.17,1.4,11.27
2026-08-11 03:15:00,abylai-khan-01,0.8906996896672786,7,54.70226195257229,clear,1.2980109295255058,3,0,4.09,7.17,1.4
2026-08-11 03:30:00,tole-bi-01,0.9095624887082661,2,48.463450225679445,rain,2.30868116661604,3,0,5.82,4.09,7.17
2026-08-11 03:45:00,tole-bi-01,0.7410410423715432,5,61.29078437395982,clear,2.4777336054612866,3,0,6.01,5.82,4.09
2026-08-11 04:00:00,abylai-khan-01,0.9299151425111147,6,44.387053540501356,clear,1.178427467510488,4,0,3.43,6.01,5.82
2026-08-11 04:15:00,abylai-khan-01,0.8062637623425813,3,75.03280731642595,rain,1.3883757620688135,4,0,7.33,3.43,6.01
2026-08-11 04:30:00,abylai-khan-01,0.7853174613091187,7,89.11638576076085,rain,1.0872156071557582,4,0,9.09,7.33,3.43
2026-08-11 04:45:00,momyshuly-01,0.618161312587477,1,43.90905510294942,clear,3.5014940475320735,4,0,3.33,9.09,7.33
2026-08-11 05:00:00,momyshuly-01,0.7160116774595624,7,35.43872063512229,clear,3.5073489734644174,5,0,8.44,3.33,9.09
2026-08-11 05:15:00,tole-bi-01,0.9724039883541199,4,29.29444594032713,clear,2.395686078172568,5,0,2.88,8.44,3.33
2026-08-11 05:30:00,abylai-khan-01,0.7567295853134,5,69.300323245665,rain,1.1194538480692795,5,0,6.42,2.88,8.44
2026-08-11 05:45:00,tole-bi-01,0.8186802082227074,4,55.50847929124555,rain,2.4490125360603545,5,0,6.11,6.42,2.88
2026-08-11 06:00:00,tole-bi-01,0.8128086715937007,6,35.04125737570312,clear,2.2473526289127137,6,0,4.88,6.11,6.42
2026-08-11 06:15:00,tole-bi-01,0.8361724359290773,1,72.25093866334844,clear,2.3399285698248375,6,0,2.78,4.88,6.11
2026-08-11 06:30:00,tole-bi-01,0.624532382257313,5,31.878654640422752,clear,2.3640087525436733,6,0,6.2,2.78,4.88
2026-08-11 06:45:00,abylai-khan-01,0.7448705019194913,6,64.3440564678362,rain,1.0984255676900678,6,0,8.76,6.2,2.78
2026-08-11 07:00:00,tole-bi-01,0.8892513095530217,4,62.171870530021174,clear,2.1609226563230295,7,0,1.28,8.76,6.2
2026-08-11 07:15:00,abylai-khan-01,0.6802241004291931,4,78.73822409488668,clear,1.2282883200034178,7,0,4.08,1.28,8.76
2026-08-11 07:30:00,abylai-khan-01,0.6814313510185441,5,24.40877119525334,clear,1.1722758369767536,7,0,4.76,4.08,1.28
2026-08-11 07:45:00,momyshuly-01,0.6040362426756098,1,91.02983454810642,clear,3.6498449007884206,7,0,4.22,4.76,4.08
2026-08-11 08:00:00,abylai-khan-01,0.7749927706432839,4,76.23933809174557,clear,1.065434192069536,8,1,8.98,4.22,4.76
2026-08-11 08:15:00,momyshuly-01,0.9530937522693688,3,37.29007986790098,clear,3.5643242832094217,8,1,9.18,8.98,4.22
2026-08-11 08:30:00,abylai-khan-01,0.6207603774349236,6,34.672427888779175,snow,1.1818162358408097,8,1,16.2,9.18,8.98
2026-08-11 08:45:00,abylai-khan-01,0.676447483798401,5,54.532817131502675,clear,0.9562530263559407,8,1,9.57,16.2,9.18
2026-08-11 09:00:00,abylai-khan-01,0.724033815337102,2,85.40522636356775,clear,1.2995457270957167,9,1,7.52,9.57,16.2
2026-08-11 09:15:00,momyshuly-01,0.8926898946256852,2,87.43599945112857,snow,3.5242558154883907,9,1,13.44,7.52,9.57
2026-08-11 09:30:00,momyshuly-01,0.8562542371210347,1,61.63648737115064,clear,3.7499161341672593,9,1,8.6,13.44,7.52
2026-08-11 09:45:00,tole-bi-01,0.766377561832742,3,88.86486901493899,clear,2.2307169282085857,9,1,9.07,8.6,13.44
2026-08-11 10:00:00,momyshuly-01,0.9036275757033503,4,20.435496735335246,clear,3.547867326400705,10,0,4.08,9.07,8.6
2026-08-11 10:15:00,momyshuly-01,0.8438524046627608,2,22.81397052252773,rain,3.475808788143952,10,0,5.35,4.08,9.07
2026-08-11 10:30:00,momyshuly-01,0.9584163198628877,1,92.94572749093942,clear,3.7146612731088595,10,0,3.13,5.35,4.08
2026-08-11 10:45:00,momyshuly-01,0.9272106996554772,6,82.02655439087329,rain,3.64541618495102,10,0,9.47,3.13,5.35
2026-08-11 11:00:00,tole-bi-01,0.7011254424356802,3,56.056484660030854,clear,2.4400135711132505,11,0,5.48,9.47,3.13
2026-08-11 11:15:00,momyshuly-01,0.70857543105368,3,80.28881051823898,clear,3.5792651006561655,11,0,4.57,5.48,9.47
2026-08-11 11:30:00,abylai-khan-01,0.6501425903169542,7,96.45115693787373,rain,1.195828425321692,11,0,7.31,4.57,5.48
2026-08-11 11:45:00,abylai-khan-01,0.7347858902869826,1,81.76716191050281,snow,1.031798676822967,11,0,7.39,7.31,4.57
2026-08-11 12:00:00,momyshuly-01,0.9998175674876377,1,87.38970670546576,clear,3.537595562313049,12,0,1.61,7.39,7.31
2026-08-11 12:15:00,momyshuly-01,0.7623004674460244,7,80.84852651120494,rain,3.617049865476729,12,0,10.04,1.61,7.39
2026-08-11 12:30:00,abylai-khan-01,0.6881953738756426,4,33.45688739468333,clear,1.2387200837466406,12,0,4.59,10.04,1.61
2026-08-11 12:45:00,abylai-khan-01,0.9049931537902212,1,86.68592877165894,clear,1.3823937473305266,12,0,2.01,4.59,10.04
2026-08-11 13:00:00,tole-bi-01,0.8169884013850625,7,35.608705601936805,clear,2.1149052843757743,13,0,7.39,2.01,4.59
2026-08-11 13:15:00,abylai-khan-01,0.659840579810781,4,91.40890624353176,clear,1.2229454750803876,13,0,5.73,7.39,2.01
2026-08-11 13:30:00,abylai-khan-01,0.7522758724643464,4,56.691991846486076,clear,1.1623762723902693,13,0,5.43,5.73,7.39
2026-08-11 13:45:00,momyshuly-01,0.7657878862157373,5,74.15814018488228,clear,3.6075503593238283,13,0,6.32,5.43,5.73
2026-08-11 14:00:00,abylai-khan-01,0.9015318802276875,3,59.77926783045148,clear,1.2102716251310226,14,0,1.08,6.32,5.43
2026-08-11 14:15:00,tole-bi-01,0.6082685475567617,6,27.519274353328164,clear,2.2808815437749765,14,0,6.22,1.08,6.32
2026-08-11 14:30:00,abylai-khan-01,0.7076078587193242,3,43.25778460965321,snow,1.086689208186654,14,0,9.98,6.22,1.08
2026-08-11 14:45:00,momyshuly-01,0.8070385205262088,3,98.69854831976048,snow,3.4681222809493835,14,0,9.7,9.98,6.22
2026-08-11 15:00:00,momyshuly-01,0.7075386969811374,5,96.85718013358539,rain,3.5735088215203508,15,0,11.14,9.7,9.98
2026-08-11 15:15:00,abylai-khan-01,0.8513736189675996,4,45.63895181244378,clear,1.0579382502985042,15,0,3.22,11.14,9.7
2026-08-11 15:30:00,momyshuly-01,0.7927469917098466,4,99.70374433961807,clear,3.5887095720865116,15,0,7.7,3.22,11.14
2026-08-11 15:45:00,tole-bi-01,0.7446841019438323,1,87.64409563975197,rain,2.2746630557861076,15,0,5.21,7.7,3.22
2026-08-11 16:00:00,tole-bi-01,0.9796834507482048,5,68.87675995458038,snow,2.054996469829013,16,0,8.9,5.21,7.7
2026-08-11 16:15:00,abylai-khan-01,0.8528637996745829,1,23.20996962088076,clear,1.393361307617253,16,0,0.99,8.9,5.21
2026-08-11 16:30:00,abylai-khan-01,0.6519765489071765,5,92.11574636307036,rain,1.207725766614592,16,0,8.45,0.99,8.9
2026-08-11 16:45:00,abylai-khan-01,0.8240366789773582,1,64.59434234114558,snow,0.956260985982546,16,0,5.15,8.45,0.99
2026-08-11 17:00:00,momyshuly-01,0.9122927412803604,2,89.47809209622156,rain,3.6247132932208856,17,0,5.42,5.15,8.45
2026-08-11 17:15:00,tole-bi-01,0.8833958789971189,7,86.75432959245938,clear,2.279661068064847,17,0,6.24,5.42,5.15
2026-08-11 17:30:00,tole-bi-01,0.6688356917181038,3,86.64049721608689,clear,2.1682234310279327,17,0,2.13,6.24,5.42
2026-08-11 17:45:00,momyshuly-01,0.9889679996160413,3,75.85390885719241,clear,3.630930294077426,17,0,3.73,2.13,6.24
2026-08-11 18:00:00,tole-bi-01,0.7795254582986424,6,43.31321109408389,clear,2.20578461448104,18,1,12.74,3.73,2.13
2026-08-11 18:15:00,abylai-khan-01,0.6636100014961045,7,46.89282061956159,clear,1.2193032628832448,18,1,12.08,12.74,3.73
2026-08-11 18:30:00,abylai-khan-01,0.6720783016512591,4,44.677537006614905,clear,1.1298490326610828,18,1,8.8,12.08,12.74
2026-08-11 18:45:00,abylai-khan-01,0.6392939968756322,6,21.603679962605177,rain,1.1094420882520013,18,1,13.01,8.8,12.08
2026-08-11 19:00:00,tole-bi-01,0.9214072433739737,2,66.6055127371849,clear,2.298446615196458,19,1,7.97,13.01,8.8
2026-08-11 19:15:00,abylai-khan-01,0.6488121977287394,6,75.90669363568263,clear,1.037790702182953,19,1,10.39,7.97,13.01
2026-08-11 19:30:00,momyshuly-01,0.6500501028566987,3,88.30927948201628,clear,3.5917462774389883,19,1,10.8,10.39,7.97
2026-08-11 19:45:00,momyshuly-01,0.940188645904335,4,31.213234670618426,clear,3.6657253778012993,19,1,9.23,10.8,10.39
2026-08-11 20:00:00,tole-bi-01,0.7378416337790239,2,63.53465191814414,rain,2.427061079073554,20,0,5.01,9.23,10.8
2026-08-11 20:15:00,momyshuly-01,0.612343161723229,3,20.64065125390263,clear,3.708856821399414,20,0,6.75,5.01,9.23
2026-08-11 20:30:00,momyshuly-01,0.6207581198073643,7,27.607491816858357,rain,3.7353330515855325,20,0,11.56,6.75,5.01
2026-08-11 20:45:00,tole-bi-01,0.6568681786815582,1,24.336939536479445,clear,2.254528597377038,20,0,1.21,11.56,6.75
2026-08-11 21:00:00,abylai-khan-01,0.6853573391902759,5,78.03824272123896,clear,1.097536424849519,21,0,4.74,1.21,11.56
2026-08-11 21:15:00,abylai-khan-01,0.8660584776953621,2,26.48476511020825,rain,1.2815356361603538,21,0,5.81,4.74,1.21
2026-08-11 21:30:00,abylai-khan-01,0.6629305120007313,4,77.31623852470321,clear,1.1483106659011764,21,0,4.34,5.81,4.74
2026-08-11 21:45:00,tole-bi-01,0.6475497564708288,6,39.96997635284667,clear,2.300626228026022,21,0,6.09,4.34,5.81
2026-08-11 22:00:00,momyshuly-01,0.9058876565905116,7,90.21703685575515,clear,3.6746867010835382,22,0,6.78,6.09,4.34
2026-08-11 22:15:00,abylai-khan-01,0.8684221135439658,6,85.05199906910514,clear,1.4021097770387185,22,0,5.24,6.78,6.09
2026-08-11 22:30:00,abylai-khan-01,0.7741296885820945,2,96.62641739802213,clear,1.2528800510118048,22,0,2.49,5.24,6.78
2026-08-11 22:45:00,tole-bi-01,0.8197239085920416,7,90.70096123664256,rain,2.320510298245065,22,0,9.02,2.49,5.24
2026-08-11 23:00:00,abylai-khan-01,0.7247936081305674,4,94.66635352930778,clear,1.0878889116009631,23,0,4.04,9.02,2.49
2026-08-11 23:15:00,tole-bi-01,0.7930001680941443,2,88.69939172106461,snow,2.416935542355869,23,0,7.31,4.04,9.02
2026-08-11 23:30:00,momyshuly-01,0.8026690595930983,4,75.47055204918843,clear,3.6408642860788105,23,0,4.35,7.31,4.04
2026-08-11 23:45:00,tole-bi-01,0.7548949084712384,6,33.62073217003488,clear,2.265285802983557,23,0,5.07,4.35,7.31
2026-08-12 00:00:00,tole-bi-01,0.9626288842688651,3,41.73660150832744,clear,2.254958164586057,0,0,3.21,5.07,4.35
2026-08-12 00:15:00,tole-bi-01,0.6064247459924025,7,37.01815729042185,clear,2.2593137379059987,0,0,8.11,3.21,5.07
2026-08-12 00:30:00,tole-bi-01,0.9128685052364984,1,68.28686301265645,clear,2.304396520277824,0,0,1.03,8.11,3.21
2026-08-12 00:45:00,momyshuly-01,0.6497531324965297,3,60.28959503788811,clear,3.454099299352986,0,0,3.75,1.03,8.11
2026-08-12 01:00:00,momyshuly-01,0.9190189442148797,1,89.36639977267389,clear,3.7218022804719646,1,0,1.93,3.75,1.03
2026-08-12 01:15:00,abylai-khan-01,0.8463647662706885,6,96.21382931992605,rain,1.3034673397305454,1,0,9.08,1.93,3.75
2026-08-12 01:30:00,momyshuly-01,0.9373112363745609,7,52.38879116945155,clear,3.5832511648459544,1,0,6.52,9.08,1.93
2026-08-12 01:45:00,momyshuly-01,0.639005730256359,3,60.50804426246499,rain,3.559535051712984,1,0,7.65,6.52,9.08
2026-08-12 02:00:00,abylai-khan-01,0.8235922536399096,3,97.72130854433114,clear,1.197682229521514,2,0,2.31,7.65,6.52
2026-08-12 02:15:00,momyshuly-01,0.8004351521048788,2,42.099115329851486,clear,3.614656182558654,2,0,4.54,2.31,7.65
2026-08-12 02:30:00,tole-bi-01,0.8824772731853434,5,83.39126202870509,clear,2.269990330391458,2,0,4.77,4.54,2.31
2026-08-12 02:45:00,tole-bi-01,0.8137162207574703,6,38.0191921868197,clear,2.3999085059982894,2,0,5.25,4.77,4.54
2026-08-12 03:00:00,abylai-khan-01,0.8162938268532417,4,74.51680923402176,rain,1.0575891828991433,3,0,5.23,5.25,4.77
2026-08-12 03:15:00,abylai-khan-01,0.7718383774304258,6,40.28925021108513,clear,1.1288063830065262,3,0,5.78,5.23,5.25
2026-08-12 03:30:00,abylai-khan-01,0.7235337696029364,4,90.69867110651094,clear,1.277524199186406,3,0,4.57,5.78,5.23
2026-08-12 03:45:00,tole-bi-01,0.7929057445008769,7,64.91823549893414,clear,2.332427654247887,3,0,5.49,4.57,5.78
2026-08-12 04:00:00,momyshuly-01,0.6473969435073602,4,34.874691269950766,clear,3.5320458749591626,4,0,7.23,5.49,4.57
2026-08-12 04:15:00,tole-bi-01,0.9846053355932339,1,37.949534055878885,clear,2.340046846669703,4,0,1.03,7.23,5.49
2026-08-12 04:30:00,abylai-khan-01,0.8857643054506392,4,59.50793565664802,rain,1.1207039554913572,4,0,3.76,1.03,7.23
2026-08-12 04:45:00,momyshuly-01,0.9809868466751387,4,96.9281620459903,clear,3.5689884169220774,4,0,6.06,3.76,1.03
2026-08-12 05:00:00,momyshuly-01,0.6906909529319853,2,81.57137311069235,snow,3.7043718945542454,5,0,9.41,6.06,3.76
2026-08-12 05:15:00,tole-bi-01,0.9517364080706112,3,59.06477142606761,rain,2.393308357706518,5,0,6.19,9.41,6.06
2026-08-12 05:30:00,abylai-khan-01,0.9235159938254154,6,47.01753156497737,clear,1.2288236757763924,5,0,6.45,6.19,9.41
2026-08-12 05:45:00,tole-bi-01,0.8708609649830694,6,63.94147946787541,clear,2.1948850962746733,5,0,4.6,6.45,6.19
2026-08-12 06:00:00,momyshuly-01,0.8500116744340822,7,79.86886667428958,clear,3.562234484990523,6,0,7.69,4.6,6.45
2026-08-12 06:15:00,tole-bi-01,0.726619866107148,7,82.714287076224,clear,2.3096465642809374,6,0,8.19,7.69,4.6
2026-08-12 06:30:00,tole-bi-01,0.9265643139860122,4,45.96870384775557,clear,2.4455421388065264,6,0,3.16,8.19,7.69
2026-08-12 06:45:00,abylai-khan-01,0.8006061845918935,5,77.69274145711017,snow,1.0217630566357294,6,0,10.97,3.16,8.19
2026-08-12 07:00:00,abylai-khan-01,0.6283566303565141,6,72.62310240289489,clear,1.112785595310014,7,0,4.63,10.97,3.16
2026-08-12 07:15:00,momyshuly-01,0.725145264342052,7,96.7289833597035,clear,3.7128603392122175,7,0,7.77,4.63,10.97
2026-08-12 07:30:00,tole-bi-01,0.974118839418131,4,94.48722324064119,clear,2.4360167077793995,7,0,2.8,7.77,4.63
2026-08-12 07:45:00,tole-bi-01,0.9402721042419385,7,83.15034604828617,clear,2.29302862627222,7,0,6.74,2.8,7.77
2026-08-12 08:00:00,tole-bi-01,0.9927622792306157,1,77.87157510839427,rain,2.4538400741223243,8,1,8.24,6.74,2.8
2026-08-12 08:15:00,momyshuly-01,0.8511973530416392,1,41.92332717634207,clear,3.526662884557857,8,1,7.37,8.24,6.74
2026-08-12 08:30:00,momyshuly-01,0.6990040292561648,7,87.67722048788266,clear,3.4490760595936383,8,1,11.94,7.37,8.24
2026-08-12 08:45:00,abylai-khan-01,0.6651260198707455,1,54.200456297069294,clear,1.2790230275679126,8,1,6.27,11.94,7.37
2026-08-12 09:00:00,abylai-khan-01,0.6747657762433846,7,41.77924340048357,rain,1.3294704909612194,9,1,13.39,6.27,11.94
2026-08-12 09:15:00,abylai-khan-01,0.6079182633389018,4,50.732860636276996,clear,1.3278029191982128,9,1,9.82,13.39,6.27
2026-08-12 09:30:00,tole-bi-01,0.7562728443943757,2,86.87483920132064,snow,2.213655539378742,9,1,13.22,9.82,13.39
2026-08-12 09:45:00,tole-bi-01,0.676571072199817,5,31.890657246230802,clear,2.3199379862819,9,1,10.63,13.22,9.82
2026-08-12 10:00:00,abylai-khan-01,0.764662184182681,4,56.4926992895858,clear,1.2839818046960043,10,0,3.46,10.63,13.22
2026-08-12 10:15:00,tole-bi-01,0.9739977727355061,2,59.38860756235918,clear,2.330097771323169,10,0,2.06,3.46,10.63
2026-08-12 10:30:00,abylai-khan-01,0.772216083802876,2,22.930375807905552,clear,1.3446356709146143,10,0,1.15,2.06,3.46
2026-08-12 10:45:00,momyshuly-01,0.951193798793934,6,35.65968236385323,clear,3.5594954142798723,10,0,5.36,1.15,2.06
2026-08-12 11:00:00,abylai-khan-01,0.8422019066463506,4,86.13939428606852,clear,1.1929384189678491,11,0,3.5,5.36,1.15
2026-08-12 11:15:00,momyshuly-01,0.6988526218645568,4,86.46139108758085,clear,3.6236190461505497,11,0,6.12,3.5,5.36
2026-08-12 11:30:00,tole-bi-01,0.7423419037036846,7,43.39320671073984,clear,2.38325541392362,11,0,7.16,6.12,3.5
2026-08-12 11:45:00,abylai-khan-01,0.6335678143285718,2,89.99177876783409,clear,1.1805540268798196,11,0,2.03,7.16,6.12
2026-08-12 12:00:00,tole-bi-01,0.7333850374384042,2,81.74263512546783,clear,2.392743414393341,12,0,3.96,2.03,7.16
2026-08-12 12:15:00,momyshuly-01,0.8710163782014135,2,53.432598703632756,rain,3.7604624708054946,12,0,6.36,3.96,2.03
2026-08-12 12:30:00,momyshuly-01,0.6288444371717741,7,79.87250755240302,clear,3.548192884759833,12,0,9.64,6.36,3.96
2026-08-12 12:45:00,momyshuly-01,0.6821605633912118,6,96.9067704955845,clear,3.5835340620290097,12,0,5.79,9.64,6.36
2026-08-12 13:00:00,tole-bi-01,0.7525764165653246,4,56.7175774452279,clear,2.3967759591776154,13,0,4.71,5.79,9.64
2026-08-12 13:15:00,tole-bi-01,0.992819814806385,2,39.07417431627869,rain,2.4927528374137076,13,0,5.96,4.71,5.79
2026-08-12 13:30:00,tole-bi-01,0.9139447291835521,1,95.34532000401246,rain,2.363595928538112,13,0,4.21,5.96,4.71
2026-08-12 13:45:00,tole-bi-01,0.8933946985968415,4,68.29954308506052,clear,2.2213763729965783,13,0,3.2,4.21,5.96
2026-08-12 14:00:00,momyshuly-01,0.6464763826101784,7,28.421212998434022,clear,3.619817226972312,14,0,7.35,3.2,4.21
2026-08-12 14:15:00,momyshuly-01,0.9123983574459966,6,65.81462526853515,rain,3.6960193351765493,14,0,9.6,7.35,3.2
2026-08-12 14:30:00,abylai-khan-01,0.9141075246064061,1,60.0464711558639,snow,1.1187431432627126,14,0,4.71,9.6,7.35
2026-08-12 14:45:00,abylai-khan-01,0.8404410782497314,7,88.44711152604506,clear,1.092161979666069,14,0,5.44,4.71,9.6
2026-08-12 15:00:00,tole-bi-01,0.9961447127993488,3,62.45561518108171,snow,2.2655016983443708,15,0,7.1,5.44,4.71
2026-08-12 15:15:00,momyshuly-01,0.7301015623698208,4,40.41859474754268,clear,3.6659633548438593,15,0,4.91,7.1,5.44
2026-08-12 15:30:00,momyshuly-01,0.9765089792967406,3,74.05152510919109,rain,3.463078575415795,15,0,6.73,4.91,7.1
2026-08-12 15:45:00,momyshuly-01,0.9658924459826015,7,63.40603620284641,clear,3.5306921212328426,15,0,6.28,6.73,4.91
2026-08-12 16:00:00,abylai-khan-01,0.6045922638997511,7,38.643570261349794,clear,1.2273659885147339,16,0,7.15,6.28,6.73
2026-08-12 16:15:00,abylai-khan-01,0.7800466105899244,7,65.89022863543263,clear,1.3090518753648817,16,0,4.93,7.15,6.28
2026-08-12 16:30:00,momyshuly-01,0.9908416932206293,2,85.72284623117488,rain,3.6290210743095437,16,0,6.45,4.93,7.15
2026-08-12 16:45:00,momyshuly-01,0.6412485449632302,6,22.285673417920833,snow,3.637468478393269,16,0,12.71,6.45,4.93
2026-08-12 17:00:00,momyshuly-01,0.8191138777533278,2,70.46808309160895,clear,3.700492171904976,17,0,5.17,12.71,6.45
2026-08-12 17:15:00,abylai-khan-01,0.9915830028164416,6,47.966815662751365,clear,1.359725781047631,17,0,4.15,5.17,12.71
2026-08-12 17:30:00,momyshuly-01,0.822198169642344,5,43.41371566075394,clear,3.7485511886865472,17,0,6.5,4.15,5.17
2026-08-12 17:45:00,momyshuly-01,0.6759261211888624,2,51.4070200288889,clear,3.3958638403932024,17,0,5.18,6.5,4.15
2026-08-12 18:00:00,tole-bi-01,0.8328732920370359,3,47.36181313983853,clear,2.3098057912467875,18,1,9.17,5.18,6.5
2026-08-12 18:15:00,tole-bi-01,0.6817762295798188,6,86.57912853667533,clear,2.3912515864418085,18,1,13.26,9.17,5.18
2026-08-12 18:30:00,abylai-khan-01,0.8078817051577937,2,41.98382486143204,snow,1.369978673102124,18,1,10.92,13.26,9.17
2026-08-12 18:45:00,momyshuly-01,0.6296168871649391,4,78.65224184852683,clear,3.6640986611185236,18,1,11.34,10.92,13.26
2026-08-12 19:00:00,momyshuly-01,0.8421930676857619,7,27.524785618287098,clear,3.514081370213955,19,1,11.81,11.34,10.92
2026-08-12 19:15:00,tole-bi-01,0.8067159756512633,6,96.11170979875324,clear,2.2272987131563085,19,1,10.43,11.81,11.34
2026-08-12 19:30:00,abylai-khan-01,0.8960645475045852,6,69.78533097988415,clear,1.1300968239070583,19,1,11.34,10.43,11.81
2026-08-12 19:45:00,tole-bi-01,0.852280188463514,2,76.53748616356481,rain,2.330751888125061,19,1,9.84,11.34,10.43
2026-08-12 20:00:00,tole-bi-01,0.8198425074123027,5,43.843146567556076,clear,2.2520177948375544,20,0,6.01,9.84,11.34
2026-08-12 20:15:00,tole-bi-01,0.8759115396992485,2,52.967725496649166,clear,1.9955337834926878,20,0,1.6,6.01,9.84
2026-08-12 20:30:00,tole-bi-01,0.6575767654288923,3,37.9022709016781,clear,2.182171098607156,20,0,5.47,1.6,6.01
2026-08-12 20:45:00,momyshuly-01,0.8381438645034416,3,94.60288686417792,clear,3.555575087848087,20,0,4.44,5.47,1.6
2026-08-12 21:00:00,momyshuly-01,0.668844241129111,6,59.04835576811021,clear,3.4637517510078455,21,0,6.99,4.44,5.47
2026-08-12 21:15:00,tole-bi-01,0.9702088831407524,6,70.4358492526392,clear,2.1786470551909196,21,0,3.6,6.99,4.44
2026-08-12 21:30:00,abylai-khan-01,0.6273336419382417,2,78.74176244245723,clear,1.4050970630490696,21,0,3.14,3.6,6.99
2026-08-12 21:45:00,abylai-khan-01,0.7721498998763173,3,49.68848728796311,clear,1.1991378105835604,21,0,2.66,3.14,3.6
2026-08-12 22:00:00,abylai-khan-01,0.8783189910621779,3,77.60813236313129,clear,1.1613885290621506,22,0,4.59,2.66,3.14
2026-08-12 22:15:00,abylai-khan-01,0.7832088846673035,5,74.07939918050721,clear,1.266734342772537,22,0,4.79,4.59,2.66
2026-08-12 22:30:00,tole-bi-01,0.6368381012931609,4,76.45274670991571,clear,2.4146069422650385,22,0,4.79,4.79,4.59
2026-08-12 22:45:00,momyshuly-01,0.821351606450683,5,59.13839201636903,clear,3.8240615664455087,22,0,5.46,4.79,4.79
2026-08-12 23:00:00,abylai-khan-01,0.8566527635309418,1,50.63499058332937,snow,1.3705373018030107,23,0,5.31,5.46,4.79
2026-08-12 23:15:00,tole-bi-01,0.8815169243962031,7,37.76657505671919,clear,2.3434808829625005,23,0,7.86,5.31,5.46
2026-08-12 23:30:00,abylai-khan-01,0.7493039257851035,5,85.97010822407144,clear,1.0467192099656795,23,0,6.01,7.86,5.31
2026-08-12 23:45:00,abylai-khan-01,0.8254639884115049,2,68.6680037225343,clear,1.099751761859301,23,0,2.28,6.01,7.86
2026-08-13 00:00:00,tole-bi-01,0.7802745899755652,4,55.5481756877996,clear,2.2598141553325184,0,0,6.82,2.28,6.01
2026-08-13 00:15:00,momyshuly-01,0.8688224155009013,2,95.51967253684892,clear,3.6506563205069402,0,0,3.67,6.82,2.28
2026-08-13 00:30:00,momyshuly-01,0.8334227869299274,7,23.827105000563105,rain,3.609431652127843,0,0,10.91,3.67,6.82
2026-08-13 00:45:00,tole-bi-01,0.810302487823654,1,88.01375561640381,clear,2.152697326142155,0,0,2.91,10.91,3.67
2026-08-13 01:00:00,momyshuly-01,0.6998097467352995,4,99.80660743567779,clear,3.4348248972329483,1,0,5.14,2.91,10.91
2026-08-13 01:15:00,tole-bi-01,0.6008074070992936,6,90.95536887062939,clear,2.3259008053583736,1,0,7.07,5.14,2.91
2026-08-13 01:30:00,tole-bi-01,0.6696326701245717,3,84.83492684925002,snow,2.312004055034942,1,0,9.85,7.07,5.14
2026-08-13 01:45:00,tole-bi-01,0.6468264165696674,5,49.944479472505975,clear,2.279012313238849,1,0,4.65,9.85,7.07
2026-08-13 02:00:00,momyshuly-01,0.7796338980043787,2,38.50513458098348,clear,3.6482926054040092,2,0,4.37,4.65,9.85
2026-08-13 02:15:00,tole-bi-01,0.8449032603047378,1,78.78804163996809,snow,2.424681246089459,2,0,8.49,4.37,4.65
2026-08-13 02:30:00,abylai-khan-01,0.6852340034739233,3,44.36602930308547,rain,1.2310068936665823,2,0,5.56,8.49,4.37
2026-08-13 02:45:00,momyshuly-01,0.9756228383868748,5,34.08317457239765,rain,3.5058349645202402,2,0,7.5,5.56,8.49
2026-08-13 03:00:00,momyshuly-01,0.6026728516895551,3,82.9220709682873,clear,3.791521963566995,3,0,4.55,7.5,5.56
2026-08-13 03:15:00,momyshuly-01,0.9089204060661371,5,45.003492178937776,clear,3.5823691517376663,3,0,5.08,4.55,7.5
2026-08-13 03:30:00,momyshuly-01,0.8500819078121769,6,93.15533835898707,clear,3.604999763292753,3,0,6.13,5.08,4.55
2026-08-13 03:45:00,abylai-khan-01,0.7494219204190727,4,87.25061158553002,clear,1.1346341961673703,3,0,5.69,6.13,5.08
2026-08-13 04:00:00,momyshuly-01,0.6201955777649631,3,87.81122636074042,clear,3.4925586451336716,4,0,5.09,5.69,6.13
2026-08-13 04:15:00,momyshuly-01,0.8509946287137118,3,81.7255780844661,rain,3.5007005646428273,4,0,6.34,5.09,5.69
2026-08-13 04:30:00,tole-bi-01,0.7542454051462593,3,90.47051390197893,rain,2.178720575293144,4,0,6.42,6.34,5.09
2026-08-13 04:45:00,momyshuly-01,0.9745068557652876,4,84.4597513742496,clear,3.2990058919776084,4,0,2.69,6.42,6.34
2026-08-13 05:00:00,abylai-khan-01,0.8167960299559064,1,68.2009090859783,clear,1.1843740274476564,5,0,0.0,2.69,6.42
2026-08-13 05:15:00,abylai-khan-01,0.9758606045174033,5,43.66581748654905,clear,1.3102348855495762,5,0,2.51,0.0,2.69
2026-08-13 05:30:00,abylai-khan-01,0.6881934773893217,6,91.05673545713192,rain,1.1015687566573302,5,0,8.59,2.51,0.0
2026-08-13 05:45:00,abylai-khan-01,0.8902903641456412,3,87.24828982185535,clear,1.4559487889452725,5,0,2.96,8.59,2.51
2026-08-13 06:00:00,momyshuly-01,0.8468996083394903,7,57.83034577684361,rain,3.7386377807280606,6,0,10.7,2.96,8.59
2026-08-13 06:15:00,momyshuly-01,0.8957632919325247,4,23.126294880156415,clear,3.598177616552928,6,0,3.41,10.7,2.96
2026-08-13 06:30:00,abylai-khan-01,0.6858671455890147,1,71.08349819215307,clear,1.0888918178288716,6,0,2.06,3.41,10.7
2026-08-13 06:45:00,abylai-khan-01,0.8659978064951095,5,24.04774829412654,rain,1.0402902118720376,6,0,5.14,2.06,3.41
2026-08-13 07:00:00,momyshuly-01,0.7992161572227476,4,94.10239694787258,clear,3.5886316324810896,7,0,5.62,5.14,2.06
2026-08-13 07:15:00,abylai-khan-01,0.8971299899625265,6,96.93050053002456,clear,1.20681206468488,7,0,3.51,5.62,5.14
2026-08-13 07:30:00,tole-bi-01,0.7308178576607272,6,35.159211671968336,rain,2.2795612885873555,7,0,8.54,3.51,5.62
2026-08-13 07:45:00,abylai-khan-01,0.956022810186101,5,74.1111502443928,clear,1.3069323120292642,7,0,4.19,8.54,3.51
2026-08-13 08:00:00,abylai-khan-01,0.6337205258445401,3,27.38152036502102,clear,1.349708209624022,8,1,8.67,4.19,8.54
2026-08-13 08:15:00,tole-bi-01,0.9228757275164752,6,78.36135428584977,clear,2.347267389155352,8,1,8.19,8.67,4.19
2026-08-13 08:30:00,tole-bi-01,0.9445278503260364,1,47.783013292213965,clear,2.352646597325455,8,1,8.52,8.19,8.67
2026-08-13 08:45:00,momyshuly-01,0.9269009245467285,4,74.48400893843562,rain,3.5684444737807706,8,1,11.77,8.52,8.19
2026-08-13 09:00:00,momyshuly-01,0.8050905577047104,1,49.83012073617423,rain,3.5995081924933374,9,1,9.13,11.77,8.52
2026-08-13 09:15:00,tole-bi-01,0.7753539920123045,3,31.64540078665886,rain,2.341163345340735,9,1,12.28,9.13,11.77
2026-08-13 09:30:00,tole-bi-01,0.9985049146099507,1,52.48879844020463,clear,2.268326183723387,9,1,7.37,12.28,9.13
2026-08-13 09:45:00,momyshuly-01,0.6916687804856648,1,29.0138821307832,clear,3.666084717079945,9,1,8.48,7.37,12.28
2026-08-13 10:00:00,abylai-khan-01,0.8187503863504179,2,66.15066199815567,clear,1.0943824284762211,10,0,3.91,8.48,7.37
2026-08-13 10:15:00,tole-bi-01,0.8682702101529303,1,23.276122571958382,rain,2.2267797714700173,10,0,3.89,3.91,8.48
2026-08-13 10:30:00,momyshuly-01,0.8803470543445728,5,62.18557436798878,clear,3.4953086903656216,10,0,5.81,3.89,3.91
2026-08-13 10:45:00,abylai-khan-01,0.6816098662954315,4,90.90949176764327,clear,1.1331377886024534,10,0,4.92,5.81,3.89
2026-08-13 11:00:00,tole-bi-01,0.8615976369359204,2,87.02986160954902,rain,2.2712715774709995,11,0,6.9,4.92,5.81
2026-08-13 11:15:00,abylai-khan-01,0.9273478265925349,4,90.62253597011974,clear,1.3029091136687323,11,0,1.47,6.9,4.92
2026-08-13 11:30:00,momyshuly-01,0.6200074307284449,4,93.76390417016859,clear,3.6041432181956994,11,0,8.46,1.47,6.9
2026-08-13 11:45:00,tole-bi-01,0.9646085173301266,3,28.36223103005554,clear,2.1715692268214912,11,0,4.24,8.46,1.47
2026-08-13 12:00:00,abylai-khan-01,0.6118016220580823,3,30.299776230057045,rain,1.0598039532759773,12,0,6.93,4.24,8.46
2026-08-13 12:15:00,tole-bi-01,0.7423884129953577,2,64.56054450505029,clear,2.2584002471082405,12,0,2.61,6.93,4.24
2026-08-13 12:30:00,abylai-khan-01,0.6063252784931848,6,91.51781347395433,snow,1.2834401029977898,12,0,10.36,2.61,6.93
2026-08-13 12:45:00,momyshuly-01,0.6308580674158327,7,97.94795652192246,clear,3.740297694479464,12,0,8.59,10.36,2.61
2026-08-13 13:00:00,momyshuly-01,0.9644673140720317,3,23.700953387199995,snow,3.440923500306381,13,0,9.32,8.59,10.36
2026-08-13 13:15:00,tole-bi-01,0.7419443322984591,7,48.46192673605281,clear,2.3372352464470056,13,0,7.33,9.32,8.59
2026-08-13 13:30:00,abylai-khan-01,0.7699086121700212,3,37.031540372799476,clear,1.1598127538524075,13,0,3.49,7.33,9.32
2026-08-13 13:45:00,tole-bi-01,0.686137752553021,3,80.47726791449985,rain,2.267577921507648,13,0,7.3,3.49,7.33
2026-08-13 14:00:00,tole-bi-01,0.838838308074688,4,71.21550948296256,rain,2.193575812109047,14,0,4.66,7.3,3.49
2026-08-13 14:15:00,abylai-khan-01,0.8379212858711158,2,29.59104251870763,clear,1.1779936752547089,14,0,2.07,4.66,7.3
2026-08-13 14:30:00,abylai-khan-01,0.7488801567300877,4,58.68176538919772,rain,1.0890820540113038,14,0,5.2,2.07,4.66
2026-08-13 14:45:00,abylai-khan-01,0.7332139487221594,5,74.8352417897033,rain,1.1734149076515645,14,0,7.36,5.2,2.07
2026-08-13 15:00:00,momyshuly-01,0.9539857232722351,4,82.32043151392301,clear,3.714825784258454,15,0,6.04,7.36,5.2
2026-08-13 15:15:00,tole-bi-01,0.7533136958568806,7,21.604216782720684,clear,2.3631237519989368,15,0,6.02,6.04,7.36
2026-08-13 15:30:00,tole-bi-01,0.7974003968617633,7,91.23756591871118,rain,2.491375161068898,15,0,8.6,6.02,6.04
2026-08-13 15:45:00,momyshuly-01,0.7133219049699723,5,65.54251063604195,clear,3.6526357229702,15,0,5.63,8.6,6.02
2026-08-13 16:00:00,abylai-khan-01,0.9147078013428509,1,84.95272919679238,clear,1.2174518069496807,16,0,0.6,5.63,8.6
2026-08-13 16:15:00,momyshuly-01,0.7589792627596367,1,84.63504240114267,rain,3.6552895607512386,16,0,6.53,0.6,5.63
2026-08-13 16:30:00,momyshuly-01,0.8054444186177299,5,35.18821282167753,clear,3.5224201830584696,16,0,6.78,6.53,0.6
2026-08-13 16:45:00,momyshuly-01,0.7013428680238646,5,28.81376962029065,clear,3.3913971651239256,16,0,7.85,6.78,6.53
2026-08-13 17:00:00,tole-bi-01,0.9950638369365007,4,77.70298151790612,snow,2.379617115146407,17,0,7.74,7.85,6.78
2026-08-13 17:15:00,momyshuly-01,0.7165982963694891,5,32.514153505729524,clear,3.4204670915262936,17,0,7.01,7.74,7.85
2026-08-13 17:30:00,tole-bi-01,0.9082970123622207,2,87.9949993123779,rain,2.412160105529758,17,0,6.11,7.01,7.74
2026-08-13 17:45:00,tole-bi-01,0.7709982601427037,1,78.09515870896841,rain,2.375081374334181,17,0,6.81,6.11,7.01
2026-08-13 18:00:00,tole-bi-01,0.682486962033656,1,87.34602914922101,clear,2.2150478854289557,18,1,7.03,6.81,6.11
2026-08-13 18:15:00,abylai-khan-01,0.9198875055859445,6,43.921014368747684,clear,1.1563910336877739,18,1,7.75,7.03,6.81
2026-08-13 18:30:00,tole-bi-01,0.7334427156116172,5,45.32784483284552,clear,2.2988461393875865,18,1,10.3,7.75,7.03
2026-08-13 18:45:00,tole-bi-01,0.9460773389591244,3,73.6977245077054,clear,2.207782868257966,18,1,10.98,10.3,7.75
2026-08-13 19:00:00,abylai-khan-01,0.9661028739671292,3,22.515676404715805,clear,1.254052018934897,19,1,6.41,10.98,10.3
2026-08-13 19:15:00,tole-bi-01,0.9439295341565104,5,78.11973970699381,clear,2.3628669781582192,19,1,10.16,6.41,10.98
2026-08-13 19:30:00,momyshuly-01,0.6140031659227222,2,86.8626456683681,clear,3.4557038559853264,19,1,7.49,10.16,6.41
2026-08-13 19:45:00,momyshuly-01,0.9149493380020423,3,53.21308692832832,clear,3.517689099288449,19,1,10.91,7.49,10.16
2026-08-13 20:00:00,tole-bi-01,0.7645357865996576,6,81.19030640707749,clear,2.296319315402697,20,0,4.26,10.91,7.49
2026-08-13 20:15:00,abylai-khan-01,0.9494891680728901,7,33.96887335858096,clear,1.314058033097039,20,0,3.02,4.26,10.91
2026-08-13 20:30:00,momyshuly-01,0.8551817050738955,5,45.78083150555877,clear,3.665228499564803,20,0,5.95,3.02,4.26
2026-08-13 20:45:00,abylai-khan-01,0.9334572536575834,2,97.9443970488382,clear,0.9669081698474012,20,0,1.9,5.95,3.02
2026-08-13 21:00:00,abylai-khan-01,0.7997727079467342,2,98.9062538848101,clear,1.1708005822284173,21,0,3.92,1.9,5.95
2026-08-13 21:15:00,momyshuly-01,0.8140102018395732,4,61.008404241727035,clear,3.6472673617003446,21,0,6.17,3.92,1.9
2026-08-13 21:30:00,abylai-khan-01,0.6577550528534669,2,94.74158331711016,clear,1.1200040182547044,21,0,1.11,6.17,3.92
2026-08-13 21:45:00,momyshuly-01,0.9135949434757422,3,61.81845424454836,rain,3.512258764460151,21,0,6.44,1.11,6.17
2026-08-13 22:00:00,abylai-khan-01,0.7677558446667887,7,43.32705025289258,clear,1.1253045317011696,22,0,5.42,6.44,1.11
2026-08-13 22:15:00,momyshuly-01,0.8000320473086331,3,41.35194304790175,clear,3.569202287490888,22,0,3.31,5.42,6.44
2026-08-13 22:30:00,tole-bi-01,0.9140390856382831,5,94.3604564294519,clear,2.2020906579323576,22,0,5.14,3.31,5.42
2026-08-13 22:45:00,momyshuly-01,0.8395381600317756,7,33.79571111790873,clear,3.665993036972739,22,0,8.36,5.14,3.31
2026-08-13 23:00:00,momyshuly-01,0.680439490977067,5,66.37059665614545,clear,3.513929853088801,23,0,5.74,8.36,5.14
2026-08-13 23:15:00,momyshuly-01,0.8360930636603571,2,64.44200544501757,snow,3.4963841258018085,23,0,8.4,5.74,8.36
2026-08-13 23:30:00,momyshuly-01,0.7630531431918623,6,79.1697347722396,clear,3.560130809997107,23,0,6.64,8.4,5.74
2026-08-13 23:45:00,abylai-khan-01,0.787810216817545,1,59.93943260198198,snow,1.3478916554047582,23,0,6.3,6.64,8.4
2026-08-14 00:00:00,tole-bi-01,0.6113245097610671,7,41.782852856650734,clear,2.3525279868490783,0,0,7.13,6.3,6.64
2026-08-14 00:15:00,momyshuly-01,0.6840117398065126,4,33.551719970526285,clear,3.6588863834450738,0,0,5.26,7.13,6.3
2026-08-14 00:30:00,abylai-khan-01,0.7124152325524113,1,69.66550428047134,clear,1.2286251271300777,0,0,2.36,5.26,7.13
2026-08-14 00:45:00,tole-bi-01,0.8851840031435223,2,77.51926054825864,clear,2.205301905546702,0,0,2.15,2.36,5.26
2026-08-14 01:00:00,tole-bi-01,0.6045969893192461,2,65.56170229456261,clear,2.2359934216399475,1,0,4.45,2.15,2.36
2026-08-14 01:15:00,tole-bi-01,0.7635109044916528,1,79.06810216969558,clear,2.2190004068946614,1,0,2.01,4.45,2.15
2026-08-14 01:30:00,tole-bi-01,0.9696107481702931,4,31.32169619599681,clear,2.4091560001885295,1,0,4.53,2.01,4.45
2026-08-14 01:45:00,momyshuly-01,0.6447522466196495,7,90.59761559545083,clear,3.629533673128278,1,0,7.56,4.53,2.01
2026-08-14 02:00:00,momyshuly-01,0.8065697552874445,7,66.59164067268024,clear,3.433269429730463,2,0,7.94,7.56,4.53
2026-08-14 02:15:00,abylai-khan-01,0.9146089529563388,1,30.147514151407773,clear,1.3452653078384693,2,0,0.54,7.94,7.56
2026-08-14 02:30:00,abylai-khan-01,0.9770125230080466,5,56.9540163364588,clear,1.166804856888874,2,0,4.69,0.54,7.94
2026-08-14 02:45:00,abylai-khan-01,0.8987106558134872,3,87.58333902927292,clear,1.265337801452022,2,0,1.04,4.69,0.54
2026-08-14 03:00:00,tole-bi-01,0.8882262194577624,6,91.8049754762528,rain,2.4052337940046415,3,0,8.14,1.04,4.69
2026-08-14 03:15:00,tole-bi-01,0.930595236078305,5,41.17196039990092,clear,2.0437931316543194,3,0,3.97,8.14,1.04
2026-08-14 03:30:00,momyshuly-01,0.7784804883910175,7,76.90126597683624,clear,3.6454597707279945,3,0,7.54,3.97,8.14
2026-08-14 03:45:00,tole-bi-01,0.9223378130471332,3,27.998819798702137,clear,2.27474239349573,3,0,2.13,7.54,3.97
2026-08-14 04:00:00,tole-bi-01,0.6031857618981804,6,22.683669712972623,rain,2.057810800271832,4,0,9.03,2.13,7.54
2026-08-14 04:15:00,tole-bi-01,0.969824422150722,6,64.83191630559543,clear,2.1867472907474297,4,0,4.04,9.03,2.13
2026-08-14 04:30:00,abylai-khan-01,0.7773226038068701,6,75.58620634625007,clear,1.1545391458365069,4,0,5.16,4.04,9.03
2026-08-14 04:45:00,abylai-khan-01,0.821352075146299,2,83.66293849412017,clear,1.2845651376767113,4,0,2.14,5.16,4.04
2026-08-14 05:00:00,momyshuly-01,0.701952899565953,6,47.21729907642677,clear,3.5823762049987975,5,0,7.52,2.14,5.16
2026-08-14 05:15:00,tole-bi-01,0.8970123331361686,4,20.52203283431096,clear,2.3148121314339103,5,0,4.22,7.52,2.14
2026-08-14 05:30:00,tole-bi-01,0.6306543225900995,1,58.361538968908306,clear,2.264387163716018,5,0,5.1,4.22,7.52
2026-08-14 05:45:00,momyshuly-01,0.9490543210187341,7,21.26828362988536,rain,3.7087904274305825,5,0,8.84,5.1,4.22
2026-08-14 06:00:00,tole-bi-01,0.9312467316025371,4,27.358760853663995,clear,2.3521031156614196,6,0,3.89,8.84,5.1
2026-08-14 06:15:00,tole-bi-01,0.6864240464979066,1,46.13512180253987,clear,2.3162855481783997,6,0,6.19,3.89,8.84
2026-08-14 06:30:00,abylai-khan-01,0.923729759314105,5,54.973763964814175,clear,1.0856866998803743,6,0,3.77,6.19,3.89
2026-08-14 06:45:00,momyshuly-01,0.9145430932245926,5,42.357555298371885,clear,3.6119839415131043,6,0,6.5,3.77,6.19
2026-08-14 07:00:00,momyshuly-01,0.8528866391015796,1,66.54922132037663,clear,3.8781871805379247,7,0,3.77,6.5,3.77
2026-08-14 07:15:00,momyshuly-01,0.749408070759875,4,24.427983137447615,clear,3.6795267286499316,7,0,7.97,3.77,6.5
2026-08-14 07:30:00,momyshuly-01,0.7085995016727471,1,31.566376819166777,clear,3.5260657216367517,7,0,2.2,7.97,3.77
2026-08-14 07:45:00,abylai-khan-01,0.69271343611574,6,75.62067206043469,clear,1.3852459890213398,7,0,4.37,2.2,7.97
2026-08-14 08:00:00,abylai-khan-01,0.7274435851054428,2,31.371268287833416,clear,1.1216606378542713,8,1,6.68,4.37,2.2
2026-08-14 08:15:00,tole-bi-01,0.9614233773730121,7,71.1820161256338,clear,2.3714304040711016,8,1,11.17,6.68,4.37
2026-08-14 08:30:00,tole-bi-01,0.6310563103955125,5,24.374769660269244,clear,2.2953800169248733,8,1,10.03,11.17,6.68
2026-08-14 08:45:00,tole-bi-01,0.9315485105011835,7,52.59058232953123,clear,2.318212908631222,8,1,8.97,10.03,11.17
2026-08-14 09:00:00,tole-bi-01,0.7395560300167294,2,34.19275760969459,snow,2.321882971815977,9,1,12.54,8.97,10.03
2026-08-14 09:15:00,abylai-khan-01,0.8086397584045433,6,28.770902602814914,clear,1.1752431573588404,9,1,10.63,12.54,8.97
2026-08-14 09:30:00,momyshuly-01,0.9177942534593962,6,65.36262268009821,clear,3.561066029232834,9,1,10.3,10.63,12.54
2026-08-14 09:45:00,abylai-khan-01,0.9537506188091885,5,94.26686176044974,snow,1.0683165915436836,9,1,14.99,10.3,10.63
2026-08-14 10:00:00,tole-bi-01,0.7379125680290588,5,24.382963833883906,clear,2.1874980969789464,10,0,4.37,14.99,10.3
2026-08-14 10:15:00,abylai-khan-01,0.7847373925100442,6,53.724339857442736,snow,1.2333963699278216,10,0,10.42,4.37,14.99
2026-08-14 10:30:00,momyshuly-01,0.7658064259267169,3,76.60283501963549,clear,3.5317285683846587,10,0,4.38,10.42,4.37
2026-08-14 10:45:00,momyshuly-01,0.6053004134015642,7,57.01502653502616,clear,3.5089990111545095,10,0,8.47,4.38,10.42
2026-08-14 11:00:00,abylai-khan-01,0.7183771555434626,2,84.51967568841962,clear,1.4827323900588019,11,0,3.35,8.47,4.38
2026-08-14 11:15:00,abylai-khan-01,0.7836756934930247,7,34.37162526913053,rain,1.4489345425274571,11,0,10.33,3.35,8.47
2026-08-14 11:30:00,abylai-khan-01,0.7644374435521759,2,96.76753640221924,clear,1.2580824094646281,11,0,3.4,10.33,3.35
2026-08-14 11:45:00,tole-bi-01,0.8887716910062717,3,50.81301022180324,snow,2.372151173808882,11,0,8.1,3.4,10.33
2026-08-14 12:00:00,abylai-khan-01,0.7539214468884413,4,47.32557063554201,clear,1.1187583358936828,12,0,4.69,8.1,3.4
2026-08-14 12:15:00,abylai-khan-01,0.7957505795882681,2,89.96846356025327,rain,1.0814759061395416,12,0,5.72,4.69,8.1
2026-08-14 12:30:00,abylai-khan-01,0.7718434368529453,7,65.10936255134132,clear,1.1659664173906192,12,0,8.17,5.72,4.69
2026-08-14 12:45:00,momyshuly-01,0.8962504595577482,1,61.31554735222572,clear,3.600029655427455,12,0,2.67,8.17,5.72
2026-08-14 13:00:00,momyshuly-01,0.945188959594785,6,78.15823356227448,snow,3.6713077559536287,13,0,11.07,2.67,8.17
2026-08-14 13:15:00,tole-bi-01,0.8127556316030057,6,66.38673906248724,snow,2.116966349893349,13,0,12.13,11.07,2.67
2026-08-14 13:30:00,tole-bi-01,0.9157728776780765,3,33.001251580569225,clear,2.5147247167895497,13,0,1.49,12.13,11.07
2026-08-14 13:45:00,momyshuly-01,0.7187146728079402,2,73.93580982919437,clear,3.6248024716685534,13,0,4.14,1.49,12.13
2026-08-14 14:00:00,momyshuly-01,0.8165478440629075,4,30.67751034257028,clear,3.4449303299451457,14,0,5.89,4.14,1.49
2026-08-14 14:15:00,momyshuly-01,0.7380919814679889,2,84.46861642672496,clear,3.6157474795348863,14,0,5.3,5.89,4.14
2026-08-14 14:30:00,abylai-khan-01,0.7656803702287321,6,99.17892781698168,clear,1.1097549136906275,14,0,3.21,5.3,5.89
2026-08-14 14:45:00,abylai-khan-01,0.8929655459250674,5,50.19100999798211,clear,1.1027459903256747,14,0,2.81,3.21,5.3
2026-08-14 15:00:00,momyshuly-01,0.952664992933085,1,55.580471856161004,clear,3.493759811282553,15,0,0.02,2.81,3.21
2026-08-14 15:15:00,abylai-khan-01,0.6485981564351061,3,23.714692438624986,rain,1.1743514038180833,15,0,7.26,0.02,2.81
2026-08-14 15:30:00,abylai-khan-01,0.8538557025949522,5,21.09865504660626,clear,1.4102715690754177,15,0,4.71,7.26,0.02
2026-08-14 15:45:00,tole-bi-01,0.8328575230311194,7,93.71354679010621,clear,2.3092665338644105,15,0,7.96,4.71,7.26
2026-08-14 16:00:00,momyshuly-01,0.6473660156703728,4,30.289924835135366,clear,3.6693889805929922,16,0,6.12,7.96,4.71
2026-08-14 16:15:00,momyshuly-01,0.6847577321760436,5,55.66229980475762,clear,3.6938514281831476,16,0,8.88,6.12,7.96
2026-08-14 16:30:00,abylai-khan-01,0.7244009978930721,7,85.22836990844492,clear,1.1855243671440812,16,0,5.41,8.88,6.12
2026-08-14 16:45:00,momyshuly-01,0.6667724283270006,5,91.14550079426556,clear,3.483897998155866,16,0,6.22,5.41,8.88
2026-08-14 17:00:00,tole-bi-01,0.6974917930097367,4,61.551814822677414,clear,2.1401258316583838,17,0,5.36,6.22,5.41
2026-08-14 17:15:00,tole-bi-01,0.707040319544683,5,65.20260199807598,rain,2.261254781633317,17,0,7.46,5.36,6.22
2026-08-14 17:30:00,tole-bi-01,0.7342695332156238,3,73.5747177970618,clear,2.4143936313381946,17,0,4.66,7.46,5.36
2026-08-14 17:45:00,momyshuly-01,0.8997561811204635,6,96.91059761149722,snow,3.6935392150049626,17,0,11.26,4.66,7.46
2026-08-14 18:00:00,momyshuly-01,0.8287648815402403,2,68.2135968755604,rain,3.625638062802611,18,1,11.18,11.26,4.66
2026-08-14 18:15:00,momyshuly-01,0.9944986687805606,5,64.7580207565077,rain,3.638887861655871,18,1,12.58,11.18,11.26
2026-08-14 18:30:00,momyshuly-01,0.7658943307869884,3,21.162730821279254,clear,3.586317563955427,18,1,10.51,12.58,11.18
2026-08-14 18:45:00,momyshuly-01,0.90154602953477,2,26.475976161788488,clear,3.5518518006212005,18,1,8.13,10.51,12.58
2026-08-14 19:00:00,tole-bi-01,0.9485873685506135,7,66.1737301299197,clear,2.226181642114612,19,1,9.85,8.13,10.51
2026-08-14 19:15:00,abylai-khan-01,0.8715913972152167,2,94.89923102457625,clear,1.0528549755698153,19,1,7.18,9.85,8.13
2026-08-14 19:30:00,tole-bi-01,0.7647458961669984,7,89.3353078719516,clear,2.4797125816625116,19,1,11.31,7.18,9.85
2026-08-14 19:45:00,momyshuly-01,0.9014378522983012,5,98.60631383937637,clear,3.617112096730733,19,1,9.61,11.31,7.18
2026-08-14 20:00:00,tole-bi-01,0.6814668551090739,3,62.22672300490192,clear,2.25575347443429,20,0,2.66,9.61,11.31
2026-08-14 20:15:00,momyshuly-01,0.731020866072053,6,83.03447507502135,clear,3.7821166535792483,20,0,8.11,2.66,9.61
2026-08-14 20:30:00,momyshuly-01,0.8186741020397155,5,87.23202651914724,clear,3.8011982430762257,20,0,6.76,8.11,2.66
2026-08-14 20:45:00,tole-bi-01,0.8301637549144594,7,71.84253258646893,snow,2.5745158353008373,20,0,13.12,6.76,8.11
2026-08-14 21:00:00,momyshuly-01,0.6088565901890518,4,47.09999233716058,clear,3.575167255166209,21,0,6.21,13.12,6.76
2026-08-14 21:15:00,abylai-khan-01,0.9780456755024035,2,57.598274772623554,clear,1.2105230772779425,21,0,2.8,6.21,13.12
2026-08-14 21:30:00,momyshuly-01,0.878650908486956,5,88.63336577948542,clear,3.665095592249481,21,0,4.8,2.8,6.21
2026-08-14 21:45:00,abylai-khan-01,0.7982815000927564,7,43.883834078573116,rain,1.366218513324777,21,0,6.72,4.8,2.8
2026-08-14 22:00:00,abylai-khan-01,0.9732508937633233,2,93.89945050133188,clear,1.2062023177956727,22,0,0.99,6.72,4.8
2026-08-14 22:15:00,momyshuly-01,0.7756382261003314,7,38.38450731381321,clear,3.5016645142965297,22,0,7.3,0.99,6.72
2026-08-14 22:30:00,tole-bi-01,0.9921742281081487,3,79.96131321254245,clear,2.224662041923261,22,0,3.33,7.3,0.99
2026-08-14 22:45:00,abylai-khan-01,0.8049139028973941,1,70.44473874765907,clear,1.3177431449388881,22,0,3.15,3.33,7.3
2026-08-14 23:00:00,tole-bi-01,0.6457143079991917,5,79.96795528966098,clear,2.3621035193154656,23,0,6.33,3.15,3.33
2026-08-14 23:15:00,abylai-khan-01,0.9059203889837109,6,54.98780579460758,rain,1.1827089887509519,23,0,9.59,6.33,3.15
2026-08-14 23:30:00,momyshuly-01,0.8715590900311362,5,94.61128500431877,rain,3.576131988841361,23,0,8.34,9.59,6.33
2026-08-14 23:45:00,momyshuly-01,0.9091946885222347,2,70.59777619291819,rain,3.582713446143635,23,0,6.06,8.34,9.59
2026-08-15 00:00:00,abylai-khan-01,0.9805768114902724,3,43.063664364340504,rain,1.32390390298886,0,0,5.32,6.06,8.34
2026-08-15 00:15:00,momyshuly-01,0.9105957210604072,7,71.0764056521715,clear,3.5211047053887774,0,0,7.29,5.32,6.06
2026-08-15 00:30:00,abylai-khan-01,0.8445346408866587,4,42.945259776562494,rain,1.0786588899180654,0,0,6.51,7.29,5.32
2026-08-15 00:45:00,momyshuly-01,0.9429235609443364,6,43.49059134078993,clear,3.7816808773579127,0,0,4.99,6.51,7.29
2026-08-15 01:00:00,tole-bi-01,0.8692985757418126,3,51.967880929669434,clear,2.302505447203966,1,0,4.42,4.99,6.51
2026-08-15 01:15:00,momyshuly-01,0.7632476227303693,5,88.19443340552952,clear,3.592067124085795,1,0,8.73,4.42,4.99
2026-08-15 01:30:00,tole-bi-01,0.9542479056967093,4,60.02382995151936,clear,2.3670992119717735,1,0,3.04,8.73,4.42
2026-08-15 01:45:00,momyshuly-01,0.6887601843137492,3,74.3120673784166,clear,3.501108964146542,1,0,5.06,3.04,8.73
2026-08-15 02:00:00,tole-bi-01,0.8858565099634896,1,51.357419221957045,clear,2.3750496000776478,2,0,0.77,5.06,3.04
2026-08-15 02:15:00,momyshuly-01,0.9526253819763028,6,41.08843518455052,clear,3.561727276066923,2,0,6.8,0.77,5.06
2026-08-15 02:30:00,tole-bi-01,0.8925266078813185,2,96.3712128572985,rain,2.4125672536684006,2,0,6.08,6.8,0.77
2026-08-15 02:45:00,abylai-khan-01,0.8789101676215427,3,68.28649976984501,clear,1.0466265898329818,2,0,1.27,6.08,6.8
2026-08-15 03:00:00,abylai-khan-01,0.9010553176287344,3,94.71610708661746,clear,1.245066618796613,3,0,1.48,1.27,6.08
2026-08-15 03:15:00,tole-bi-01,0.7860220993202578,1,36.273040175865205,rain,2.276876742880939,3,0,2.95,1.48,1.27
2026-08-15 03:30:00,momyshuly-01,0.9496682728628104,5,31.75153311303462,clear,3.529535670187667,3,0,6.91,2.95,1.48
2026-08-15 03:45:00,tole-bi-01,0.6813745900544365,7,88.4658325699123,rain,2.3771344579212736,3,0,8.92,6.91,2.95
2026-08-15 04:00:00,momyshuly-01,0.6509545664001357,7,74.47337700938012,clear,3.5851678077146447,4,0,7.99,8.92,6.91
2026-08-15 04:15:00,abylai-khan-01,0.7142035120474046,6,34.92627994029131,snow,1.2466012798156865,4,0,10.37,7.99,8.92
2026-08-15 04:30:00,momyshuly-01,0.8126309587099972,6,41.54877605308302,clear,3.72657119207863,4,0,7.77,10.37,7.99
2026-08-15 04:45:00,abylai-khan-01,0.8042247181637352,2,84.0531153220249,clear,1.2791495644220616,4,0,3.21,7.77,10.37
2026-08-15 05:00:00,momyshuly-01,0.9282395030706346,3,56.30948959967489,clear,3.491962886495286,5,0,4.62,3.21,7.77
2026-08-15 05:15:00,momyshuly-01,0.7618274625616069,4,73.64324052048727,clear,3.545825374498951,5,0,4.69,4.62,3.21
2026-08-15 05:30:00,momyshuly-01,0.7937377705166034,3,45.46816177088087,snow,3.645929134675189,5,0,10.4,4.69,4.62
2026-08-15 05:45:00,tole-bi-01,0.6053470733037583,7,50.498396221990134,clear,2.3793876901573623,5,0,8.53,10.4,4.69
2026-08-15 06:00:00,tole-bi-01,0.7638956945771757,2,99.2570046898484,clear,2.2609043724066096,6,0,3.97,8.53,10.4
2026-08-15 06:15:00,abylai-khan-01,0.8591096931801367,3,39.80936697397748,clear,1.2197853479527854,6,0,1.68,3.97,8.53
2026-08-15 06:30:00,abylai-khan-01,0.6062033322506368,1,60.51651016292112,rain,1.219158710639397,6,0,4.07,1.68,3.97
2026-08-15 06:45:00,tole-bi-01,0.7123527860744975,7,87.55218745524257,clear,2.3330899185055083,6,0,8.83,4.07,1.68
2026-08-15 07:00:00,abylai-khan-01,0.6831825437157559,3,39.137857093268636,snow,1.0821052629233954,7,0,10.62,8.83,4.07
2026-08-15 07:15:00,tole-bi-01,0.6167941715638353,3,53.21710053474646,clear,2.158496786947052,7,0,4.55,10.62,8.83
2026-08-15 07:30:00,momyshuly-01,0.791704035965815,7,69.20730298959907,clear,3.3740762986438604,7,0,7.29,4.55,10.62
2026-08-15 07:45:00,abylai-khan-01,0.6726893172912626,4,58.4950521180082,clear,1.210556109538991,7,0,4.66,7.29,4.55
2026-08-15 08:00:00,abylai-khan-01,0.8972326158525521,7,56.760181325625396,rain,1.063580977285244,8,1,13.58,4.66,7.29
2026-08-15 08:15:00,tole-bi-01,0.9391711535053394,1,49.00077850576989,rain,2.513672563571509,8,1,8.04,13.58,4.66
2026-08-15 08:30:00,abylai-khan-01,0.8182340730676592,1,66.931706221994,clear,1.2654116054466262,8,1,7.01,8.04,13.58
2026-08-15 08:45:00,abylai-khan-01,0.9926829370084567,3,69.94981583388882,clear,1.0818133060888744,8,1,6.25,7.01,8.04
2026-08-15 09:00:00,momyshuly-01,0.7801914285882381,6,72.26316327210901,rain,3.713513074377661,9,1,14.4,6.25,7.01
2026-08-15 09:15:00,abylai-khan-01,0.8053472840899663,4,25.629448632482344,clear,1.313749830283726,9,1,8.08,14.4,6.25
2026-08-15 09:30:00,momyshuly-01,0.9956871015831,3,70.48273405696392,clear,3.721872415492535,9,1,8.2,8.08,14.4
2026-08-15 09:45:00,tole-bi-01,0.6926193743860195,7,96.25897430249863,clear,2.2191928304495194,9,1,12.3,8.2,8.08
2026-08-15 10:00:00,abylai-khan-01,0.9770183758707621,3,63.27889884224669,clear,1.2716054334892173,10,0,1.85,12.3,8.2
2026-08-15 10:15:00,momyshuly-01,0.6171350220476453,2,77.22136660073954,clear,3.7235667286009333,10,0,3.76,1.85,12.3
2026-08-15 10:30:00,tole-bi-01,0.7785547561052779,2,64.53858462073742,clear,2.4570857149757197,10,0,4.82,3.76,1.85
2026-08-15 10:45:00,abylai-khan-01,0.6280014048532263,6,88.3792494873583,clear,1.0476257165033636,10,0,4.92,4.82,3.76
2026-08-15 11:00:00,tole-bi-01,0.8916938971654571,4,94.36664756780551,rain,2.278236589309044,11,0,4.34,4.92,4.82
2026-08-15 11:15:00,abylai-khan-01,0.8433635743520072,5,34.73759194370874,clear,1.1155990815487862,11,0,4.94,4.34,4.92
2026-08-15 11:30:00,tole-bi-01,0.8826537053870385,2,54.948802924570124,rain,2.486412426509211,11,0,5.13,4.94,4.34
2026-08-15 11:45:00,tole-bi-01,0.7497921599872068,5,51.390568074617704,clear,2.3491057333854464,11,0,5.51,5.13,4.94
2026-08-15 12:00:00,momyshuly-01,0.7477927736125521,1,52.41720986394229,clear,3.689124780438225,12,0,3.71,5.51,5.13
2026-08-15 12:15:00,tole-bi-01,0.6181277115843579,2,30.04193449823007,clear,2.3476355355701615,12,0,5.3,3.71,5.51
2026-08-15 12:30:00,abylai-khan-01,0.7399779758118559,2,85.08925807845755,rain,1.2375285584406857,12,0,7.18,5.3,3.71
2026-08-15 12:45:00,abylai-khan-01,0.9717153609048238,4,22.86129944119482,clear,1.1136711879039911,12,0,3.35,7.18,5.3
2026-08-15 13:00:00,momyshuly-01,0.7516906148721796,6,62.25812861817255,rain,3.5553490577153117,13,0,8.27,3.35,7.18
2026-08-15 13:15:00,abylai-khan-01,0.932547082488788,5,72.9502710435753,clear,1.2071515364501304,13,0,4.17,8.27,3.35
2026-08-15 13:30:00,abylai-khan-01,0.9369302018999737,7,36.59755504471018,clear,1.1351414289361725,13,0,5.95,4.17,8.27
2026-08-15 13:45:00,abylai-khan-01,0.7492964625516936,2,92.46801536790365,snow,1.1166828210238253,13,0,8.7,5.95,4.17
2026-08-15 14:00:00,tole-bi-01,0.8527954721584756,2,87.08393656198345,clear,2.2794322727053884,14,0,3.07,8.7,5.95
2026-08-15 14:15:00,tole-bi-01,0.6381486409092234,4,57.686698358714025,clear,2.2394855991321903,14,0,4.71,3.07,8.7
2026-08-15 14:30:00,abylai-khan-01,0.6414714322937106,4,52.8919145872111,snow,1.2049817090177435,14,0,8.73,4.71,3.07
2026-08-15 14:45:00,momyshuly-01,0.6194630654646853,6,38.925434016888005,clear,3.555712958553295,14,0,7.43,8.73,4.71
2026-08-15 15:00:00,tole-bi-01,0.8324060373500438,5,78.39945797159709,clear,2.231514134050999,15,0,3.59,7.43,8.73
2026-08-15 15:15:00,momyshuly-01,0.7704283910504388,1,30.53950397055713,snow,3.507237583968618,15,0,8.73,3.59,7.43
2026-08-15 15:30:00,abylai-khan-01,0.819212942665696,7,74.41902030750265,clear,1.200609592004564,15,0,6.11,8.73,3.59
2026-08-15 15:45:00,abylai-khan-01,0.8084292762033551,6,87.39655888947308,rain,1.2888298273857413,15,0,8.01,6.11,8.73
2026-08-15 16:00:00,tole-bi-01,0.7400811964362921,1,38.2777260733619,clear,2.3650871553945603,16,0,3.51,8.01,6.11
2026-08-15 16:15:00,abylai-khan-01,0.8709893659293891,3,89.31419223190049,rain,1.0473089814911098,16,0,6.76,3.51,8.01
2026-08-15 16:30:00,tole-bi-01,0.9034007523665563,2,22.665855955160676,clear,2.3859750761010905,16,0,2.7,6.76,3.51
2026-08-15 16:45:00,abylai-khan-01,0.6058513035510703,5,93.02299083092203,snow,1.2643809031953392,16,0,10.61,2.7,6.76
2026-08-15 17:00:00,abylai-khan-01,0.6828969199075513,6,29.468978228103843,clear,1.288727340639746,17,0,5.53,10.61,2.7
2026-08-15 17:15:00,tole-bi-01,0.8852943472333348,2,71.66073423504261,clear,2.4083612330303326,17,0,3.41,5.53,10.61
2026-08-15 17:30:00,tole-bi-01,0.7546480690535337,5,40.006597513115345,clear,2.2272346176216997,17,0,5.43,3.41,5.53
2026-08-15 17:45:00,tole-bi-01,0.8649935787766432,5,86.9241912935691,clear,2.270019723304018,17,0,6.12,5.43,3.41
2026-08-15 18:00:00,abylai-khan-01,0.7387850638938234,5,60.98402887323732,rain,1.379046351410719,18,1,13.64,6.12,5.43
2026-08-15 18:15:00,abylai-khan-01,0.7563020609318548,2,30.81929529972011,rain,1.3731040381478472,18,1,10.64,13.64,6.12
2026-08-15 18:30:00,momyshuly-01,0.663471549475874,6,65.67932570607827,clear,3.592341143968265,18,1,12.29,10.64,13.64
2026-08-15 18:45:00,tole-bi-01,0.703292407866464,7,52.63060881575865,rain,2.3603111424668493,18,1,14.38,12.29,10.64
2026-08-15 19:00:00,abylai-khan-01,0.8421647030030349,4,72.91582532904809,clear,1.2690599871426835,19,1,9.25,14.38,12.29
2026-08-15 19:15:00,abylai-khan-01,0.7732652445260666,2,90.55226278107676,clear,1.3757644632153534,19,1,8.23,9.25,14.38
2026-08-15 19:30:00,tole-bi-01,0.909721073177838,5,52.751130494673475,clear,2.3345280389938075,19,1,9.53,8.23,9.25
2026-08-15 19:45:00,momyshuly-01,0.941033981975337,6,43.19045436270877,clear,3.478771310118797,19,1,11.34,9.53,8.23
2026-08-15 20:00:00,tole-bi-01,0.8166585672867039,7,21.161207562208702,clear,2.252399407150247,20,0,5.8,11.34,9.53
2026-08-15 20:15:00,momyshuly-01,0.9033069168224237,3,65.98712302879,rain,3.9133536659543324,20,0,7.33,5.8,11.34
2026-08-15 20:30:00,abylai-khan-01,0.722761805277828,1,52.18198139451468,clear,1.0741378742632055,20,0,1.4,7.33,5.8
2026-08-15 20:45:00,momyshuly-01,0.7659884861600312,5,49.9719375211863,clear,3.605027912162758,20,0,6.99,1.4,7.33
2026-08-15 21:00:00,abylai-khan-01,0.8851110704867324,3,34.634825702737004,clear,1.4313533440252453,21,0,2.66,6.99,1.4
2026-08-15 21:15:00,tole-bi-01,0.7544847971268123,4,54.40442761530194,rain,2.2200256758215544,21,0,8.91,2.66,6.99
2026-08-15 21:30:00,tole-bi-01,0.8354019740635955,7,98.75535628666947,clear,2.027310049867366,21,0,6.4,8.91,2.66
2026-08-15 21:45:00,tole-bi-01,0.6741491116330046,7,43.82033229377954,clear,2.045700273570313,21,0,7.33,6.4,8.91
2026-08-15 22:00:00,momyshuly-01,0.8399085259881992,5,67.97635307264801,clear,3.5205786036236164,22,0,4.43,7.33,6.4
2026-08-15 22:15:00,abylai-khan-01,0.9446054828907574,7,82.11895050525334,rain,1.0237065247610069,22,0,9.17,4.43,7.33
2026-08-15 22:30:00,tole-bi-01,0.9474558559293702,3,79.93262585412253,clear,2.40371673372625,22,0,3.24,9.17,4.43
2026-08-15 22:45:00,tole-bi-01,0.8897377625318159,5,46.30194299940726,rain,2.3268144106809867,22,0,9.13,3.24,9.17
2026-08-15 23:00:00,abylai-khan-01,0.8983013516304503,2,68.86880668134803,clear,0.9866162712001628,23,0,2.0,9.13,3.24
2026-08-15 23:15:00,tole-bi-01,0.8231709780602803,6,89.70117482161258,rain,2.1404649107741354,23,0,8.07,2.0,9.13
2026-08-15 23:30:00,abylai-khan-01,0.83386723606633,3,21.235794218646234,clear,1.3240140493086838,23,0,2.63,8.07,2.0
2026-08-15 23:45:00,abylai-khan-01,0.6534602325642072,6,54.858748547464614,clear,1.219315905569883,23,0,6.63,2.63,8.07
2026-08-16 00:00:00,abylai-khan-01,0.7775436753685204,2,37.94187345935242,clear,1.3433631344390555,0,0,3.23,6.63,2.63
2026-08-16 00:15:00,abylai-khan-01,0.7803105135545455,2,51.09058323190712,clear,1.3119010768352883,0,0,1.34,3.23,6.63
2026-08-16 00:30:00,abylai-khan-01,0.983399134267096,6,53.27916863801933,clear,1.084947929602674,0,0,3.86,1.34,3.23
2026-08-16 00:45:00,momyshuly-01,0.7724347450493158,3,79.73367718293096,snow,3.6881968065668556,0,0,10.56,3.86,1.34
2026-08-16 01:00:00,tole-bi-01,0.8197370579611031,6,27.505749791635452,snow,2.356285106609671,1,0,10.28,10.56,3.86
2026-08-16 01:15:00,momyshuly-01,0.813300559711641,6,61.006712250600835,rain,3.403827904573704,1,0,8.27,10.28,10.56
2026-08-16 01:30:00,tole-bi-01,0.8547046868177308,1,65.13558334389963,clear,2.1638021670771463,1,0,2.35,8.27,10.28
2026-08-16 01:45:00,momyshuly-01,0.8992931325327583,3,59.53260828414435,clear,3.8437670488428024,1,0,4.45,2.35,8.27
2026-08-16 02:00:00,abylai-khan-01,0.6900167504683489,1,78.54986024501761,clear,1.1072359762066262,2,0,1.8,4.45,2.35
2026-08-16 02:15:00,tole-bi-01,0.8114897676393743,5,50.70330047254779,clear,2.34115211163331,2,0,7.02,1.8,4.45
2026-08-16 02:30:00,tole-bi-01,0.9303670829264121,7,95.59736509120609,snow,2.280934925181211,2,0,10.93,7.02,1.8
2026-08-16 02:45:00,momyshuly-01,0.7852458855350046,6,58.54427540311531,clear,3.6183723951877673,2,0,5.57,10.93,7.02
2026-08-16 03:00:00,momyshuly-01,0.7113830185494292,5,65.6971127691838,snow,3.587550193189375,3,0,9.83,5.57,10.93
2026-08-16 03:15:00,tole-bi-01,0.8618836301425197,3,86.04246586773995,clear,2.396518729294318,3,0,4.68,9.83,5.57
2026-08-16 03:30:00,momyshuly-01,0.9295069583196491,6,42.0188884744898,rain,3.6938990844352926,3,0,7.64,4.68,9.83
2026-08-16 03:45:00,momyshuly-01,0.6252561171709565,7,26.016162301024195,clear,3.6117924567574278,3,0,8.28,7.64,4.68
2026-08-16 04:00:00,momyshuly-01,0.9107161933628909,5,76.6227182689986,rain,3.509552695639698,4,0,7.13,8.28,7.64
2026-08-16 04:15:00,abylai-khan-01,0.9286591731847085,4,58.64094844387029,clear,1.1431211159051187,4,0,3.2,7.13,8.28
2026-08-16 04:30:00,abylai-khan-01,0.7846091710354427,2,91.72034007671958,clear,1.0424080303195689,4,0,2.84,3.2,7.13
2026-08-16 04:45:00,momyshuly-01,0.993322262727387,6,98.61440389779473,rain,3.5665570698240474,4,0,7.0,2.84,3.2
2026-08-16 05:00:00,momyshuly-01,0.9146833362829236,7,51.92874804597834,clear,3.423357479955608,5,0,6.38,7.0,2.84
2026-08-16 05:15:00,abylai-khan-01,0.9094650259582663,2,53.23512130077287,clear,1.2218847199712406,5,0,1.37,6.38,7.0
2026-08-16 05:30:00,abylai-khan-01,0.8991354297648286,1,52.63700817645812,clear,1.2295998228657836,5,0,0.43,1.37,6.38
2026-08-16 05:45:00,tole-bi-01,0.6602432412873096,5,45.96432877847409,clear,2.400525196165193,5,0,5.59,0.43,1.37
2026-08-16 06:00:00,tole-bi-01,0.6868923545812043,1,82.5349678213118,clear,2.177991420675217,6,0,2.29,5.59,0.43
2026-08-16 06:15:00,abylai-khan-01,0.78559605258577,7,80.71966099925821,clear,1.0847804698915458,6,0,6.89,2.29,5.59
2026-08-16 06:30:00,momyshuly-01,0.7056017399837864,6,58.29158964404199,clear,3.7524701368522924,6,0,6.56,6.89,2.29
2026-08-16 06:45:00,momyshuly-01,0.7660963889336162,2,23.5728973103119,clear,3.463126953704817,6,0,4.48,6.56,6.89
2026-08-16 07:00:00,momyshuly-01,0.9553856439691683,2,44.76474412104587,clear,3.805121621901901,7,0,3.8,4.48,6.56
2026-08-16 07:15:00,momyshuly-01,0.9297307567517077,5,43.384243724387005,clear,3.5076102883479328,7,0,3.92,3.8,4.48
2026-08-16 07:30:00,tole-bi-01,0.8520159513919929,6,84.88697969602067,rain,2.208309170391976,7,0,7.69,3.92,3.8
2026-08-16 07:45:00,abylai-khan-01,0.9432481577004415,4,27.006045873293978,rain,1.284280984571374,7,0,5.72,7.69,3.92
2026-08-16 08:00:00,momyshuly-01,0.9135089556068997,4,84.45403032341633,clear,3.654939152869773,8,1,10.15,5.72,7.69
2026-08-16 08:15:00,tole-bi-01,0.7715939727363562,5,73.53469217593144,clear,2.4641536814594502,8,1,10.27,10.15,5.72
2026-08-16 08:30:00,momyshuly-01,0.680426060819978,6,78.59531673043594,clear,3.4108695847769788,8,1,13.23,10.27,10.15
2026-08-16 08:45:00,abylai-khan-01,0.8056804160037356,5,54.57705500680188,rain,1.2533635427805083,8,1,12.23,13.23,10.27
2026-08-16 09:00:00,tole-bi-01,0.89449155301142,6,74.37806368014066,clear,2.2954026445696516,9,1,11.0,12.23,13.23
2026-08-16 09:15:00,abylai-khan-01,0.7745678394918372,7,68.72231557655326,clear,1.092327194556604,9,1,10.48,11.0,12.23
2026-08-16 09:30:00,abylai-khan-01,0.8667087639135589,7,81.51841561829036,clear,1.388147289300108,9,1,11.29,10.48,11.0
2026-08-16 09:45:00,tole-bi-01,0.6377309705164175,1,55.74158675746017,clear,2.3235349798883087,9,1,10.16,11.29,10.48
2026-08-16 10:00:00,tole-bi-01,0.8992018945485614,5,57.826049991704195,clear,2.2937150892627423,10,0,5.36,10.16,11.29
2026-08-16 10:15:00,tole-bi-01,0.9250854479572248,6,71.48609781918562,clear,2.345400622559385,10,0,6.55,5.36,10.16
2026-08-16 10:30:00,tole-bi-01,0.8827351423122165,4,28.646199493311066,clear,2.127164573288723,10,0,3.81,6.55,5.36
2026-08-16 10:45:00,tole-bi-01,0.9869054350105462,6,54.89955586914539,clear,2.175139397457897,10,0,5.99,3.81,6.55
2026-08-16 11:00:00,tole-bi-01,0.9306608229842561,7,97.75606762078445,clear,2.2667378843129047,11,0,7.08,5.99,3.81
2026-08-16 11:15:00,tole-bi-01,0.9612374911506153,6,23.00418560480365,snow,2.3316401680794283,11,0,10.52,7.08,5.99
2026-08-16 11:30:00,momyshuly-01,0.9734284333830592,5,45.280377829311504,clear,3.727463437004491,11,0,5.28,10.52,7.08
2026-08-16 11:45:00,abylai-khan-01,0.9205391967495234,1,45.12878552714966,clear,1.1115078770800946,11,0,0.0,5.28,10.52
2026-08-16 12:00:00,tole-bi-01,0.8697035368025996,1,70.6771295388618,clear,2.1886708680335305,12,0,2.07,0.0,5.28
2026-08-16 12:15:00,momyshuly-01,0.6022874325443157,1,28.464028753931192,clear,3.650142636675351,12,0,4.75,2.07,0.0
2026-08-16 12:30:00,momyshuly-01,0.7863303012892499,1,70.2835224703089,clear,3.5864101989634474,12,0,2.55,4.75,2.07
2026-08-16 12:45:00,momyshuly-01,0.8284649194489444,7,27.603219252129556,clear,3.4078725601943387,12,0,5.95,2.55,4.75
2026-08-16 13:00:00,abylai-khan-01,0.7216121089791998,3,27.59629179346648,rain,1.1081624526617164,13,0,6.12,5.95,2.55
2026-08-16 13:15:00,tole-bi-01,0.7272417787613888,5,78.25466857507858,clear,2.281823201325192,13,0,5.83,6.12,5.95
2026-08-16 13:30:00,momyshuly-01,0.9844637662840661,2,45.930813906623705,clear,3.584579649028859,13,0,1.77,5.83,6.12
2026-08-16 13:45:00,abylai-khan-01,0.9566843460810983,5,98.19383581709982,clear,1.2089858272833232,13,0,3.96,1.77,5.83
2026-08-16 14:00:00,abylai-khan-01,0.9396716022006817,3,22.988234914844394,clear,1.0699680439953323,14,0,2.8,3.96,1.77
2026-08-16 14:15:00,abylai-khan-01,0.7624047206824442,1,55.60853309743953,snow,1.1868985254480995,14,0,8.3,2.8,3.96
2026-08-16 14:30:00,momyshuly-01,0.6054794201635658,3,29.05087501392189,clear,3.6947078376977887,14,0,5.12,8.3,2.8
2026-08-16 14:45:00,tole-bi-01,0.6320888985822856,4,48.11031734064869,clear,2.0112365699282844,14,0,7.25,5.12,8.3
2026-08-16 15:00:00,momyshuly-01,0.7248785472870415,4,99.85779604872404,rain,3.5717610008360765,15,0,8.23,7.25,5.12
2026-08-16 15:15:00,momyshuly-01,0.6062971651982708,7,91.10740093908254,rain,3.433802926228523,15,0,9.53,8.23,7.25
2026-08-16 15:30:00,tole-bi-01,0.6068599127660792,5,23.865952708431752,clear,2.296776831123866,15,0,5.82,9.53,8.23
2026-08-16 15:45:00,tole-bi-01,0.9666413206569644,5,65.06046750605466,clear,2.149521510789458,15,0,3.33,5.82,9.53
2026-08-16 16:00:00,tole-bi-01,0.8824634008476215,2,71.82578438595485,clear,2.3134074534903055,16,0,2.65,3.33,5.82
2026-08-16 16:15:00,abylai-khan-01,0.723582396027261,7,36.76276991601006,clear,1.362663638373346,16,0,6.93,2.65,3.33
2026-08-16 16:30:00,tole-bi-01,0.6530578310403813,2,31.60844587171602,rain,2.20205408777956,16,0,6.55,6.93,2.65
2026-08-16 16:45:00,momyshuly-01,0.8046542871580309,4,92.35049077324187,clear,3.5165559065505594,16,0,4.16,6.55,6.93
2026-08-16 17:00:00,tole-bi-01,0.6021384643417458,1,97.50531531867013,clear,2.25301486505672,17,0,2.09,4.16,6.55
2026-08-16 17:15:00,momyshuly-01,0.9753654975432576,3,99.35142858557134,clear,3.6318682153229465,17,0,4.31,2.09,4.16
2026-08-16 17:30:00,abylai-khan-01,0.7659260477555789,2,83.18094189877075,clear,1.098095372887391,17,0,3.26,4.31,2.09
2026-08-16 17:45:00,momyshuly-01,0.7609339820949331,6,73.08016555242057,clear,3.561978884454475,17,0,6.42,3.26,4.31
2026-08-16 18:00:00,momyshuly-01,0.7562374430327129,2,47.65842017543983,snow,3.533050975463984,18,1,11.58,6.42,3.26
2026-08-16 18:15:00,tole-bi-01,0.6277313321551059,1,33.7118649859802,clear,2.253347250526364,18,1,7.07,11.58,6.42
2026-08-16 18:30:00,tole-bi-01,0.8553288959167307,1,26.318447949298537,clear,2.3330411322362776,18,1,8.24,7.07,11.58
2026-08-16 18:45:00,momyshuly-01,0.8932014478513413,5,75.46379748411937,snow,3.655106382956822,18,1,14.94,8.24,7.07
2026-08-16 19:00:00,tole-bi-01,0.8704501590353161,3,82.77787321434866,clear,2.1523199353184026,19,1,8.13,14.94,8.24
2026-08-16 19:15:00,abylai-khan-01,0.6553741973317577,1,86.1162921963984,rain,1.2326508097662974,19,1,10.54,8.13,14.94
2026-08-16 19:30:00,abylai-khan-01,0.831536067214237,7,93.10120026430388,clear,1.514576158672452,19,1,10.76,10.54,8.13
2026-08-16 19:45:00,tole-bi-01,0.8277937936689015,2,90.39436509106989,clear,2.454422509267869,19,1,9.55,10.76,10.54
2026-08-16 20:00:00,abylai-khan-01,0.9473643151765528,2,99.9793017806474,clear,1.1358142380930154,20,0,1.44,9.55,10.76
2026-08-16 20:15:00,tole-bi-01,0.7516510633502588,4,39.525120877380104,rain,2.313190352873053,20,0,6.44,1.44,9.55
2026-08-16 20:30:00,momyshuly-01,0.7485943774637737,1,81.06460921697685,clear,3.5966421734276315,20,0,4.67,6.44,1.44
2026-08-16 20:45:00,momyshuly-01,0.8474108234872743,6,66.91676098998381,clear,3.645945471896869,20,0,6.62,4.67,6.44
2026-08-16 21:00:00,abylai-khan-01,0.8532290613998053,5,40.89961059628659,rain,1.1577785415084407,21,0,5.78,6.62,4.67
2026-08-16 21:15:00,tole-bi-01,0.7877140909303162,3,98.55242578295542,clear,2.273085016426054,21,0,4.39,5.78,6.62
2026-08-16 21:30:00,tole-bi-01,0.7772237449321684,6,91.83184838194018,clear,2.2269176049019483,21,0,5.74,4.39,5.78
2026-08-16 21:45:00,abylai-khan-01,0.7976590682551531,5,30.281253475529315,clear,1.30954385785164,21,0,3.55,5.74,4.39
2026-08-16 22:00:00,momyshuly-01,0.9444181198013247,2,22.09266738587359,clear,3.6310971213912717,22,0,3.42,3.55,5.74
2026-08-16 22:15:00,abylai-khan-01,0.784466760501564,6,75.06646098661415,clear,1.2318556048465579,22,0,5.25,3.42,3.55
2026-08-16 22:30:00,momyshuly-01,0.975972716787929,5,68.33045030852281,clear,3.7218379145784843,22,0,3.65,5.25,3.42
2026-08-16 22:45:00,tole-bi-01,0.8016015054385304,2,94.86524992889167,snow,2.423317319486503,22,0,7.19,3.65,5.25
2026-08-16 23:00:00,momyshuly-01,0.9796802772723565,2,38.72042297282959,rain,3.7044498032701894,23,0,7.58,7.19,3.65
2026-08-16 23:15:00,abylai-khan-01,0.9331327607476303,2,26.751035831598962,clear,1.3203164082112069,23,0,2.07,7.58,7.19
2026-08-16 23:30:00,tole-bi-01,0.7449725290463316,2,40.737226701758914,rain,2.456266808974776,23,0,7.37,2.07,7.58
2026-08-16 23:45:00,abylai-khan-01,0.9454565685186465,7,21.514211240917078,clear,1.1033380859437931,23,0,5.62,7.37,2.07
2026-08-17 00:00:00,abylai-khan-01,0.644025313680446,2,22.871420095114594,clear,1.1701321936955076,0,0,4.44,5.62,7.37
2026-08-17 00:15:00,momyshuly-01,0.9700188701372058,4,93.18862447366077,clear,3.6708948332790055,0,0,5.19,4.44,5.62
2026-08-17 00:30:00,abylai-khan-01,0.8526574060331567,6,48.16132660015026,clear,1.1114470423354565,0,0,4.08,5.19,4.44
2026-08-17 00:45:00,momyshuly-01,0.6217562994089244,5,52.864720080774454,rain,3.563674559548977,0,0,9.95,4.08,5.19
2026-08-17 01:00:00,tole-bi-01,0.8577026894603246,4,21.46973236304835,clear,2.3194417221144477,1,0,3.38,9.95,4.08
2026-08-17 01:15:00,momyshuly-01,0.9896990616579024,7,41.64174241374773,clear,3.5769864465290446,1,0,7.52,3.38,9.95
2026-08-17 01:30:00,tole-bi-01,0.6279202618458516,4,84.37807869931449,clear,2.3066018749343193,1,0,5.58,7.52,3.38
2026-08-17 01:45:00,momyshuly-01,0.8218750839120346,1,69.23927677333754,clear,3.4854608278115093,1,0,3.11,5.58,7.52
2026-08-17 02:00:00,abylai-khan-01,0.8991177399037489,1,80.30244808691322,clear,1.1962245292316136,2,0,0.93,3.11,5.58
2026-08-17 02:15:00,momyshuly-01,0.9241034346798125,1,55.777099263502805,clear,3.6134024066180848,2,0,3.51,0.93,3.11
2026-08-17 02:30:00,momyshuly-01,0.7655309861283184,3,44.7783377401064,clear,3.76150043675547,2,0,4.75,3.51,0.93
2026-08-17 02:45:00,tole-bi-01,0.6816666236672972,1,58.62480746626963,rain,2.2731370559117496,2,0,3.59,4.75,3.51
2026-08-17 03:00:00,abylai-khan-01,0.6169369115089535,5,45.84568547246009,clear,1.1349736229244491,3,0,3.69,3.59,4.75
2026-08-17 03:15:00,momyshuly-01,0.8318904628388899,4,87.11768773392544,clear,3.6712944059451456,3,0,3.99,3.69,3.59
2026-08-17 03:30:00,abylai-khan-01,0.7811644281070443,5,43.81389724742766,clear,0.8825251061866524,3,0,5.3,3.99,3.69
2026-08-17 03:45:00,momyshuly-01,0.9794977580598844,6,72.78109123624671,rain,3.568265154455538,3,0,9.29,5.3,3.99
2026-08-17 04:00:00,momyshuly-01,0.6242419630859639,1,30.958577784762227,clear,3.5486286538287444,4,0,4.35,9.29,5.3
2026-08-17 04:15:00,abylai-khan-01,0.8741581373784022,7,74.94931949879279,rain,1.2260921656806705,4,0,8.52,4.35,9.29
2026-08-17 04:30:00,momyshuly-01,0.6099864888480229,3,93.0639769280027,snow,3.724622625434063,4,0,12.04,8.52,4.35
2026-08-17 04:45:00,abylai-khan-01,0.668573670684217,6,68.68665237119266,snow,1.355128119890135,4,0,11.35,12.04,8.52
2026-08-17 05:00:00,momyshuly-01,0.7814315999691337,7,64.78843040275818,rain,3.6246947686252344,5,0,10.7,11.35,12.04
2026-08-17 05:15:00,tole-bi-01,0.7819489771211473,3,96.88946144173121,rain,2.144831628855592,5,0,6.36,10.7,11.35
2026-08-17 05:30:00,abylai-khan-01,0.8742802171734576,6,70.19172442526771,clear,1.1485813393658801,5,0,4.49,6.36,10.7
2026-08-17 05:45:00,momyshuly-01,0.9640852139471027,4,40.76403466184661,rain,3.5595449875057477,5,0,6.82,4.49,6.36
2026-08-17 06:00:00,momyshuly-01,0.8556128635659683,5,43.391281907819234,clear,3.6367215425802133,6,0,7.88,6.82,4.49
2026-08-17 06:15:00,tole-bi-01,0.9814140391406035,2,76.42453140287418,snow,2.305624654016043,6,0,6.28,7.88,6.82
2026-08-17 06:30:00,abylai-khan-01,0.952646255951199,5,78.8349275113749,clear,1.131170187216367,6,0,4.21,6.28,7.88
2026-08-17 06:45:00,momyshuly-01,0.8337999182123161,1,44.279698543121214,clear,3.474835155808353,6,0,1.52,4.21,6.28
2026-08-17 07:00:00,tole-bi-01,0.9335167803675309,7,47.62751823410642,clear,2.213142310035691,7,0,5.42,1.52,4.21
2026-08-17 07:15:00,momyshuly-01,0.8570310441294535,2,99.28452069912696,clear,3.5094653116434467,7,0,4.42,5.42,1.52
2026-08-17 07:30:00,abylai-khan-01,0.6314231323694909,3,28.156203966422197,clear,1.3621576993536062,7,0,2.27,4.42,5.42
2026-08-17 07:45:00,momyshuly-01,0.896225889303804,4,52.37160227520795,clear,3.5230341393693374,7,0,5.79,2.27,4.42
2026-08-17 08:00:00,momyshuly-01,0.6379633765069385,4,24.995802495800596,rain,3.6060136055716256,8,1,15.64,5.79,2.27
2026-08-17 08:15:00,momyshuly-01,0.837633112227885,3,85.68626895985928,clear,3.6968441408347594,8,1,9.91,15.64,5.79
2026-08-17 08:30:00,momyshuly-01,0.8810560823432916,1,27.387667115634578,clear,3.6194898286432653,8,1,9.17,9.91,15.64
2026-08-17 08:45:00,tole-bi-01,0.626611043284342,3,73.9205885170169,rain,2.1913997359054767,8,1,12.34,9.17,9.91
2026-08-17 09:00:00,tole-bi-01,0.6923178615706127,6,24.518673920278566,clear,2.3985085027799284,9,1,12.23,12.34,9.17
2026-08-17 09:15:00,abylai-khan-01,0.9662688929046599,7,73.8284030247753,clear,1.2354187119703373,9,1,10.75,12.23,12.34
2026-08-17 09:30:00,tole-bi-01,0.8465257968931585,7,87.44295575421626,clear,2.0814512264145706,9,1,10.83,10.75,12.23
2026-08-17 09:45:00,tole-bi-01,0.6985144075242127,1,51.905722153924586,rain,2.424572143599428,9,1,9.91,10.83,10.75
2026-08-17 10:00:00,abylai-khan-01,0.8762719084592026,2,61.77011947457415,clear,1.2873379703103351,10,0,3.41,9.91,10.83
2026-08-17 10:15:00,tole-bi-01,0.8387105679846758,3,52.1233390404226,clear,2.3338500486430247,10,0,3.68,3.41,9.91
2026-08-17 10:30:00,tole-bi-01,0.8006302799671794,1,44.039100690611114,clear,2.463476348569554,10,0,2.43,3.68,3.41
2026-08-17 10:45:00,abylai-khan-01,0.9904747899952335,7,84.26107205017026,clear,1.2850467703512558,10,0,5.05,2.43,3.68
2026-08-17 11:00:00,abylai-khan-01,0.8733815109630035,2,41.76020589847917,clear,1.3127941808772876,11,0,2.56,5.05,2.43
2026-08-17 11:15:00,abylai-khan-01,0.7501764438671651,3,77.83547395115576,snow,1.3036401590718532,11,0,7.32,2.56,5.05
2026-08-17 11:30:00,momyshuly-01,0.9200293728307471,4,36.49576634041618,rain,3.6757043990744016,11,0,7.18,7.32,2.56
2026-08-17 11:45:00,momyshuly-01,0.9538333171684751,3,39.98830368626636,clear,3.420911715386285,11,0,4.17,7.18,7.32
2026-08-17 12:00:00,abylai-khan-01,0.6500882238067326,5,46.91689300617698,clear,1.032853274206638,12,0,3.92,4.17,7.18
2026-08-17 12:15:00,abylai-khan-01,0.6802211911381066,3,67.13251019150306,rain,1.2850840482842867,12,0,6.52,3.92,4.17
2026-08-17 12:30:00,abylai-khan-01,0.6864908036511119,5,56.35378553276329,clear,1.323165073907513,12,0,4.31,6.52,3.92
2026-08-17 12:45:00,momyshuly-01,0.8764847237546161,2,79.61158478622563,clear,3.529482660243158,12,0,3.89,4.31,6.52
2026-08-17 13:00:00,momyshuly-01,0.8412158220213133,3,37.08538402689538,clear,3.488623715623399,13,0,6.57,3.89,4.31
2026-08-17 13:15:00,tole-bi-01,0.8475966258794353,2,20.85378302790673,clear,2.3262650136793512,13,0,2.86,6.57,3.89
2026-08-17 13:30:00,tole-bi-01,0.9763093198758004,2,82.1245977428176,snow,2.1547945243077375,13,0,6.22,2.86,6.57
2026-08-17 13:45:00,abylai-khan-01,0.9103646131229224,7,85.7319467104058,clear,1.1831102155876176,13,0,5.75,6.22,2.86
2026-08-17 14:00:00,momyshuly-01,0.6511747698047132,1,24.758413048671166,clear,3.564489352648473,14,0,4.38,5.75,6.22
2026-08-17 14:15:00,momyshuly-01,0.7390028329700724,2,68.87260177267171,clear,3.5775543296998427,14,0,3.28,4.38,5.75
2026-08-17 14:30:00,momyshuly-01,0.7741574584702943,2,50.25654270984624,rain,3.7884431017905302,14,0,4.97,3.28,4.38
2026-08-17 14:45:00,abylai-khan-01,0.758384635499042,7,83.51165241556134,clear,1.1366008541539268,14,0,5.24,4.97,3.28
2026-08-17 15:00:00,tole-bi-01,0.8677234436647516,7,89.95316433571828,clear,2.3053408693945108,15,0,6.33,5.24,4.97
2026-08-17 15:15:00,abylai-khan-01,0.9567572413026251,3,88.08030134377992,clear,1.068784379823076,15,0,1.98,6.33,5.24
2026-08-17 15:30:00,tole-bi-01,0.7224205854091152,7,82.17633978806816,clear,2.3940374036915784,15,0,8.16,1.98,6.33
2026-08-17 15:45:00,tole-bi-01,0.8207508545684743,3,41.524178299373034,clear,2.2820414475893083,15,0,4.29,8.16,1.98
2026-08-17 16:00:00,abylai-khan-01,0.9157637687654343,4,84.95117148546534,clear,1.3178308245277766,16,0,3.57,4.29,8.16
2026-08-17 16:15:00,tole-bi-01,0.7664872235381397,7,62.67827807250342,clear,2.05428928867576,16,0,4.94,3.57,4.29
2026-08-17 16:30:00,tole-bi-01,0.6672472513597183,1,24.220529186567266,clear,2.2941869018698275,16,0,3.7,4.94,3.57
2026-08-17 16:45:00,momyshuly-01,0.7899803861054993,2,56.55510799185991,snow,3.6132127535656577,16,0,10.99,3.7,4.94
2026-08-17 17:00:00,tole-bi-01,0.6220890082972114,1,95.37263336239947,clear,2.391152327790549,17,0,4.2,10.99,3.7
2026-08-17 17:15:00,abylai-khan-01,0.9769533816009107,5,91.02874797884422,clear,1.1358001214768703,17,0,3.13,4.2,10.99
2026-08-17 17:30:00,abylai-khan-01,0.6299284820779892,7,28.181142479769285,clear,1.278682481439116,17,0,6.7,3.13,4.2
2026-08-17 17:45:00,tole-bi-01,0.7753826861002313,2,79.53013485714962,clear,2.24725644854714,17,0,3.72,6.7,3.13
2026-08-17 18:00:00,momyshuly-01,0.8119525044354104,1,84.46342927665879,clear,3.6093757178904187,18,1,9.6,3.72,6.7
2026-08-17 18:15:00,momyshuly-01,0.9941215329149142,7,41.711055058941184,snow,3.6921951557254977,18,1,15.94,9.6,3.72
2026-08-17 18:30:00,tole-bi-01,0.6664087294571442,7,57.728685659287386,rain,2.207023048067344,18,1,14.26,15.94,9.6
2026-08-17 18:45:00,tole-bi-01,0.6457726074449434,4,76.87903531709463,clear,2.374058467073089,18,1,10.28,14.26,15.94
2026-08-17 19:00:00,abylai-khan-01,0.6034824588250174,4,55.123319105691834,clear,1.2334902571986024,19,1,9.69,10.28,14.26
2026-08-17 19:15:00,tole-bi-01,0.6622285747477209,2,29.023753509326156,clear,2.266632586902606,19,1,9.57,9.69,10.28
2026-08-17 19:30:00,momyshuly-01,0.6829091916270671,5,76.47059557453773,clear,3.533179340463069,19,1,11.81,9.57,9.69
2026-08-17 19:45:00,tole-bi-01,0.8522323766332369,4,92.93109517882428,clear,2.08991711321992,19,1,7.82,11.81,9.57
2026-08-17 20:00:00,abylai-khan-01,0.6878827161565602,4,72.1987782724926,clear,1.191973404364105,20,0,3.76,7.82,11.81
2026-08-17 20:15:00,abylai-khan-01,0.60820832589173,5,81.90405988552271,snow,1.1667998327665734,20,0,9.84,3.76,7.82
2026-08-17 20:30:00,abylai-khan-01,0.9306473382009954,1,48.66900285262628,clear,1.2639131758685582,20,0,0.0,9.84,3.76
2026-08-17 20:45:00,abylai-khan-01,0.7462382804015867,4,34.65585961013079,clear,1.2537997966049002,20,0,5.12,0.0,9.84
2026-08-17 21:00:00,abylai-khan-01,0.7414786746322936,3,71.42189292946341,rain,1.3070117304361404,21,0,6.18,5.12,0.0
2026-08-17 21:15:00,tole-bi-01,0.7209916116671706,6,46.22169646729751,clear,2.41067292840194,21,0,5.86,6.18,5.12
2026-08-17 21:30:00,tole-bi-01,0.9901493108585684,6,88.80588151918343,clear,2.615553787738563,21,0,6.22,5.86,6.18
2026-08-17 21:45:00,tole-bi-01,0.6680461669237125,4,29.810243998240527,clear,2.351365996887078,21,0,5.51,6.22,5.86
2026-08-17 22:00:00,tole-bi-01,0.9592952255812941,1,54.677095978649895,clear,2.213952941059145,22,0,0.43,5.51,6.22
2026-08-17 22:15:00,abylai-khan-01,0.9107213328559551,7,51.73820803747087,snow,1.282619298919028,22,0,11.18,0.43,5.51
2026-08-17 22:30:00,momyshuly-01,0.6305919821997252,1,95.04430828431437,snow,3.760590405653828,22,0,10.49,11.18,0.43
2026-08-17 22:45:00,tole-bi-01,0.9946916406003394,2,32.25078404835231,snow,2.347489732438239,22,0,7.19,10.49,11.18
2026-08-17 23:00:00,momyshuly-01,0.7085463854156042,3,20.787746000960876,rain,3.3875708944791034,23,0,7.38,7.19,10.49
2026-08-17 23:15:00,tole-bi-01,0.6394331708089649,1,39.04681702456941,clear,2.355536020400294,23,0,3.34,7.38,7.19
2026-08-17 23:30:00,tole-bi-01,0.9317256936503038,5,85.62214878149236,snow,2.237012815272848,23,0,8.43,3.34,7.38
2026-08-17 23:45:00,momyshuly-01,0.88267021347108,3,36.745745283761366,snow,3.467807411992053,23,0,9.35,8.43,3.34
2026-08-18 00:00:00,abylai-khan-01,0.8468875223511603,6,39.270245096438614,clear,1.2186686773304096,0,0,4.23,9.35,8.43
2026-08-18 00:15:00,tole-bi-01,0.6623923454795733,3,30.391904362944864,clear,2.1474185017384206,0,0,4.4,4.23,9.35
2026-08-18 00:30:00,tole-bi-01,0.7913984465023848,5,77.23489626212324,clear,2.4023147104295655,0,0,5.55,4.4,4.23
2026-08-18 00:45:00,tole-bi-01,0.9122224107548855,4,25.533935240433372,clear,2.3730879167432475,0,0,4.65,5.55,4.4
2026-08-18 01:00:00,momyshuly-01,0.7214495752575361,5,46.49666418628173,clear,3.591333105975089,1,0,6.98,4.65,5.55
2026-08-18 01:15:00,abylai-khan-01,0.7246759314060166,5,42.599898129677165,snow,1.1449921767792406,1,0,9.0,6.98,4.65
2026-08-18 01:30:00,momyshuly-01,0.6012563624192488,4,64.41277838321238,snow,3.5815900712276254,1,0,11.43,9.0,6.98
2026-08-18 01:45:00,momyshuly-01,0.6696973606581518,4,78.43330120157884,clear,3.4989084752397854,1,0,6.84,11.43,9.0
2026-08-18 02:00:00,abylai-khan-01,0.9501622500487337,4,62.63011477573979,clear,1.192295570791923,2,0,2.09,6.84,11.43
2026-08-18 02:15:00,momyshuly-01,0.7766985966550828,4,94.48207943800541,rain,3.3155540922506455,2,0,9.54,2.09,6.84
2026-08-18 02:30:00,abylai-khan-01,0.9936937996937736,4,96.11541111098656,clear,1.208870996342687,2,0,2.08,9.54,2.09
2026-08-18 02:45:00,tole-bi-01,0.758283185429517,5,48.917226279881234,clear,2.3114219941588923,2,0,7.1,2.08,9.54
2026-08-18 03:00:00,abylai-khan-01,0.8860745819120965,2,82.21443010199141,rain,1.284514966809074,3,0,3.73,7.1,2.08
2026-08-18 03:15:00,tole-bi-01,0.7127676171618916,2,79.10411066145517,rain,2.329981157599342,3,0,6.03,3.73,7.1
2026-08-18 03:30:00,momyshuly-01,0.7455238564563734,1,91.43716733638618,snow,3.69773347618715,3,0,8.37,6.03,3.73
2026-08-18 03:45:00,momyshuly-01,0.6762903950363579,2,55.83549121661626,clear,3.6547031109052392,3,0,3.18,8.37,6.03
2026-08-18 04:00:00,tole-bi-01,0.738824947399758,6,62.43785497582338,clear,2.4036524270406123,4,0,7.02,3.18,8.37
2026-08-18 04:15:00,momyshuly-01,0.8188950081682572,2,53.26194508652592,snow,3.8621425063992554,4,0,9.78,7.02,3.18
2026-08-18 04:30:00,abylai-khan-01,0.9967091523916998,5,88.03015354397645,clear,1.242001714194837,4,0,4.38,9.78,7.02
2026-08-18 04:45:00,tole-bi-01,0.8656806852287142,4,38.37618522897075,rain,2.3184024144767363,4,0,6.55,4.38,9.78
2026-08-18 05:00:00,momyshuly-01,0.6796983817633256,4,39.17672625939558,clear,3.7187048921268158,5,0,5.27,6.55,4.38
2026-08-18 05:15:00,tole-bi-01,0.6179845766366204,7,49.80840828616638,clear,2.2531768497229634,5,0,8.57,5.27,6.55
2026-08-18 05:30:00,abylai-khan-01,0.6505425925258043,7,38.427426568188096,clear,1.1880812234034581,5,0,6.9,8.57,5.27
2026-08-18 05:45:00,abylai-khan-01,0.825022080509219,7,64.88054691319365,clear,1.242099461827857,5,0,5.18,6.9,8.57
2026-08-18 06:00:00,momyshuly-01,0.9060641315267065,5,30.759208519640183,snow,3.6072415037728507,6,0,10.8,5.18,6.9
2026-08-18 06:15:00,abylai-khan-01,0.9761676829202988,6,45.61489755232443,clear,1.2067913440800888,6,0,2.86,10.8,5.18
2026-08-18 06:30:00,tole-bi-01,0.6063292687987283,2,93.0755758780472,rain,2.389977920332631,6,0,6.71,2.86,10.8
2026-08-18 06:45:00,abylai-khan-01,0.8091040566247479,5,52.738038415343674,rain,1.0303945160480439,6,0,7.63,6.71,2.86
2026-08-18 07:00:00,tole-bi-01,0.7883469424892707,1,79.85869731948074,clear,2.5033459078472236,7,0,2.48,7.63,6.71
2026-08-18 07:15:00,tole-bi-01,0.8624220087902816,4,29.07697533652592,rain,2.348590001798456,7,0,7.54,2.48,7.63
2026-08-18 07:30:00,abylai-khan-01,0.8238315417861368,7,39.805160651342774,clear,1.1599738670185742,7,0,6.7,7.54,2.48
2026-08-18 07:45:00,momyshuly-01,0.8748156602329922,3,84.58764969602949,rain,3.762805290834879,7,0,7.2,6.7,7.54
2026-08-18 08:00:00,abylai-khan-01,0.8632330338996761,1,81.03943490317553,clear,1.2103534050703733,8,1,8.31,7.2,6.7
2026-08-18 08:15:00,tole-bi-01,0.6468046899431784,7,50.89247348750569,clear,2.3129898537596256,8,1,13.73,8.31,7.2
2026-08-18 08:30:00,tole-bi-01,0.9198871654474878,6,96.35175216267794,clear,2.2785296717313366,8,1,11.05,13.73,8.31
2026-08-18 08:45:00,abylai-khan-01,0.64929303028653,1,92.85144126676363,clear,1.3467693663867553,8,1,7.94,11.05,13.73
2026-08-18 09:00:00,momyshuly-01,0.8794122500836548,5,96.98405992897919,snow,3.599064902083211,9,1,15.45,7.94,11.05
2026-08-18 09:15:00,momyshuly-01,0.7664581470562427,2,54.23317521502283,clear,3.5441584034139204,9,1,8.43,15.45,7.94
2026-08-18 09:30:00,tole-bi-01,0.8055402938306392,4,35.79788669485464,clear,2.3998772968859847,9,1,10.41,8.43,15.45
2026-08-18 09:45:00,tole-bi-01,0.9613192057502842,6,70.13269112730728,clear,2.418295537575536,9,1,10.13,10.41,8.43
2026-08-18 10:00:00,momyshuly-01,0.9559534905893946,6,74.78185266233588,rain,3.7606608313672143,10,0,7.64,10.13,10.41
2026-08-18 10:15:00,abylai-khan-01,0.9271425222620118,3,30.0353427560416,clear,1.2633599042049632,10,0,1.88,7.64,10.13
2026-08-18 10:30:00,tole-bi-01,0.8040593521825293,1,82.91864274367248,clear,2.414626649524315,10,0,1.86,1.88,7.64
2026-08-18 10:45:00,tole-bi-01,0.8944959240535333,3,21.444817580796844,clear,2.2740746807401706,10,0,5.19,1.86,1.88
2026-08-18 11:00:00,momyshuly-01,0.8051588222075238,2,58.61827099814267,clear,3.7025799419948306,11,0,4.85,5.19,1.86
2026-08-18 11:15:00,abylai-khan-01,0.947842432989911,7,46.48130075959159,rain,1.2742522605933866,11,0,7.93,4.85,5.19
2026-08-18 11:30:00,momyshuly-01,0.7611103332931599,2,79.22424479192672,rain,3.653046026894266,11,0,7.08,7.93,4.85
2026-08-18 11:45:00,abylai-khan-01,0.9880941377659507,7,45.020858193745276,rain,1.044287523923297,11,0,8.11,7.08,7.93
2026-08-18 12:00:00,abylai-khan-01,0.972929103291551,3,86.14456902248263,clear,1.1611826026455925,12,0,1.55,8.11,7.08
2026-08-18 12:15:00,abylai-khan-01,0.8966410477807142,4,67.59627910246485,rain,1.1954284993320143,12,0,4.81,1.55,8.11
2026-08-18 12:30:00,tole-bi-01,0.7117663536704288,2,83.51146894096576,clear,2.3531596027235224,12,0,4.66,4.81,1.55
2026-08-18 12:45:00,momyshuly-01,0.6526614355173034,3,99.1472510271699,snow,3.840073710872446,12,0,9.12,4.66,4.81
2026-08-18 13:00:00,momyshuly-01,0.941881380037279,1,74.33266765948454,clear,3.685924391635209,13,0,2.66,9.12,4.66
2026-08-18 13:15:00,abylai-khan-01,0.6661209144551845,3,98.79602530893153,clear,1.1189986639228637,13,0,3.05,2.66,9.12
2026-08-18 13:30:00,tole-bi-01,0.9417043155989343,3,22.306906153736428,clear,2.251975648015088,13,0,3.43,3.05,2.66
2026-08-18 13:45:00,tole-bi-01,0.7963060026849442,5,47.05119907870468,clear,2.4389863702350656,13,0,5.13,3.43,3.05
2026-08-18 14:00:00,momyshuly-01,0.7626227135232417,2,28.628261164984732,clear,3.5475779785882136,14,0,4.63,5.13,3.43
2026-08-18 14:15:00,tole-bi-01,0.9612763115337717,4,40.984394510755166,rain,2.4018704497521344,14,0,4.1,4.63,5.13
2026-08-18 14:30:00,tole-bi-01,0.8415403930161112,4,87.11103193006196,clear,2.3117222090235674,14,0,5.52,4.1,4.63
2026-08-18 14:45:00,abylai-khan-01,0.8306456028518872,5,22.585861226087225,snow,1.1833611060533573,14,0,10.21,5.52,4.1
2026-08-18 15:00:00,tole-bi-01,0.8235063778497591,7,61.6146348585915,clear,2.249093461004208,15,0,7.56,10.21,5.52
2026-08-18 15:15:00,abylai-khan-01,0.7484678064078125,6,65.37029660258983,clear,0.8953575479067528,15,0,6.27,7.56,10.21
2026-08-18 15:30:00,momyshuly-01,0.9142572414116509,7,64.89209173375649,rain,3.6539751124200803,15,0,9.79,6.27,7.56
2026-08-18 15:45:00,tole-bi-01,0.7011193776063092,4,58.02376590586046,clear,2.194787023698993,15,0,4.32,9.79,6.27
2026-08-18 16:00:00,momyshuly-01,0.9755579840165101,3,83.24823718158044,clear,3.4581632400235156,16,0,4.22,4.32,9.79
2026-08-18 16:15:00,momyshuly-01,0.9575940820187843,5,30.683447160444093,rain,3.6247774701885853,16,0,8.16,4.22,4.32
2026-08-18 16:30:00,tole-bi-01,0.7349921302699592,1,44.84616124406298,clear,2.4029542877957772,16,0,3.71,8.16,4.22
2026-08-18 16:45:00,tole-bi-01,0.8917855079326655,2,69.25808427561381,clear,2.1303191911907273,16,0,3.29,3.71,8.16
2026-08-18 17:00:00,momyshuly-01,0.8292892777798366,2,75.27610930143646,rain,3.700339550764703,17,0,6.48,3.29,3.71
2026-08-18 17:15:00,tole-bi-01,0.7350597207996938,2,52.3318745421645,clear,2.209679407687163,17,0,3.85,6.48,3.29
2026-08-18 17:30:00,abylai-khan-01,0.9954086591981787,3,90.02970106617865,rain,1.2648931056032922,17,0,5.4,3.85,6.48
2026-08-18 17:45:00,abylai-khan-01,0.6100949383393056,1,53.23947173567315,clear,1.2578949203901832,17,0,3.8,5.4,3.85
2026-08-18 18:00:00,tole-bi-01,0.7010584122485146,5,52.22209074786665,clear,2.27933565515514,18,1,12.45,3.8,5.4
2026-08-18 18:15:00,momyshuly-01,0.8080296244444601,5,22.896580918990797,clear,3.6029872934561498,18,1,11.62,12.45,3.8
2026-08-18 18:30:00,tole-bi-01,0.8087812013914255,2,64.0913068955787,rain,2.260379967652227,18,1,11.14,11.62,12.45
2026-08-18 18:45:00,tole-bi-01,0.8355732299782257,1,76.6944670809524,clear,2.326353725692749,18,1,7.11,11.14,11.62
2026-08-18 19:00:00,momyshuly-01,0.9006704688091677,1,29.155053081347848,rain,3.6254706093015283,19,1,9.98,7.11,11.14
2026-08-18 19:15:00,momyshuly-01,0.8493911322077186,1,44.43462128702967,clear,3.50761147960193,19,1,7.26,9.98,7.11
2026-08-18 19:30:00,abylai-khan-01,0.8401125842112148,4,82.50055630262818,clear,1.064216807685984,19,1,5.46,7.26,9.98
2026-08-18 19:45:00,momyshuly-01,0.6214057851652173,4,49.27355483308603,rain,3.7008354183190484,19,1,12.88,5.46,7.26
2026-08-18 20:00:00,abylai-khan-01,0.7506121151157193,2,39.32819696320319,clear,1.2204010680654498,20,0,2.58,12.88,5.46
2026-08-18 20:15:00,momyshuly-01,0.6928222958804624,1,73.77605308520899,clear,3.686983628298259,20,0,3.49,2.58,12.88
2026-08-18 20:30:00,tole-bi-01,0.7061480446407902,6,35.74070221373245,clear,2.232959622035603,20,0,6.82,3.49,2.58
2026-08-18 20:45:00,abylai-khan-01,0.8217349897361379,1,91.65223356665415,clear,1.1175561562205225,20,0,0.87,6.82,3.49
2026-08-18 21:00:00,abylai-khan-01,0.6798021259718434,5,28.447871682091275,clear,1.0988163072130142,21,0,4.34,0.87,6.82
2026-08-18 21:15:00,abylai-khan-01,0.717579640406759,5,76.52398418262615,clear,1.1819242422029772,21,0,2.87,4.34,0.87
2026-08-18 21:30:00,tole-bi-01,0.6948338834069361,2,59.96389610291001,clear,2.3232446287587907,21,0,4.14,2.87,4.34
2026-08-18 21:45:00,tole-bi-01,0.9794011772872779,6,89.59436499175949,clear,2.2456175132792566,21,0,4.25,4.14,2.87
2026-08-18 22:00:00,tole-bi-01,0.9778662928684381,1,30.09560728209893,clear,2.4564824582331735,22,0,1.06,4.25,4.14
2026-08-18 22:15:00,tole-bi-01,0.8439766234384207,7,74.23159347968704,clear,2.235785220711931,22,0,7.01,1.06,4.25
2026-08-18 22:30:00,tole-bi-01,0.96980898749276,6,65.76437113451051,snow,2.3248796135479184,22,0,9.35,7.01,1.06
2026-08-18 22:45:00,abylai-khan-01,0.9143250581873492,2,58.407211379203716,rain,1.1116956911003117,22,0,4.83,9.35,7.01
2026-08-18 23:00:00,tole-bi-01,0.8359791531207235,5,59.31258107461347,clear,2.232688000250902,23,0,3.87,4.83,9.35
2026-08-18 23:15:00,abylai-khan-01,0.6025740845987183,7,77.75815694388245,clear,1.1913662409652086,23,0,6.88,3.87,4.83
2026-08-18 23:30:00,tole-bi-01,0.9090065144317616,5,95.01933239478576,snow,2.216736393926338,23,0,9.13,6.88,3.87
2026-08-18 23:45:00,momyshuly-01,0.8809953366353875,4,27.300132729523845,clear,3.6089415448059525,23,0,4.73,9.13,6.88
2026-08-19 00:00:00,abylai-khan-01,0.8461014613129656,2,21.56021180884162,clear,1.2440250913622402,0,0,3.85,4.73,9.13
2026-08-19 00:15:00,momyshuly-01,0.9041697246729887,2,84.45638339849629,clear,3.7093374429030197,0,0,1.92,3.85,4.73
2026-08-19 00:30:00,abylai-khan-01,0.8051688659099063,1,28.653551004060745,rain,1.0920097057108262,0,0,5.65,1.92,3.85
2026-08-19 00:45:00,momyshuly-01,0.8816333085285356,1,98.93574368643391,clear,3.616784230558231,0,0,1.98,5.65,1.92
2026-08-19 01:00:00,tole-bi-01,0.9740688346905974,4,69.54785991670698,rain,2.293805187450838,1,0,7.16,1.98,5.65
2026-08-19 01:15:00,tole-bi-01,0.7503220063384345,7,72.06931162033126,rain,2.1151818740540747,1,0,10.36,7.16,1.98
2026-08-19 01:30:00,tole-bi-01,0.8832487339602502,3,35.91133623504139,clear,2.187121290340542,1,0,3.87,10.36,7.16
2026-08-19 01:45:00,abylai-khan-01,0.7902751272043835,6,39.224984823733955,rain,1.2474947285885354,1,0,6.67,3.87,10.36
2026-08-19 02:00:00,momyshuly-01,0.8697598607255925,3,72.74802424794001,clear,3.4647343186015354,2,0,4.54,6.67,3.87
2026-08-19 02:15:00,tole-bi-01,0.9051573342217456,3,92.77814703473575,clear,2.292657951931189,2,0,5.96,4.54,6.67
2026-08-19 02:30:00,momyshuly-01,0.6181810001743183,2,98.59124436140533,clear,3.3877557503174707,2,0,4.66,5.96,4.54
2026-08-19 02:45:00,momyshuly-01,0.8586401775794648,6,35.84247573048749,clear,3.589704763207269,2,0,6.39,4.66,5.96
2026-08-19 03:00:00,tole-bi-01,0.6906964737627779,2,30.72956981678321,clear,2.09464910887806,3,0,3.35,6.39,4.66
2026-08-19 03:15:00,tole-bi-01,0.8680130151230268,6,24.512108620863238,clear,2.2395421457293727,3,0,6.15,3.35,6.39
2026-08-19 03:30:00,momyshuly-01,0.7873320743735254,5,89.46376145290623,clear,3.5562261278217524,3,0,6.0,6.15,3.35
2026-08-19 03:45:00,tole-bi-01,0.9094210967459548,2,43.5771877485175,clear,2.3123025562528152,3,0,2.98,6.0,6.15
2026-08-19 04:00:00,tole-bi-01,0.6493603260822386,2,20.14496270954013,clear,2.2747448880090153,4,0,3.55,2.98,6.0
2026-08-19 04:15:00,tole-bi-01,0.8505289406624781,2,37.905446884514305,rain,2.1764099454041053,4,0,4.34,3.55,2.98
2026-08-19 04:30:00,abylai-khan-01,0.7113882915710209,7,47.235286407953474,clear,1.078278500886452,4,0,8.67,4.34,3.55
2026-08-19 04:45:00,momyshuly-01,0.9411927981322366,4,99.27889355973483,clear,3.438589139773399,4,0,4.53,8.67,4.34
2026-08-19 05:00:00,momyshuly-01,0.9713534022545229,2,61.88332750856653,clear,3.620648550442345,5,0,6.4,4.53,8.67
2026-08-19 05:15:00,abylai-khan-01,0.9985593174716222,1,36.37711580760811,clear,1.2162353198262237,5,0,1.36,6.4,4.53
2026-08-19 05:30:00,momyshuly-01,0.9184029609709133,1,46.78546757707608,clear,3.6669408214783816,5,0,3.37,1.36,6.4
2026-08-19 05:45:00,tole-bi-01,0.9014936281712018,6,46.424615004550276,clear,2.249985834696337,5,0,5.18,3.37,1.36
2026-08-19 06:00:00,momyshuly-01,0.6862003035470204,5,21.57805971705404,clear,3.4265656611275612,6,0,5.88,5.18,3.37
2026-08-19 06:15:00,tole-bi-01,0.7344028235960435,4,30.814644333714405,clear,2.268400070573827,6,0,4.57,5.88,5.18
2026-08-19 06:30:00,abylai-khan-01,0.7862730167049118,7,75.6157167762569,snow,1.201104699243889,6,0,10.25,4.57,5.88
2026-08-19 06:45:00,tole-bi-01,0.9093524191128999,6,29.62007892565877,snow,2.183525100766628,6,0,9.49,10.25,4.57
2026-08-19 07:00:00,momyshuly-01,0.9659863460311875,1,38.458742128489504,clear,3.4930160303884517,7,0,4.23,9.49,10.25
2026-08-19 07:15:00,momyshuly-01,0.6756556400091939,4,48.058983872344704,rain,3.6450923085757583,7,0,9.25,4.23,9.49
2026-08-19 07:30:00,momyshuly-01,0.9689469938680412,4,80.6187955601835,clear,3.6100621546210183,7,0,6.1,9.25,4.23
2026-08-19 07:45:00,abylai-khan-01,0.8782498609416232,5,66.59207718943519,clear,1.3132869423720046,7,0,5.46,6.1,9.25
2026-08-19 08:00:00,abylai-khan-01,0.8443082922740155,4,75.11999879908547,rain,1.3722100808495339,8,1,10.72,5.46,6.1
2026-08-19 08:15:00,momyshuly-01,0.6799365085127758,2,65.36098603361378,clear,3.4497191363965185,8,1,7.87,10.72,5.46
2026-08-19 08:30:00,tole-bi-01,0.6222100131236602,4,74.68739401774953,clear,2.258113234439149,8,1,9.89,7.87,10.72
2026-08-19 08:45:00,abylai-khan-01,0.8273859594031759,5,20.227372293117796,clear,1.2123634467020359,8,1,9.6,9.89,7.87
2026-08-19 09:00:00,momyshuly-01,0.8606062733315569,6,94.47185154971436,clear,3.636357339922926,9,1,12.65,9.6,9.89
2026-08-19 09:15:00,momyshuly-01,0.6843125797418753,5,28.87361846998452,clear,3.701588118421574,9,1,11.59,12.65,9.6
2026-08-19 09:30:00,abylai-khan-01,0.8225824823301826,7,52.49992767815239,clear,1.272862496436622,9,1,13.93,11.59,12.65
2026-08-19 09:45:00,abylai-khan-01,0.9425973611050295,5,81.68306961958838,clear,1.3138430116561637,9,1,8.61,13.93,11.59
2026-08-19 10:00:00,abylai-khan-01,0.934026378182008,1,54.81845744075392,clear,1.2061360206350669,10,0,1.81,8.61,13.93
2026-08-19 10:15:00,tole-bi-01,0.9709420722345189,2,95.74740413340126,rain,2.2371496253082492,10,0,4.27,1.81,8.61
2026-08-19 10:30:00,tole-bi-01,0.7463543238227521,1,57.40711587990134,clear,2.494995651938734,10,0,3.24,4.27,1.81
2026-08-19 10:45:00,momyshuly-01,0.7272198290203675,6,89.9951524482137,rain,3.615332517926226,10,0,9.47,3.24,4.27
2026-08-19 11:00:00,abylai-khan-01,0.8997704023923234,3,84.86624906898167,clear,1.1758152509996531,11,0,2.51,9.47,3.24
2026-08-19 11:15:00,tole-bi-01,0.772444962038802,6,98.47890422389466,rain,2.1927780684824962,11,0,7.92,2.51,9.47
2026-08-19 11:30:00,abylai-khan-01,0.6350194656111122,2,94.12382246007803,rain,1.2159468414437655,11,0,5.92,7.92,2.51
2026-08-19 11:45:00,momyshuly-01,0.7131204522681999,4,91.8499067770303,clear,3.700449002636982,11,0,6.65,5.92,7.92
2026-08-19 12:00:00,tole-bi-01,0.7674329142125956,5,78.52834724155747,clear,2.24995346048806,12,0,4.42,6.65,5.92
2026-08-19 12:15:00,tole-bi-01,0.7170065701905008,3,49.359851781457664,clear,2.2866620451600785,12,0,4.2,4.42,6.65
2026-08-19 12:30:00,tole-bi-01,0.7328822283789287,2,28.490033485192193,snow,2.3249156441543453,12,0,8.99,4.2,4.42
2026-08-19 12:45:00,momyshuly-01,0.7175103624697563,1,75.0916041811512,clear,3.6472174769562407,12,0,4.34,8.99,4.2
2026-08-19 13:00:00,abylai-khan-01,0.6165996668732318,5,98.29232650703719,clear,1.1740164883899635,13,0,7.29,4.34,8.99
2026-08-19 13:15:00,tole-bi-01,0.8548378803297769,6,78.12835498654951,clear,2.260639080148924,13,0,6.29,7.29,4.34
2026-08-19 13:30:00,momyshuly-01,0.8389169681413877,1,94.29834954218684,snow,3.548923798053838,13,0,7.65,6.29,7.29
2026-08-19 13:45:00,abylai-khan-01,0.8613533993914722,2,84.34437703644134,clear,1.0893403609233405,13,0,1.61,7.65,6.29
2026-08-19 14:00:00,momyshuly-01,0.676923958413451,2,33.0491740093343,clear,3.5229821962659504,14,0,3.89,1.61,7.65
2026-08-19 14:15:00,abylai-khan-01,0.7182618166449941,6,39.93630164730298,clear,1.1202933241460546,14,0,5.0,3.89,1.61
2026-08-19 14:30:00,momyshuly-01,0.8478463707779689,3,47.34924814098803,snow,3.4457822915557172,14,0,9.57,5.0,3.89
2026-08-19 14:45:00,abylai-khan-01,0.8398510273839686,6,33.46083554704033,clear,1.2992944669758089,14,0,5.62,9.57,5.0
2026-08-19 15:00:00,tole-bi-01,0.8025321237417071,4,66.53210661384054,clear,2.335956773828815,15,0,5.41,5.62,9.57
2026-08-19 15:15:00,abylai-khan-01,0.740165300004079,1,98.0360419307961,clear,1.2142227116659194,15,0,2.76,5.41,5.62
2026-08-19 15:30:00,momyshuly-01,0.965172401909876,3,80.91670667489268,clear,3.7304547984813903,15,0,5.24,2.76,5.41
2026-08-19 15:45:00,momyshuly-01,0.7359080969195375,5,53.870939925396954,rain,3.6717847382638746,15,0,8.22,5.24,2.76
2026-08-19 16:00:00,abylai-khan-01,0.7822476625749006,7,20.360358478423095,clear,1.121038434341259,16,0,7.69,8.22,5.24
2026-08-19 16:15:00,tole-bi-01,0.8712455323816835,4,45.06208089105429,clear,2.4173391061316702,16,0,3.7,7.69,8.22
2026-08-19 16:30:00,tole-bi-01,0.8172085723467056,3,62.14074301537722,rain,2.3972261517479887,16,0,6.71,3.7,7.69
2026-08-19 16:45:00,abylai-khan-01,0.7387543905457542,7,45.940069908157646,snow,1.088207833642309,16,0,11.03,6.71,3.7
2026-08-19 17:00:00,abylai-khan-01,0.774257916182604,7,28.882793841908764,clear,1.2902781068601152,17,0,6.17,11.03,6.71
2026-08-19 17:15:00,momyshuly-01,0.9177923271414025,1,55.42119654895156,clear,3.553275042790078,17,0,3.37,6.17,11.03
2026-08-19 17:30:00,tole-bi-01,0.711251662194645,2,40.2602253572573,rain,2.3997148238943473,17,0,4.7,3.37,6.17
2026-08-19 17:45:00,abylai-khan-01,0.6569020959107261,5,92.73859011692012,clear,1.1662053232931042,17,0,4.41,4.7,3.37
2026-08-19 18:00:00,tole-bi-01,0.7252652807319109,6,28.14036228008126,snow,2.2466667277284538,18,1,17.03,4.41,4.7
2026-08-19 18:15:00,abylai-khan-01,0.9398136861951605,1,23.93221029797683,snow,1.1569725878310528,18,1,11.16,17.03,4.41
2026-08-19 18:30:00,abylai-khan-01,0.6355958859425387,4,20.425133532388962,clear,1.1027831793850962,18,1,9.34,11.16,17.03
2026-08-19 18:45:00,tole-bi-01,0.9966784293489808,7,46.24557475885262,snow,2.15196437219971,18,1,14.59,9.34,11.16
2026-08-19 19:00:00,abylai-khan-01,0.816401159571065,4,72.8309470560711,clear,0.9501002540152389,19,1,8.45,14.59,9.34
2026-08-19 19:15:00,abylai-khan-01,0.9939382975868376,7,78.43310023054342,clear,1.094532700000074,19,1,10.76,8.45,14.59
2026-08-19 19:30:00,momyshuly-01,0.975598568834391,2,56.26093467053785,clear,3.8630623280220653,19,1,7.76,10.76,8.45
2026-08-19 19:45:00,abylai-khan-01,0.7811254856843667,2,74.74629203642134,rain,1.247826088872753,19,1,11.5,7.76,10.76
2026-08-19 20:00:00,abylai-khan-01,0.6793964298421397,5,48.793122897229075,clear,1.3864222608792407,20,0,6.35,11.5,7.76
2026-08-19 20:15:00,abylai-khan-01,0.6659539106260554,6,73.42449759892935,clear,1.1681799408913607,20,0,5.55,6.35,11.5
2026-08-19 20:30:00,momyshuly-01,0.695995745547983,5,23.247678824189872,snow,3.5531678482523534,20,0,10.91,5.55,6.35
2026-08-19 20:45:00,tole-bi-01,0.8840530562258149,2,51.26023876536033,clear,2.4716540657520856,20,0,0.14,10.91,5.55
2026-08-19 21:00:00,momyshuly-01,0.7091799978925951,2,83.26797421065433,clear,3.6375762428350833,21,0,3.31,0.14,10.91
2026-08-19 21:15:00,momyshuly-01,0.7365701078417193,4,84.2404824367201,rain,3.5044724501307187,21,0,6.95,3.31,0.14
2026-08-19 21:30:00,tole-bi-01,0.7795115215978459,2,77.29190231005558,rain,2.3632917484498703,21,0,4.38,6.95,3.31
2026-08-19 21:45:00,momyshuly-01,0.9652930721685825,3,36.339089645589155,snow,3.725088461861315,21,0,8.96,4.38,6.95
2026-08-19 22:00:00,tole-bi-01,0.6757573671539384,7,39.77640951445066,snow,2.15721275668414,22,0,12.47,8.96,4.38
2026-08-19 22:15:00,momyshuly-01,0.6020106210439212,1,99.68709818116098,clear,3.6464658331810686,22,0,5.99,12.47,8.96
2026-08-19 22:30:00,tole-bi-01,0.624038564151268,2,28.27024057615679,clear,2.1638275223424364,22,0,3.96,5.99,12.47
2026-08-19 22:45:00,abylai-khan-01,0.9619065366720472,5,34.453015912192754,clear,1.319675532430895,22,0,1.93,3.96,5.99
2026-08-19 23:00:00,momyshuly-01,0.8590065859373452,6,30.402100452010608,clear,3.6230698431921535,23,0,5.76,1.93,3.96
2026-08-19 23:15:00,momyshuly-01,0.7092162477311227,7,46.212397094689244,clear,3.6629661158876208,23,0,8.52,5.76,1.93
2026-08-19 23:30:00,momyshuly-01,0.6708770004044764,7,36.81406681871387,rain,3.5782556064620024,23,0,10.45,8.52,5.76
2026-08-19 23:45:00,momyshuly-01,0.7177066946548457,6,59.815036763821766,clear,3.4218397570776675,23,0,7.88,10.45,8.52
2026-08-20 00:00:00,abylai-khan-01,0.645918770900512,6,58.08165655040959,clear,1.1558567839771647,0,0,5.47,7.88,10.45
2026-08-20 00:15:00,momyshuly-01,0.9766131641137764,7,92.12044955610425,clear,3.6929839523972445,0,0,7.87,5.47,7.88
2026-08-20 00:30:00,abylai-khan-01,0.9136824697461068,3,22.779195795582517,clear,1.3993628782518517,0,0,3.07,7.87,5.47
2026-08-20 00:45:00,abylai-khan-01,0.7849564707650163,5,45.59036613342107,clear,1.2282290089888677,0,0,4.98,3.07,7.87
2026-08-20 01:00:00,abylai-khan-01,0.9459850420460808,3,67.73263135976721,clear,1.1313647422187814,1,0,2.67,4.98,3.07
2026-08-20 01:15:00,abylai-khan-01,0.6997832817172929,2,68.38414094751711,clear,1.2535702778267432,1,0,2.24,2.67,4.98
2026-08-20 01:30:00,tole-bi-01,0.8868482273888774,1,58.410098321136736,clear,2.3839894734285836,1,0,2.08,2.24,2.67
2026-08-20 01:45:00,tole-bi-01,0.9424529996054973,6,85.2532432651707,rain,2.3132753738075067,1,0,8.14,2.08,2.24
2026-08-20 02:00:00,momyshuly-01,0.742707484649309,5,25.017773713156704,rain,3.607121420733212,2,0,7.42,8.14,2.08
2026-08-20 02:15:00,tole-bi-01,0.902985778180287,6,85.23902124641087,clear,2.321360825832032,2,0,5.61,7.42,8.14
2026-08-20 02:30:00,tole-bi-01,0.7180289397057238,3,59.58033923485629,rain,2.3043550377431994,2,0,7.97,5.61,7.42
2026-08-20 02:45:00,momyshuly-01,0.7195428541036123,4,30.700855606160175,clear,3.629778096317065,2,0,6.17,7.97,5.61
2026-08-20 03:00:00,momyshuly-01,0.6428228714216744,2,90.85615308323821,clear,3.782756325207391,3,0,6.14,6.17,7.97
2026-08-20 03:15:00,momyshuly-01,0.7760232186037594,1,71.93830236327707,clear,3.396669693439496,3,0,3.65,6.14,6.17
2026-08-20 03:30:00,tole-bi-01,0.8918847625989689,2,33.083654945931144,clear,2.2761544305581114,3,0,1.85,3.65,6.14
2026-08-20 03:45:00,tole-bi-01,0.9760883222285139,4,22.691977871922127,rain,2.2067645873175676,3,0,7.02,1.85,3.65
2026-08-20 04:00:00,momyshuly-01,0.8415187967716384,1,31.288771866611942,clear,3.718080306056623,4,0,2.0,7.02,1.85
2026-08-20 04:15:00,abylai-khan-01,0.9452542150942956,4,68.70383681443148,snow,1.185911783034562,4,0,8.05,2.0,7.02
2026-08-20 04:30:00,momyshuly-01,0.9289978597160908,2,34.34369882080388,clear,3.655970477553398,4,0,3.14,8.05,2.0
2026-08-20 04:45:00,abylai-khan-01,0.6693372211901123,3,38.06104599000225,clear,1.3427306777825867,4,0,3.22,3.14,8.05
2026-08-20 05:00:00,abylai-khan-01,0.7943269715650526,7,22.011178060505134,snow,1.0918990394387,5,0,13.36,3.22,3.14
2026-08-20 05:15:00,momyshuly-01,0.6467694142101565,2,77.83445377908829,clear,3.5472482362116855,5,0,4.55,13.36,3.22
2026-08-20 05:30:00,momyshuly-01,0.872861264624654,2,84.82915198075497,clear,3.7324082369878595,5,0,5.52,4.55,13.36
2026-08-20 05:45:00,momyshuly-01,0.9799598672984304,2,83.74785414176985,clear,3.4878937218659565,5,0,3.43,5.52,4.55
2026-08-20 06:00:00,tole-bi-01,0.6548357832315026,5,30.20545210914274,clear,2.250621964951763,6,0,5.08,3.43,5.52
2026-08-20 06:15:00,abylai-khan-01,0.8935532523210166,4,92.26409019110075,clear,1.039964450035759,6,0,2.99,5.08,3.43
2026-08-20 06:30:00,tole-bi-01,0.8528952603471444,4,73.7823063579264,clear,2.436336335007356,6,0,4.39,2.99,5.08
2026-08-20 06:45:00,tole-bi-01,0.8334420148032399,6,91.80228979014916,clear,2.2418753436419223,6,0,5.45,4.39,2.99
2026-08-20 07:00:00,momyshuly-01,0.7560480938753357,4,55.77284036245309,clear,3.6351160467047117,7,0,5.3,5.45,4.39
2026-08-20 07:15:00,tole-bi-01,0.7420526591015251,6,54.95638888669582,clear,2.3675980324243957,7,0,6.86,5.3,5.45
2026-08-20 07:30:00,momyshuly-01,0.6180996756075551,5,82.76292149479161,clear,3.5196763129583903,7,0,7.2,6.86,5.3
2026-08-20 07:45:00,abylai-khan-01,0.6871634833008053,3,27.46382843813948,clear,1.0095999918303153,7,0,4.3,7.2,6.86
2026-08-20 08:00:00,momyshuly-01,0.6060707529147308,6,61.66992293079086,clear,3.5780535902655237,8,1,14.15,4.3,7.2
2026-08-20 08:15:00,tole-bi-01,0.8325668422328082,2,86.91073885049805,clear,2.276417223675427,8,1,7.55,14.15,4.3
2026-08-20 08:30:00,tole-bi-01,0.6423412943511635,3,86.4154050455657,clear,2.2939496521402623,8,1,10.7,7.55,14.15
2026-08-20 08:45:00,momyshuly-01,0.9492077576118865,7,96.49062850738952,clear,3.5945017007705635,8,1,13.18,10.7,7.55
2026-08-20 09:00:00,momyshuly-01,0.809257208278866,5,75.86180748244372,clear,3.5501227157666824,9,1,12.28,13.18,10.7
2026-08-20 09:15:00,tole-bi-01,0.8798759636234834,4,36.62165035517827,clear,2.246246269815268,9,1,7.43,12.28,13.18
2026-08-20 09:30:00,abylai-khan-01,0.7643428367361986,6,21.622425191566464,clear,1.2297703528814785,9,1,12.3,7.43,12.28
2026-08-20 09:45:00,abylai-khan-01,0.8242319236004194,2,58.35326389016815,clear,1.1176142609970323,9,1,6.73,12.3,7.43
2026-08-20 10:00:00,momyshuly-01,0.9770636707866522,1,61.09630924980444,clear,3.5904676551909684,10,0,0.62,6.73,12.3
2026-08-20 10:15:00,abylai-khan-01,0.6330936158494683,7,39.221006759914516,clear,1.1437041268590526,10,0,8.51,0.62,6.73
2026-08-20 10:30:00,tole-bi-01,0.7015751087694785,1,29.975795769888258,clear,2.3295605243643247,10,0,3.45,8.51,0.62
2026-08-20 10:45:00,momyshuly-01,0.9119953307642177,3,66.89665329524072,clear,3.7108576280318273,10,0,4.78,3.45,8.51
2026-08-20 11:00:00,tole-bi-01,0.6394948827530663,4,81.14045392193131,clear,2.4149377773119016,11,0,5.04,4.78,3.45
2026-08-20 11:15:00,tole-bi-01,0.6302644415616443,1,99.45232828721285,clear,2.428929087253767,11,0,3.5,5.04,4.78
2026-08-20 11:30:00,abylai-khan-01,0.7446165595016154,3,80.66420937684148,snow,1.166590722465788,11,0,8.31,3.5,5.04
2026-08-20 11:45:00,momyshuly-01,0.6368671833889729,5,83.49059314044648,clear,3.574995300816884,11,0,6.15,8.31,3.5
2026-08-20 12:00:00,momyshuly-01,0.8340313768824812,3,69.3168702583038,rain,3.473104768654182,12,0,6.95,6.15,8.31
2026-08-20 12:15:00,abylai-khan-01,0.69051010032664,7,98.87381271760142,rain,1.165745097216774,12,0,9.11,6.95,6.15
2026-08-20 12:30:00,tole-bi-01,0.958279185279749,3,71.19651080916563,clear,2.2693162176052133,12,0,1.83,9.11,6.95
2026-08-20 12:45:00,tole-bi-01,0.9134000323381026,7,88.82026291197634,clear,2.238285236438055,12,0,6.19,1.83,9.11
2026-08-20 13:00:00,tole-bi-01,0.8798820824397904,3,95.66277169927646,clear,2.2378206856577263,13,0,1.7,6.19,1.83
2026-08-20 13:15:00,tole-bi-01,0.8467776109538008,2,94.38868004004487,clear,2.130230180982116,13,0,4.79,1.7,6.19
2026-08-20 13:30:00,momyshuly-01,0.9453862921365853,3,50.51322750266852,clear,3.4658087404277604,13,0,3.82,4.79,1.7
2026-08-20 13:45:00,momyshuly-01,0.6892248246171028,6,26.292964665140694,rain,3.6044543587578746,13,0,8.69,3.82,4.79
2026-08-20 14:00:00,abylai-khan-01,0.9492435371056911,3,33.74989620313975,rain,1.208207330627973,14,0,5.57,8.69,3.82
2026-08-20 14:15:00,abylai-khan-01,0.9157969193696209,2,24.737864431728596,clear,1.24830558694958,14,0,1.28,5.57,8.69
2026-08-20 14:30:00,momyshuly-01,0.8992643305550743,2,28.431754786331204,clear,3.574110552978235,14,0,3.47,1.28,5.57
2026-08-20 14:45:00,momyshuly-01,0.8245022712299697,5,34.77209967149581,clear,3.6011654237832498,14,0,6.41,3.47,1.28
2026-08-20 15:00:00,tole-bi-01,0.69849766438824,7,47.28754532699214,rain,2.42505095490648,15,0,8.7,6.41,3.47
2026-08-20 15:15:00,tole-bi-01,0.7694191663967586,4,63.48317172600606,rain,2.29470991762035,15,0,9.16,8.7,6.41
2026-08-20 15:30:00,abylai-khan-01,0.9174282618155206,1,76.93456474840687,snow,1.1367930852859227,15,0,8.3,9.16,8.7
2026-08-20 15:45:00,momyshuly-01,0.6127113937429297,1,36.87418688852095,clear,3.480905209594222,15,0,3.51,8.3,9.16
2026-08-20 16:00:00,abylai-khan-01,0.9128203077055033,3,73.80179233905115,clear,1.2797479863618428,16,0,1.64,3.51,8.3
2026-08-20 16:15:00,momyshuly-01,0.6960282961950266,5,76.34072596019357,clear,3.429665759661532,16,0,5.9,1.64,3.51
2026-08-20 16:30:00,tole-bi-01,0.6577236802886411,3,64.68978694929515,clear,2.2161581380311897,16,0,3.99,5.9,1.64
2026-08-20 16:45:00,abylai-khan-01,0.6462805272721208,1,92.28942958389685,snow,1.2418579332936477,16,0,8.65,3.99,5.9
2026-08-20 17:00:00,abylai-khan-01,0.610900004780326,7,28.879585113744852,snow,1.0093446823149197,17,0,11.24,8.65,3.99
2026-08-20 17:15:00,momyshuly-01,0.8094345940885812,7,34.16971660819356,clear,3.538564521211929,17,0,6.22,11.24,8.65
2026-08-20 17:30:00,tole-bi-01,0.6873039490774918,7,54.29318595115879,clear,2.312916750629573,17,0,7.3,6.22,11.24
2026-08-20 17:45:00,abylai-khan-01,0.9957727063118527,2,30.137018818739108,clear,1.1616662345799411,17,0,0.13,7.3,6.22
2026-08-20 18:00:00,tole-bi-01,0.8297747023488823,4,65.30369149792699,rain,2.2017311072471757,18,1,12.96,0.13,7.3
2026-08-20 18:15:00,abylai-khan-01,0.6551541077424041,5,51.872037328753954,clear,1.140655567511942,18,1,10.84,12.96,0.13
2026-08-20 18:30:00,tole-bi-01,0.8755050163245461,2,42.76766356287347,clear,2.3816984326654027,18,1,7.29,10.84,12.96
2026-08-20 18:45:00,momyshuly-01,0.9590974266038901,4,33.59918504141098,clear,3.783137739077924,18,1,9.26,7.29,10.84
2026-08-20 19:00:00,abylai-khan-01,0.8980717981478457,5,46.82705906785682,clear,1.2139488681593598,19,1,9.44,9.26,7.29
2026-08-20 19:15:00,abylai-khan-01,0.630575944415779,5,68.63674806658736,snow,1.0011715020150798,19,1,14.16,9.44,9.26
2026-08-20 19:30:00,tole-bi-01,0.9583536724770638,1,66.06281687115293,clear,2.356810227711059,19,1,6.01,14.16,9.44
2026-08-20 19:45:00,tole-bi-01,0.9175717543439859,2,33.08992001681871,clear,2.2603616485444333,19,1,7.4,6.01,14.16
2026-08-20 20:00:00,abylai-khan-01,0.6633215600422457,5,29.993584859250674,clear,1.0904577147761547,20,0,3.85,7.4,6.01
2026-08-20 20:15:00,momyshuly-01,0.6207143554931267,6,22.134141008709804,clear,3.5199726948574837,20,0,7.06,3.85,7.4
2026-08-20 20:30:00,tole-bi-01,0.8229242301257234,7,20.99404750351458,clear,2.2242210152178115,20,0,5.46,7.06,3.85
2026-08-20 20:45:00,tole-bi-01,0.6624143245359907,5,90.38483485757482,clear,2.1589152397222153,20,0,7.24,5.46,7.06
2026-08-20 21:00:00,tole-bi-01,0.9338363810381088,4,23.607108480431194,clear,2.2936931222893633,21,0,3.57,7.24,5.46
2026-08-20 21:15:00,abylai-khan-01,0.7433338626686695,1,78.4976887898597,rain,1.3828146799309826,21,0,3.74,3.57,7.24
2026-08-20 21:30:00,abylai-khan-01,0.9651569778946302,3,89.75880769959656,clear,1.0900808908997162,21,0,3.09,3.74,3.57
2026-08-20 21:45:00,abylai-khan-01,0.8262752688564023,7,27.844627884996605,clear,1.3797347025157505,21,0,5.38,3.09,3.74
2026-08-20 22:00:00,abylai-khan-01,0.6730689536958673,1,54.90411390664141,clear,1.2208116677476142,22,0,1.3,5.38,3.09
2026-08-20 22:15:00,momyshuly-01,0.65583954694392,3,96.98423865394213,clear,3.590710271154392,22,0,6.19,1.3,5.38
2026-08-20 22:30:00,momyshuly-01,0.8305889750231016,2,86.7310928418868,clear,3.5678040084933857,22,0,3.48,6.19,1.3
2026-08-20 22:45:00,abylai-khan-01,0.9047534447449775,2,59.176322548628406,rain,1.1193855832534612,22,0,5.34,3.48,6.19
2026-08-20 23:00:00,momyshuly-01,0.9126022590968729,5,81.00568902332424,clear,3.6291852601834513,23,0,5.56,5.34,3.48
2026-08-20 23:15:00,tole-bi-01,0.7103029617765125,6,86.6702099545331,clear,2.3521979047195805,23,0,6.54,5.56,5.34
2026-08-20 23:30:00,tole-bi-01,0.681698703564867,2,47.842157055097545,clear,2.057485708569144,23,0,4.13,6.54,5.56
2026-08-20 23:45:00,tole-bi-01,0.6067025217969529,5,91.37223334959687,clear,2.5543038339167645,23,0,5.67,4.13,6.54
2026-08-21 00:00:00,abylai-khan-01,0.8716796604804677,7,57.637865574172544,clear,1.0189013634250546,0,0,4.78,5.67,4.13
2026-08-21 00:15:00,tole-bi-01,0.6306273033734155,1,62.224589084706395,clear,2.247767119729521,0,0,4.41,4.78,5.67
2026-08-21 00:30:00,momyshuly-01,0.7683044807063704,2,99.97661102574648,clear,3.344171214067357,0,0,4.53,4.41,4.78
2026-08-21 00:45:00,abylai-khan-01,0.8406728656073185,1,87.4642372921729,clear,1.1732090751634443,0,0,1.55,4.53,4.41
2026-08-21 01:00:00,momyshuly-01,0.9748435779678708,1,48.941600461838405,clear,3.553853612414249,1,0,3.24,1.55,4.53
2026-08-21 01:15:00,tole-bi-01,0.7247208547823074,6,20.827647717815996,clear,2.248830663220065,1,0,6.83,3.24,1.55
2026-08-21 01:30:00,tole-bi-01,0.6999088649786079,2,70.09392590351158,clear,2.330433367189375,1,0,4.59,6.83,3.24
2026-08-21 01:45:00,tole-bi-01,0.8616640617144393,1,76.31307409024862,clear,2.275618827730627,1,0,1.05,4.59,6.83
2026-08-21 02:00:00,abylai-khan-01,0.8476956128214327,6,72.06421521147037,clear,1.253841879949627,2,0,5.07,1.05,4.59
2026-08-21 02:15:00,momyshuly-01,0.7328439133232498,6,97.42898809305704,snow,3.4762669253785825,2,0,13.12,5.07,1.05
2026-08-21 02:30:00,abylai-khan-01,0.9712407342039147,2,89.03768218657154,clear,1.2077383276834055,2,0,3.43,13.12,5.07
2026-08-21 02:45:00,abylai-khan-01,0.9379449309958531,6,55.906535454451884,clear,1.136831904984435,2,0,4.13,3.43,13.12
2026-08-21 03:00:00,tole-bi-01,0.6895930183460325,2,25.028598997790475,clear,2.262966055346677,3,0,3.81,4.13,3.43
2026-08-21 03:15:00,abylai-khan-01,0.6956570181738093,2,58.08470156015975,snow,1.2270348649180516,3,0,8.03,3.81,4.13
2026-08-21 03:30:00,abylai-khan-01,0.8049201387548323,3,75.13952159696186,snow,1.149569426858911,3,0,6.92,8.03,3.81
2026-08-21 03:45:00,tole-bi-01,0.9094288406922881,1,68.61678465816037,clear,2.2894834265922817,3,0,1.69,6.92,8.03
2026-08-21 04:00:00,abylai-khan-01,0.6176161517553858,4,63.05096541687079,clear,1.0845754589356615,4,0,3.09,1.69,6.92
2026-08-21 04:15:00,tole-bi-01,0.8773340614938827,2,57.5055166412193,snow,2.4095512230345912,4,0,7.73,3.09,1.69
2026-08-21 04:30:00,tole-bi-01,0.8592943589528388,1,43.500949842190906,clear,2.372844403299462,4,0,1.22,7.73,3.09
2026-08-21 04:45:00,tole-bi-01,0.6925920383651953,7,42.18774093797034,clear,2.3099983556814747,4,0,7.34,1.22,7.73
2026-08-21 05:00:00,tole-bi-01,0.8725412052965396,6,60.01851831406415,rain,2.275733998117386,5,0,7.83,7.34,1.22
2026-08-21 05:15:00,abylai-khan-01,0.9760732765008331,5,32.84825171437192,clear,1.1895628395153797,5,0,3.5,7.83,7.34
2026-08-21 05:30:00,tole-bi-01,0.6187143379887073,2,47.25483388598413,clear,2.4074023372514284,5,0,5.61,3.5,7.83
2026-08-21 05:45:00,tole-bi-01,0.727860822116825,6,45.918341976807966,rain,2.3657605568637843,5,0,8.91,5.61,3.5
2026-08-21 06:00:00,abylai-khan-01,0.7752706866665421,6,66.97062412673607,clear,1.3090844329919438,6,0,7.37,8.91,5.61
2026-08-21 06:15:00,abylai-khan-01,0.9597041435698759,6,25.334584029041967,clear,1.1658108927084527,6,0,5.03,7.37,8.91
2026-08-21 06:30:00,momyshuly-01,0.9849045786436627,6,86.37349442120761,clear,3.6483399279457958,6,0,6.77,5.03,7.37
2026-08-21 06:45:00,abylai-khan-01,0.777646098598533,6,64.99027043075216,clear,1.3188673982155346,6,0,4.62,6.77,5.03
2026-08-21 07:00:00,abylai-khan-01,0.9000113648568765,2,73.66613446207482,clear,1.1073854196706436,7,0,1.32,4.62,6.77
2026-08-21 07:15:00,momyshuly-01,0.8126644095057932,7,76.24751230075462,clear,3.501095713919343,7,0,7.36,1.32,4.62
2026-08-21 07:30:00,abylai-khan-01,0.8151131738965506,4,43.31873094740292,clear,1.2275204494730383,7,0,5.08,7.36,1.32
2026-08-21 07:45:00,abylai-khan-01,0.7112398060265426,3,57.62972539078932,rain,1.076505810671965,7,0,5.68,5.08,7.36
2026-08-21 08:00:00,abylai-khan-01,0.6867824983455518,6,96.49967646957337,clear,1.0184175000298976,8,1,9.29,5.68,5.08
2026-08-21 08:15:00,abylai-khan-01,0.7152021383696164,6,81.3364190397452,rain,1.317464573000855,8,1,13.67,9.29,5.68
2026-08-21 08:30:00,momyshuly-01,0.8225312029028318,3,97.56455001785483,rain,3.7348898525665675,8,1,12.2,13.67,9.29
2026-08-21 08:45:00,abylai-khan-01,0.6116620744088356,7,79.70034761170307,clear,1.0819980445786819,8,1,11.25,12.2,13.67
2026-08-21 09:00:00,abylai-khan-01,0.9628995777425623,7,34.04801117668139,clear,1.056801323891973,9,1,9.83,11.25,12.2
2026-08-21 09:15:00,momyshuly-01,0.6625134838199105,2,25.1628707075741,rain,3.5346810298363427,9,1,11.17,9.83,11.25
2026-08-21 09:30:00,tole-bi-01,0.6880354707485546,1,66.21291493757309,clear,2.4252808352119564,9,1,8.98,11.17,9.83
2026-08-21 09:45:00,momyshuly-01,0.8073104705790586,5,48.62506237620877,clear,3.5589261547421858,9,1,11.03,8.98,11.17
2026-08-21 10:00:00,tole-bi-01,0.8840459065349118,5,42.03663281105362,clear,2.309469501771481,10,0,5.15,11.03,8.98
2026-08-21 10:15:00,momyshuly-01,0.6382916218977589,1,84.5768797140334,rain,3.6324921741028033,10,0,5.91,5.15,11.03
2026-08-21 10:30:00,momyshuly-01,0.7270778790188649,2,49.35946136655579,clear,3.617384780235862,10,0,5.63,5.91,5.15
2026-08-21 10:45:00,abylai-khan-01,0.9874698422297429,5,45.36007757874431,clear,1.3494071144003417,10,0,4.09,5.63,5.91
2026-08-21 11:00:00,tole-bi-01,0.7049371867123783,7,87.99900745352083,clear,2.228010897127726,11,0,4.92,4.09,5.63
2026-08-21 11:15:00,abylai-khan-01,0.7252200580252588,3,87.7029869189168,rain,1.1897793229048583,11,0,6.51,4.92,4.09
2026-08-21 11:30:00,tole-bi-01,0.9345993962472134,1,48.50933102040453,clear,2.3232425699597368,11,0,1.62,6.51,4.92
2026-08-21 11:45:00,momyshuly-01,0.620085772676182,7,86.5998960788773,clear,3.595100429883431,11,0,8.1,1.62,6.51
2026-08-21 12:00:00,momyshuly-01,0.7858452675235883,4,88.06227922661284,clear,3.4780898792488957,12,0,6.34,8.1,1.62
2026-08-21 12:15:00,tole-bi-01,0.7518467057806681,2,53.9144428023733,clear,2.1527464483139966,12,0,3.4,6.34,8.1
2026-08-21 12:30:00,abylai-khan-01,0.7266347039634604,1,25.317850416733727,clear,1.050652272249485,12,0,3.77,3.4,6.34
2026-08-21 12:45:00,abylai-khan-01,0.7142798376179058,5,20.126771557307208,clear,1.272625474984246,12,0,5.15,3.77,3.4
2026-08-21 13:00:00,abylai-khan-01,0.6365496419441636,2,61.863397031119604,clear,1.117959700931065,13,0,2.74,5.15,3.77
2026-08-21 13:15:00,abylai-khan-01,0.7259303317406596,3,47.52603946962846,snow,1.2469274903941303,13,0,6.77,2.74,5.15
2026-08-21 13:30:00,momyshuly-01,0.6172209610862675,2,99.77055153266929,clear,3.6086743037818207,13,0,4.07,6.77,2.74
2026-08-21 13:45:00,momyshuly-01,0.9123855454577741,2,81.79287997018274,clear,3.5025142864478354,13,0,3.07,4.07,6.77
2026-08-21 14:00:00,momyshuly-01,0.7592911175832047,3,80.902036508033,rain,3.505010093082043,14,0,8.75,3.07,4.07
2026-08-21 14:15:00,momyshuly-01,0.7775615329279646,6,96.41942146298749,clear,3.61340131604141,14,0,6.41,8.75,3.07
2026-08-21 14:30:00,momyshuly-01,0.9574378345800526,3,91.01795183146567,clear,3.6077684709562297,14,0,5.6,6.41,8.75
2026-08-21 14:45:00,abylai-khan-01,0.8632219935444883,7,45.4549983565111,rain,1.2492032236277073,14,0,7.12,5.6,6.41
2026-08-21 15:00:00,abylai-khan-01,0.6032236413368479,2,33.27897772831011,clear,1.1542495442221408,15,0,2.61,7.12,5.6
2026-08-21 15:15:00,abylai-khan-01,0.9772699291845139,3,79.67138120523857,clear,1.1153292220992304,15,0,3.5,2.61,7.12
2026-08-21 15:30:00,abylai-khan-01,0.6948577863910845,6,50.26191149462984,clear,1.2109870524995283,15,0,5.2,3.5,2.61
2026-08-21 15:45:00,momyshuly-01,0.6430456739039435,7,57.85381213047651,clear,3.7419919124446612,15,0,9.35,5.2,3.5
2026-08-21 16:00:00,momyshuly-01,0.9072512713523528,1,70.43181850198616,clear,3.412332093310038,16,0,1.84,9.35,5.2
2026-08-21 16:15:00,momyshuly-01,0.8001909263466873,3,92.62981415481926,rain,3.5200947328026255,16,0,6.39,1.84,9.35
2026-08-21 16:30:00,tole-bi-01,0.7735082264072071,3,53.527020293677275,clear,2.359044014228342,16,0,4.68,6.39,1.84
2026-08-21 16:45:00,abylai-khan-01,0.6998012318730967,2,82.6653512175489,clear,1.221648563448724,16,0,2.17,4.68,6.39
2026-08-21 17:00:00,abylai-khan-01,0.8189885959449275,7,41.4671833019726,clear,1.2605019293823507,17,0,5.7,2.17,4.68
2026-08-21 17:15:00,momyshuly-01,0.709753842081035,1,75.83774327388909,snow,3.5570344975370216,17,0,9.04,5.7,2.17
2026-08-21 17:30:00,abylai-khan-01,0.9606332021148271,4,20.12635368623295,snow,1.0388083982691299,17,0,7.85,9.04,5.7
2026-08-21 17:45:00,abylai-khan-01,0.6860817918932771,4,89.72057707925077,clear,1.367149271786666,17,0,3.97,7.85,9.04
2026-08-21 18:00:00,momyshuly-01,0.9537420601823015,5,22.430366396357,rain,3.7083835889910897,18,1,11.73,3.97,7.85
2026-08-21 18:15:00,tole-bi-01,0.8237621702909428,3,77.02030038100673,rain,2.2975821842578874,18,1,12.72,11.73,3.97
2026-08-21 18:30:00,tole-bi-01,0.9313952535580964,3,23.70065514090271,clear,2.2158339383029038,18,1,9.87,12.72,11.73
2026-08-21 18:45:00,tole-bi-01,0.8851383983443819,1,41.29965595152028,clear,2.250943242535866,18,1,7.4,9.87,12.72
2026-08-21 19:00:00,momyshuly-01,0.8786780445746993,6,59.77619228452425,clear,3.622908351180976,19,1,11.19,7.4,9.87
2026-08-21 19:15:00,abylai-khan-01,0.7297383230780223,4,53.59509482785906,rain,1.1748367733314042,19,1,11.54,11.19,7.4
2026-08-21 19:30:00,momyshuly-01,0.6935587725888814,5,35.34688916808085,rain,3.5985500835484947,19,1,14.87,11.54,11.19
2026-08-21 19:45:00,momyshuly-01,0.6843544910723153,1,46.70519293673899,clear,3.761013720417587,19,1,9.91,14.87,11.54
2026-08-21 20:00:00,abylai-khan-01,0.9428766628238354,3,78.21650960487736,clear,1.2923675213299521,20,0,2.09,9.91,14.87
2026-08-21 20:15:00,tole-bi-01,0.928170728103608,4,73.54056740637186,clear,2.1829221531333363,20,0,5.01,2.09,9.91
2026-08-21 20:30:00,tole-bi-01,0.776229411204923,7,25.745166701113256,rain,2.3076919002275362,20,0,9.91,5.01,2.09
2026-08-21 20:45:00,momyshuly-01,0.6529618453985818,5,79.78526604583091,rain,3.5479636490162885,20,0,10.25,9.91,5.01
2026-08-21 21:00:00,tole-bi-01,0.7529009007909834,2,24.243670495762267,clear,2.3297943125748217,21,0,1.81,10.25,9.91
2026-08-21 21:15:00,momyshuly-01,0.8477373816547645,4,63.43411112798275,clear,3.5936668593491157,21,0,4.72,1.81,10.25
2026-08-21 21:30:00,momyshuly-01,0.7817612617919811,5,40.80501984337525,clear,3.896769877876674,21,0,6.15,4.72,1.81
2026-08-21 21:45:00,abylai-khan-01,0.912075707393198,1,67.01521020478552,rain,1.2429261657535944,21,0,3.37,6.15,4.72
2026-08-21 22:00:00,abylai-khan-01,0.9990491289005542,2,40.90627167527215,clear,1.18658159938332,22,0,3.53,3.37,6.15
2026-08-21 22:15:00,abylai-khan-01,0.6764528353795587,5,98.79663757006648,clear,1.384300605733349,22,0,4.88,3.53,3.37
2026-08-21 22:30:00,momyshuly-01,0.783860327863829,5,44.778254698202545,rain,3.620554945885258,22,0,9.11,4.88,3.53
2026-08-21 22:45:00,abylai-khan-01,0.7723935607683288,3,39.35685085395968,clear,1.0481275703919657,22,0,3.41,9.11,4.88
2026-08-21 23:00:00,tole-bi-01,0.7217970130995803,6,42.277223273227676,rain,2.2875553020397983,23,0,8.53,3.41,9.11
2026-08-21 23:15:00,tole-bi-01,0.6792382066881159,4,91.71782858074363,clear,2.361370324737205,23,0,4.45,8.53,3.41
2026-08-21 23:30:00,momyshuly-01,0.6262768465958637,3,70.89750629354758,clear,3.6484529482898305,23,0,7.53,4.45,8.53
2026-08-21 23:45:00,momyshuly-01,0.9548477268894794,7,78.45472779366212,snow,3.700517470436832,23,0,11.6,7.53,4.45
2026-08-22 00:00:00,abylai-khan-01,0.7679394790745271,2,93.44084080754803,clear,1.215371646871115,0,0,3.55,11.6,7.53
2026-08-22 00:15:00,momyshuly-01,0.7987582074000196,6,92.9497987876006,clear,3.6083110971564665,0,0,6.76,3.55,11.6
2026-08-22 00:30:00,momyshuly-01,0.9667768192803663,5,79.1156677262982,clear,3.4597524698309807,0,0,4.77,6.76,3.55
2026-08-22 00:45:00,tole-bi-01,0.9105161910063791,3,35.825954307305835,clear,2.4528422257862164,0,0,3.58,4.77,6.76
2026-08-22 01:00:00,tole-bi-01,0.6522005056468737,6,87.46986565400044,clear,2.2694396419801066,1,0,6.93,3.58,4.77
2026-08-22 01:15:00,abylai-khan-01,0.8261679870430969,7,36.3020827352851,rain,1.1020465186377677,1,0,7.87,6.93,3.58
2026-08-22 01:30:00,momyshuly-01,0.7769009106078236,4,79.43190512787456,snow,3.862790788819851,1,0,9.86,7.87,6.93
2026-08-22 01:45:00,momyshuly-01,0.9188844290315051,7,74.84824532358995,rain,3.7680085688242757,1,0,10.0,9.86,7.87
2026-08-22 02:00:00,tole-bi-01,0.8896930190447796,2,80.71110801123572,clear,2.255225107774265,2,0,2.87,10.0,9.86
2026-08-22 02:15:00,momyshuly-01,0.8761622887644287,1,62.61485445710526,rain,3.4119328655744576,2,0,4.65,2.87,10.0
2026-08-22 02:30:00,tole-bi-01,0.7362179341919588,3,71.09809457993757,rain,2.2281528578725465,2,0,5.69,4.65,2.87
2026-08-22 02:45:00,abylai-khan-01,0.9219854921597018,2,96.26560643474042,clear,1.3579135596259904,2,0,2.42,5.69,4.65
2026-08-22 03:00:00,tole-bi-01,0.6209565182379445,1,28.087087533937193,clear,2.3176713303705356,3,0,1.38,2.42,5.69
2026-08-22 03:15:00,momyshuly-01,0.6638499605728668,3,44.707781982529596,clear,3.4650563653364013,3,0,4.93,1.38,2.42
2026-08-22 03:30:00,abylai-khan-01,0.7342493091911647,2,68.90856104787059,rain,1.2783981542227496,3,0,5.5,4.93,1.38
2026-08-22 03:45:00,tole-bi-01,0.6307229764277125,7,97.12433041051915,clear,2.2790141971386952,3,0,9.17,5.5,4.93
2026-08-22 04:00:00,tole-bi-01,0.6939977110138766,2,27.645955813008094,rain,2.2351298032207834,4,0,6.13,9.17,5.5
2026-08-22 04:15:00,abylai-khan-01,0.9320603931991672,6,21.803937722406914,clear,1.1427159520400243,4,0,4.39,6.13,9.17
2026-08-22 04:30:00,abylai-khan-01,0.9793006151160317,7,24.45996787762624,snow,1.330639250813688,4,0,10.58,4.39,6.13
2026-08-22 04:45:00,tole-bi-01,0.7218409423096762,3,24.192454916895905,clear,2.3546636348354077,4,0,3.55,10.58,4.39
2026-08-22 05:00:00,momyshuly-01,0.7058063215955352,2,92.62526862219235,clear,3.4513942313190307,5,0,4.08,3.55,10.58
2026-08-22 05:15:00,tole-bi-01,0.7119570608985708,5,77.70063263470598,clear,2.336718878011695,5,0,5.73,4.08,3.55
2026-08-22 05:30:00,abylai-khan-01,0.7110876349403376,3,74.16850929570226,clear,1.21076150797463,5,0,4.26,5.73,4.08
2026-08-22 05:45:00,tole-bi-01,0.6143720728743892,2,61.80582562094476,rain,2.2579592268409256,5,0,5.82,4.26,5.73
2026-08-22 06:00:00,abylai-khan-01,0.9707665385324432,6,82.55620935777216,snow,1.163231887654072,6,0,9.52,5.82,4.26
2026-08-22 06:15:00,abylai-khan-01,0.6854792566281314,1,32.451839420927264,clear,1.1134947569915914,6,0,0.49,9.52,5.82
2026-08-22 06:30:00,momyshuly-01,0.768001629632562,1,51.35529518307499,clear,3.5337473628442275,6,0,3.88,0.49,9.52
2026-08-22 06:45:00,abylai-khan-01,0.603874753096387,5,59.20034006114748,clear,1.228972344853605,6,0,5.29,3.88,0.49
2026-08-22 07:00:00,abylai-khan-01,0.9431820363660228,3,28.8327598141381,clear,1.1722430092996308,7,0,4.44,5.29,3.88
2026-08-22 07:15:00,momyshuly-01,0.8924629377819668,6,53.56109674700136,clear,3.6545681638190337,7,0,6.73,4.44,5.29
2026-08-22 07:30:00,abylai-khan-01,0.9787024140694813,2,45.32014234100963,rain,1.1215020367556132,7,0,3.3,6.73,4.44
2026-08-22 07:45:00,momyshuly-01,0.9126461916785596,2,22.84657166347701,snow,3.670749461637082,7,0,7.4,3.3,6.73
2026-08-22 08:00:00,momyshuly-01,0.725482604820826,1,30.938832218338817,clear,3.731444457445616,8,1,9.34,7.4,3.3
2026-08-22 08:15:00,abylai-khan-01,0.6991493434913695,6,81.12294585339774,clear,1.1993216360000678,8,1,12.57,9.34,7.4
2026-08-22 08:30:00,abylai-khan-01,0.8790865230213172,7,21.44303276037156,clear,1.2520626610274916,8,1,12.19,12.57,9.34
2026-08-22 08:45:00,tole-bi-01,0.7456451100041998,5,94.7402639277089,clear,2.3559642871901567,8,1,9.35,12.19,12.57
2026-08-22 09:00:00,momyshuly-01,0.8264860063010466,1,26.91397059577899,clear,3.549790197639134,9,1,8.31,9.35,12.19
2026-08-22 09:15:00,tole-bi-01,0.602502988410588,1,83.93904753627666,clear,2.3563364967832046,9,1,9.53,8.31,9.35
2026-08-22 09:30:00,abylai-khan-01,0.6247542806721901,5,91.88932327547766,clear,0.9731565566971343,9,1,8.93,9.53,8.31
2026-08-22 09:45:00,tole-bi-01,0.8141471764726604,3,95.29084678803576,clear,2.0333433457828005,9,1,9.69,8.93,9.53
2026-08-22 10:00:00,momyshuly-01,0.8264286585792661,2,89.3981618796778,clear,3.5670521736012386,10,0,3.12,9.69,8.93
2026-08-22 10:15:00,tole-bi-01,0.9005811777837375,3,43.00400315403546,clear,2.363346580905039,10,0,3.25,3.12,9.69
2026-08-22 10:30:00,momyshuly-01,0.6527861278495847,6,46.64697050707816,clear,3.591494666974845,10,0,7.69,3.25,3.12
2026-08-22 10:45:00,abylai-khan-01,0.8052732335027115,7,54.12365588880608,rain,1.2745873628978934,10,0,9.61,7.69,3.25
2026-08-22 11:00:00,abylai-khan-01,0.6777790577726754,4,31.143735152568066,rain,1.0798264350851363,11,0,8.43,9.61,7.69
2026-08-22 11:15:00,momyshuly-01,0.6372784478250778,4,21.78179640537791,rain,3.6882839399979392,11,0,8.32,8.43,9.61
2026-08-22 11:30:00,abylai-khan-01,0.7641983176242219,4,89.52972914248276,clear,1.3628812614414223,11,0,3.7,8.32,8.43
2026-08-22 11:45:00,abylai-khan-01,0.6653346592356228,5,64.3302972968365,clear,1.1303589485094119,11,0,4.64,3.7,8.32
2026-08-22 12:00:00,abylai-khan-01,0.6887127912769274,1,68.69783537425731,clear,1.277099876150433,12,0,3.15,4.64,3.7
2026-08-22 12:15:00,abylai-khan-01,0.7270218319478007,7,94.15907798542362,clear,1.2022818313830113,12,0,7.35,3.15,4.64
2026-08-22 12:30:00,momyshuly-01,0.7037553602972785,3,73.20961424908926,rain,3.6441840544935835,12,0,8.51,7.35,3.15
2026-08-22 12:45:00,tole-bi-01,0.6350365189623786,2,75.26828034718507,clear,2.462681156670109,12,0,4.29,8.51,7.35
2026-08-22 13:00:00,tole-bi-01,0.6359664979438809,4,82.95749187493938,clear,2.332730327317558,13,0,5.71,4.29,8.51
2026-08-22 13:15:00,abylai-khan-01,0.6772997660936673,3,29.3078759885923,clear,1.2764442120997017,13,0,3.59,5.71,4.29
2026-08-22 13:30:00,tole-bi-01,0.6202236751838156,4,48.812972257103326,clear,2.1736955358820316,13,0,5.18,3.59,5.71
2026-08-22 13:45:00,tole-bi-01,0.8505828078707709,7,97.45663421626931,snow,2.373364078595278,13,0,12.35,5.18,3.59
2026-08-22 14:00:00,abylai-khan-01,0.7149306866035607,4,93.83440624804852,clear,1.3610007150854129,14,0,4.66,12.35,5.18
2026-08-22 14:15:00,abylai-khan-01,0.7118983871076284,2,90.72602370481478,clear,1.107649937708678,14,0,2.39,4.66,12.35
2026-08-22 14:30:00,tole-bi-01,0.7327993176951061,6,56.1670808271178,clear,2.2676976854351825,14,0,7.36,2.39,4.66
2026-08-22 14:45:00,momyshuly-01,0.8651185096838887,6,88.57543628694445,snow,3.6686126634224236,14,0,10.9,7.36,2.39
2026-08-22 15:00:00,abylai-khan-01,0.9482535525933962,7,23.871670555661247,clear,1.244778412779995,15,0,5.53,10.9,7.36
2026-08-22 15:15:00,momyshuly-01,0.9036347730222554,6,31.881393940569396,clear,3.464027224823392,15,0,4.97,5.53,10.9
2026-08-22 15:30:00,tole-bi-01,0.8910116920900379,5,53.11741587872433,clear,2.316491137241184,15,0,3.93,4.97,5.53
2026-08-22 15:45:00,abylai-khan-01,0.7937564742403397,1,58.67136533457011,rain,1.166731819476904,15,0,4.35,3.93,4.97
2026-08-22 16:00:00,momyshuly-01,0.8775222227869647,5,41.08057228166855,clear,3.50313448677029,16,0,4.96,4.35,3.93
2026-08-22 16:15:00,abylai-khan-01,0.8211049472134333,3,48.518133667822994,clear,1.335672486839267,16,0,2.98,4.96,4.35
2026-08-22 16:30:00,tole-bi-01,0.6865002112746116,5,33.0220880820295,rain,2.3005460377573237,16,0,9.5,2.98,4.96
2026-08-22 16:45:00,momyshuly-01,0.6834353470964203,3,59.130722537272575,snow,3.6983048652906105,16,0,10.12,9.5,2.98
2026-08-22 17:00:00,tole-bi-01,0.7185568027501134,3,83.5074634294289,clear,2.1826586973754676,17,0,5.08,10.12,9.5
2026-08-22 17:15:00,tole-bi-01,0.9643210683879253,1,72.90883149290445,rain,2.358894565752109,17,0,3.5,5.08,10.12
2026-08-22 17:30:00,abylai-khan-01,0.8189659361518904,2,28.6233797892433,clear,1.3061689522816586,17,0,3.05,3.5,5.08
2026-08-22 17:45:00,momyshuly-01,0.8935621508007477,7,59.00652827173729,rain,3.575785139964574,17,0,8.52,3.05,3.5
2026-08-22 18:00:00,tole-bi-01,0.738623503926619,1,75.811710622378,clear,2.2502819890821844,18,1,7.48,8.52,3.05
2026-08-22 18:15:00,tole-bi-01,0.7630863082660901,7,62.391623724315295,clear,2.1695728258987184,18,1,12.36,7.48,8.52
2026-08-22 18:30:00,momyshuly-01,0.6502262314549005,6,51.33404772284392,rain,3.513194732089872,18,1,14.89,12.36,7.48
2026-08-22 18:45:00,tole-bi-01,0.6685179831286682,6,69.75315370271025,rain,2.2547366715364507,18,1,14.99,14.89,12.36
2026-08-22 19:00:00,tole-bi-01,0.9309426219304582,5,97.49109322402204,clear,2.202408882984334,19,1,10.3,14.99,14.89
2026-08-22 19:15:00,momyshuly-01,0.8339354526755528,3,27.59263278128624,rain,3.523205333889497,19,1,11.65,10.3,14.99
2026-08-22 19:30:00,momyshuly-01,0.7350129863535275,4,51.20128485980486,clear,3.615809691640471,19,1,11.96,11.65,10.3
2026-08-22 19:45:00,momyshuly-01,0.9211404835982184,4,52.528468243687655,rain,3.6277788198392713,19,1,12.77,11.96,11.65
2026-08-22 20:00:00,momyshuly-01,0.6986079622551932,7,66.15738483746968,clear,3.709084502053177,20,0,7.74,12.77,11.96
2026-08-22 20:15:00,abylai-khan-01,0.9904130794400815,3,32.173968150553435,clear,1.1238226646121547,20,0,2.46,7.74,12.77
2026-08-22 20:30:00,momyshuly-01,0.7379270430984679,7,34.13144238963756,clear,3.602318521113452,20,0,7.83,2.46,7.74
2026-08-22 20:45:00,abylai-khan-01,0.734924381660491,1,42.82891087982837,clear,1.1582303227460098,20,0,2.29,7.83,2.46
2026-08-22 21:00:00,abylai-khan-01,0.7247647622146821,2,96.46960346148157,clear,1.1511634750362887,21,0,2.69,2.29,7.83
2026-08-22 21:15:00,abylai-khan-01,0.6488446063697152,1,78.7286864984722,clear,1.1683860770360344,21,0,2.85,2.69,2.29
2026-08-22 21:30:00,tole-bi-01,0.644454858932805,3,72.93546413532026,clear,2.2803824535253536,21,0,5.36,2.85,2.69
2026-08-22 21:45:00,abylai-khan-01,0.8592420138136494,3,85.35661499154098,rain,1.2250396266296062,21,0,5.89,5.36,2.85
2026-08-22 22:00:00,abylai-khan-01,0.9500472178232188,2,30.206117513335435,clear,1.1669642033423124,22,0,2.22,5.89,5.36
2026-08-22 22:15:00,tole-bi-01,0.9162082041086694,7,88.74662557790013,clear,2.4227330630051767,22,0,6.13,2.22,5.89
2026-08-22 22:30:00,tole-bi-01,0.6564430376085404,5,67.58661711100032,clear,2.1295599618312098,22,0,4.94,6.13,2.22
2026-08-22 22:45:00,tole-bi-01,0.8182328487168266,5,46.82632059671484,clear,2.405395362548928,22,0,4.13,4.94,6.13
2026-08-22 23:00:00,momyshuly-01,0.6422366183906559,2,85.26842045965523,clear,3.5631496334057964,23,0,3.94,4.13,4.94
2026-08-22 23:15:00,tole-bi-01,0.618117857445231,5,84.20516274788993,clear,2.2811167083397343,23,0,5.67,3.94,4.13
2026-08-22 23:30:00,tole-bi-01,0.8625543437539069,4,87.65668653733817,clear,2.2990384521636353,23,0,5.97,5.67,3.94
2026-08-22 23:45:00,abylai-khan-01,0.8140609334721401,5,29.241432008558572,clear,1.2705642043255971,23,0,5.85,5.97,5.67
2026-08-23 00:00:00,tole-bi-01,0.6328094740845883,5,97.54889959966208,clear,2.2119708441030723,0,0,5.39,5.85,5.97
2026-08-23 00:15:00,momyshuly-01,0.6139756985623953,5,96.77009230317849,clear,3.5343140772780504,0,0,7.31,5.39,5.85
2026-08-23 00:30:00,tole-bi-01,0.9959025653637339,4,48.59757164013932,rain,2.3500559671897645,0,0,6.16,7.31,5.39
2026-08-23 00:45:00,momyshuly-01,0.6120085328596288,7,25.27152145695357,clear,3.4301821170624742,0,0,8.44,6.16,7.31
2026-08-23 01:00:00,tole-bi-01,0.7778113012200638,5,33.364453557502856,snow,2.2965833369109747,1,0,9.83,8.44,6.16
2026-08-23 01:15:00,tole-bi-01,0.8018476098430782,6,99.42646603557576,clear,2.220227032951001,1,0,8.17,9.83,8.44
2026-08-23 01:30:00,tole-bi-01,0.646912059120178,4,65.04103545373304,rain,2.199177082554512,1,0,9.57,8.17,9.83
2026-08-23 01:45:00,tole-bi-01,0.6676247113758865,2,48.529743906084164,clear,2.1361536151735168,1,0,3.38,9.57,8.17
2026-08-23 02:00:00,momyshuly-01,0.740722002564141,1,43.056215508003106,clear,3.6772302055069037,2,0,2.98,3.38,9.57
2026-08-23 02:15:00,momyshuly-01,0.9046703504854651,2,40.5593388248758,snow,3.615882589920965,2,0,9.42,2.98,3.38
2026-08-23 02:30:00,abylai-khan-01,0.8028329696241067,1,73.13222120435856,clear,1.1327718797251702,2,0,0.56,9.42,2.98
2026-08-23 02:45:00,momyshuly-01,0.8551607498211846,2,53.551026521574876,clear,3.5835442090329432,2,0,4.55,0.56,9.42
2026-08-23 03:00:00,tole-bi-01,0.9940698220362699,6,97.23285594948892,clear,2.190711768574572,3,0,5.17,4.55,0.56
2026-08-23 03:15:00,abylai-khan-01,0.9072021741252838,1,74.7074424516289,snow,1.14638141565595,3,0,4.87,5.17,4.55
2026-08-23 03:30:00,abylai-khan-01,0.7737445992564871,1,83.3635672839169,clear,1.1801653664081941,3,0,1.77,4.87,5.17
2026-08-23 03:45:00,abylai-khan-01,0.7785767687186195,3,43.41932388665279,clear,1.2063950475085812,3,0,2.66,1.77,4.87
2026-08-23 04:00:00,tole-bi-01,0.847508830816402,1,26.334912728690067,rain,2.339206361197494,4,0,4.95,2.66,1.77
2026-08-23 04:15:00,momyshuly-01,0.8661460833675617,1,59.025826990550485,clear,3.419414758600114,4,0,2.91,4.95,2.66
2026-08-23 04:30:00,tole-bi-01,0.8002843703346685,3,45.166523723698184,rain,2.339517595922481,4,0,5.06,2.91,4.95
2026-08-23 04:45:00,abylai-khan-01,0.857944489125992,5,36.166653200633895,clear,1.027450377880662,4,0,3.92,5.06,2.91
2026-08-23 05:00:00,tole-bi-01,0.6094129977656395,5,96.2113704640689,rain,2.343153347859158,5,0,9.24,3.92,5.06
2026-08-23 05:15:00,tole-bi-01,0.7718491455587376,3,55.519057147362425,clear,2.278668904555154,5,0,4.74,9.24,3.92
2026-08-23 05:30:00,momyshuly-01,0.7115752304293907,4,33.976687363902855,clear,3.7091459846412653,5,0,5.46,4.74,9.24
2026-08-23 05:45:00,momyshuly-01,0.6516697780972441,1,35.89205221449113,clear,3.532552691062909,5,0,4.34,5.46,4.74
2026-08-23 06:00:00,abylai-khan-01,0.6398186051235101,1,42.45677939716752,clear,1.2780840010473713,6,0,2.85,4.34,5.46
2026-08-23 06:15:00,tole-bi-01,0.841276866245867,3,99.94530145517702,clear,2.1832606775041175,6,0,3.57,2.85,4.34
2026-08-23 06:30:00,tole-bi-01,0.8094402188610447,3,41.440920041567786,clear,2.310588786759307,6,0,4.31,3.57,2.85
2026-08-23 06:45:00,momyshuly-01,0.7014336467985477,4,46.30414436627629,clear,3.3961999030447614,6,0,4.76,4.31,3.57
2026-08-23 07:00:00,tole-bi-01,0.7883800235090058,6,72.74625023872011,clear,2.388306296120378,7,0,6.09,4.76,4.31
2026-08-23 07:15:00,tole-bi-01,0.7968929260729634,5,43.516910112823865,clear,2.4726873403339544,7,0,3.79,6.09,4.76
2026-08-23 07:30:00,tole-bi-01,0.6780035921754464,2,37.26434008477547,clear,2.230177777752625,7,0,3.63,3.79,6.09
2026-08-23 07:45:00,momyshuly-01,0.8608372247526602,6,32.690974931967894,clear,3.6122630566981315,7,0,7.92,3.63,3.79
2026-08-23 08:00:00,abylai-khan-01,0.9123677425544362,7,45.01461320222337,clear,1.24438379247952,8,1,10.22,7.92,3.63
2026-08-23 08:15:00,abylai-khan-01,0.9165854163558076,5,28.473255170301883,clear,1.0449745002847388,8,1,10.33,10.22,7.92
2026-08-23 08:30:00,tole-bi-01,0.840987932281382,1,21.49172691318263,clear,2.2250893303209756,8,1,6.95,10.33,10.22
2026-08-23 08:45:00,abylai-khan-01,0.8046554330076057,7,84.37133578677418,snow,1.1188990181362513,8,1,14.87,6.95,10.33
2026-08-23 09:00:00,momyshuly-01,0.6244028572021579,6,31.031595393166125,clear,3.84070636504353,9,1,13.36,14.87,6.95
2026-08-23 09:15:00,momyshuly-01,0.7151325195406424,3,82.07814798521937,clear,3.704580236436036,9,1,10.57,13.36,14.87
2026-08-23 09:30:00,abylai-khan-01,0.6373085787112679,4,83.80339831893278,clear,1.1782917135083897,9,1,11.96,10.57,13.36
2026-08-23 09:45:00,abylai-khan-01,0.9855292643513894,5,63.033562106339446,rain,1.2779040744034007,9,1,10.35,11.96,10.57
2026-08-23 10:00:00,tole-bi-01,0.6540320584903042,4,44.774556665036116,clear,2.3211249517708716,10,0,5.61,10.35,11.96
2026-08-23 10:15:00,abylai-khan-01,0.6607101639404408,7,31.602618699991076,rain,1.2593037273929748,10,0,9.57,5.61,10.35
2026-08-23 10:30:00,tole-bi-01,0.9558306473321969,5,78.94440853767992,clear,2.194648583875267,10,0,5.57,9.57,5.61
2026-08-23 10:45:00,tole-bi-01,0.9775713133905831,6,68.11095887854287,rain,2.437337639187933,10,0,8.29,5.57,9.57
2026-08-23 11:00:00,momyshuly-01,0.9063316156939639,1,72.43627651948513,clear,3.523225960872966,11,0,2.45,8.29,5.57
2026-08-23 11:15:00,momyshuly-01,0.602161969469068,2,20.693527187610485,clear,3.5284027974581567,11,0,3.74,2.45,8.29
2026-08-23 11:30:00,momyshuly-01,0.6005385083826255,4,94.20136125662596,clear,3.659022718177745,11,0,6.64,3.74,2.45
2026-08-23 11:45:00,momyshuly-01,0.7512403079149803,4,25.30321499572402,snow,3.6345760751743468,11,0,10.97,6.64,3.74
2026-08-23 12:00:00,abylai-khan-01,0.657358148004357,2,49.34447081120045,rain,1.2023156736070608,12,0,6.29,10.97,6.64
2026-08-23 12:15:00,momyshuly-01,0.6073544568606389,4,52.216931972136024,clear,3.683960008354004,12,0,5.99,6.29,10.97
2026-08-23 12:30:00,abylai-khan-01,0.7856266757618019,4,20.108441959835908,clear,1.0838944761246412,12,0,4.19,5.99,6.29
2026-08-23 12:45:00,momyshuly-01,0.9772247589627886,5,59.76714474806377,clear,3.7844353546675373,12,0,3.83,4.19,5.99
2026-08-23 13:00:00,abylai-khan-01,0.7295278299609725,5,80.2247195608808,clear,1.149934478195424,13,0,3.88,3.83,4.19
2026-08-23 13:15:00,tole-bi-01,0.8644562713714785,2,85.86149224918177,clear,2.291158886284714,13,0,3.82,3.88,3.83
2026-08-23 13:30:00,abylai-khan-01,0.8608941412529763,7,90.35175946447075,clear,1.3859826761792609,13,0,6.04,3.82,3.88
2026-08-23 13:45:00,abylai-khan-01,0.7004320414660671,1,59.01750946522956,rain,1.12905599598432,13,0,5.2,6.04,3.82
2026-08-23 14:00:00,momyshuly-01,0.8601700995295457,6,70.45089524237204,clear,3.702304250252268,14,0,5.95,5.2,6.04
2026-08-23 14:15:00,abylai-khan-01,0.6849335897147565,6,26.3615770637199,clear,1.1785678071802352,14,0,5.1,5.95,5.2
2026-08-23 14:30:00,tole-bi-01,0.6488029654307556,7,59.043057942539996,clear,2.215816543100593,14,0,6.89,5.1,5.95
2026-08-23 14:45:00,tole-bi-01,0.880553314223876,4,32.38526038973882,snow,2.261626080763453,14,0,9.43,6.89,5.1
2026-08-23 15:00:00,momyshuly-01,0.6453763268415666,1,49.571449409801716,rain,3.65662801967722,15,0,7.18,9.43,6.89
2026-08-23 15:15:00,tole-bi-01,0.9987636874357422,2,46.344425029167944,clear,2.4014266329757734,15,0,2.1,7.18,9.43
2026-08-23 15:30:00,abylai-khan-01,0.6733809604600917,7,53.88324617932065,snow,1.2225605919917835,15,0,9.94,2.1,7.18
2026-08-23 15:45:00,tole-bi-01,0.837656745102583,2,65.7309294379306,rain,2.140205634811481,15,0,5.82,9.94,2.1
2026-08-23 16:00:00,momyshuly-01,0.7645498285650357,5,92.23013176503967,clear,3.6635531649661828,16,0,6.52,5.82,9.94
2026-08-23 16:15:00,abylai-khan-01,0.6505545689622668,4,51.558770507800425,clear,1.185786816538407,16,0,5.06,6.52,5.82
2026-08-23 16:30:00,momyshuly-01,0.6111375630309653,3,98.49049565692405,snow,3.489751723317121,16,0,11.3,5.06,6.52
2026-08-23 16:45:00,abylai-khan-01,0.8490929129171333,2,80.72224384409623,clear,1.2346393620349467,16,0,3.1,11.3,5.06
2026-08-23 17:00:00,tole-bi-01,0.9227030255156504,7,60.91848374307066,clear,2.4133839518647116,17,0,7.56,3.1,11.3
2026-08-23 17:15:00,momyshuly-01,0.9368062646026976,4,71.52211496895552,clear,3.6006718947997194,17,0,4.77,7.56,3.1
2026-08-23 17:30:00,momyshuly-01,0.7930853892307738,1,28.17793369055556,clear,3.6923332691789263,17,0,2.91,4.77,7.56
2026-08-23 17:45:00,abylai-khan-01,0.9109821868729542,7,87.56172250509239,snow,1.2462396034440595,17,0,11.59,2.91,4.77
2026-08-23 18:00:00,momyshuly-01,0.8691388533954179,5,66.58859640511727,clear,3.647530429482668,18,1,11.69,11.59,2.91
2026-08-23 18:15:00,abylai-khan-01,0.8897018109996533,6,98.88539841676814,clear,1.1694513048947364,18,1,9.67,11.69,11.59
2026-08-23 18:30:00,abylai-khan-01,0.7970396020887256,1,70.91429950022793,rain,1.281869653882734,18,1,10.49,9.67,11.69
2026-08-23 18:45:00,abylai-khan-01,0.8533646960968508,2,86.728926661306,clear,1.29141788454303,18,1,7.41,10.49,9.67
2026-08-23 19:00:00,abylai-khan-01,0.9222103654304228,2,83.98101942361919,clear,1.2792667840213774,19,1,8.29,7.41,10.49
2026-08-23 19:15:00,tole-bi-01,0.7591536702228092,1,47.63689211746151,snow,2.268621326327625,19,1,14.37,8.29,7.41
2026-08-23 19:30:00,abylai-khan-01,0.9223915603470335,2,40.768850018656934,clear,1.2985079769488608,19,1,9.67,14.37,8.29
2026-08-23 19:45:00,momyshuly-01,0.8368067371156251,7,54.4394866745208,clear,3.6386314504809514,19,1,12.38,9.67,14.37
2026-08-23 20:00:00,tole-bi-01,0.6663604097483145,4,57.37930755270697,clear,2.2027674538572932,20,0,6.54,12.38,9.67
2026-08-23 20:15:00,momyshuly-01,0.6098736628898338,2,39.20677615493151,clear,3.5618507715720056,20,0,5.65,6.54,12.38
2026-08-23 20:30:00,tole-bi-01,0.7451014401596608,5,91.56782986807775,snow,2.2469591025770366,20,0,11.44,5.65,6.54
2026-08-23 20:45:00,abylai-khan-01,0.818678531318536,4,63.40382898405168,clear,1.001210312048847,20,0,4.14,11.44,5.65
2026-08-23 21:00:00,tole-bi-01,0.9359281408813953,7,98.27555137228556,clear,2.4003413050178337,21,0,7.08,4.14,11.44
2026-08-23 21:15:00,tole-bi-01,0.6509942720560985,3,84.80142224370107,clear,2.6101186717683014,21,0,3.36,7.08,4.14
2026-08-23 21:30:00,momyshuly-01,0.9200825390734316,2,64.45638883135568,clear,3.7208347901880936,21,0,3.46,3.36,7.08
2026-08-23 21:45:00,momyshuly-01,0.9452036184268908,2,95.76322225154874,rain,3.6162859324619223,21,0,5.16,3.46,3.36
2026-08-23 22:00:00,abylai-khan-01,0.6602749948003335,5,60.38998520762456,rain,1.1484181269370926,22,0,6.98,5.16,3.46
2026-08-23 22:15:00,tole-bi-01,0.9406377277216876,7,90.96852100149364,snow,2.2074916256770867,22,0,9.56,6.98,5.16
2026-08-23 22:30:00,tole-bi-01,0.9965814271371168,5,48.65158249566444,clear,2.315064537881876,22,0,3.88,9.56,6.98
2026-08-23 22:45:00,tole-bi-01,0.8907355324192949,6,50.29139067232752,rain,2.3968306513259967,22,0,7.96,3.88,9.56
2026-08-23 23:00:00,abylai-khan-01,0.9139078727299952,7,53.45045463767449,clear,1.132541754779175,23,0,5.65,7.96,3.88
2026-08-23 23:15:00,abylai-khan-01,0.9977661070235494,1,63.73005167545969,rain,1.456426017755055,23,0,3.57,5.65,7.96
2026-08-23 23:30:00,abylai-khan-01,0.8421925002103782,1,64.27922161590593,rain,1.0616006867284764,23,0,5.1,3.57,5.65
2026-08-23 23:45:00,abylai-khan-01,0.7231545528064998,1,59.711913734166735,clear,1.22244982048532,23,0,1.28,5.1,3.57
2026-08-24 00:00:00,abylai-khan-01,0.9350123336304222,5,44.4800778866534,clear,1.2070294348538897,0,0,2.07,1.28,5.1
2026-08-24 00:15:00,momyshuly-01,0.8457943110046525,1,94.17651718326648,clear,3.600662642041109,0,0,3.59,2.07,1.28
2026-08-24 00:30:00,tole-bi-01,0.8324781694883826,7,67.08688778794034,clear,2.2431145097762912,0,0,6.45,3.59,2.07
2026-08-24 00:45:00,tole-bi-01,0.7014542222056153,1,52.61913729532759,snow,2.308246639369715,0,0,7.86,6.45,3.59
2026-08-24 01:00:00,tole-bi-01,0.9025337078331547,3,72.09415685948946,clear,2.255022885824746,1,0,2.68,7.86,6.45
2026-08-24 01:15:00,tole-bi-01,0.6326669103440384,1,81.43734062478441,clear,2.428788940221254,1,0,4.22,2.68,7.86
2026-08-24 01:30:00,tole-bi-01,0.9697148283178645,2,96.85824705825945,clear,2.4620774083408943,1,0,2.09,4.22,2.68
2026-08-24 01:45:00,tole-bi-01,0.7303293843081939,6,59.96393298140661,rain,2.2611456750616954,1,0,7.89,2.09,4.22
2026-08-24 02:00:00,tole-bi-01,0.6511098611159961,5,28.967880828060704,clear,2.1355029323425003,2,0,7.53,7.89,2.09
2026-08-24 02:15:00,tole-bi-01,0.7769466132409675,4,55.26126411492331,clear,2.331764712372288,2,0,5.39,7.53,7.89
2026-08-24 02:30:00,momyshuly-01,0.6169879637026132,6,58.317644916277715,clear,3.628159441001372,2,0,7.56,5.39,7.53
2026-08-24 02:45:00,tole-bi-01,0.8738504777059866,3,91.75952625485391,clear,2.3105212308884453,2,0,1.11,7.56,5.39
2026-08-24 03:00:00,momyshuly-01,0.9610822041781425,5,51.584061477036244,clear,3.6532952721017833,3,0,5.13,1.11,7.56
2026-08-24 03:15:00,abylai-khan-01,0.9349052028554035,7,96.26594119097108,rain,1.3381527811243872,3,0,7.97,5.13,1.11
2026-08-24 03:30:00,tole-bi-01,0.6509477893791524,5,58.81055261714678,clear,2.3832972180334053,3,0,7.46,7.97,5.13
2026-08-24 03:45:00,abylai-khan-01,0.6505084548430927,2,97.90244007831431,clear,1.2531435319936983,3,0,1.47,7.46,7.97
2026-08-24 04:00:00,abylai-khan-01,0.9253737929297057,7,20.655865690476976,clear,1.2753915544707428,4,0,7.06,1.47,7.46
2026-08-24 04:15:00,abylai-khan-01,0.9697017098412464,6,91.90522998450773,clear,1.2251475818997781,4,0,5.01,7.06,1.47
2026-08-24 04:30:00,momyshuly-01,0.7842679319333956,6,94.48963615546805,clear,3.505455905664771,4,0,5.57,5.01,7.06
2026-08-24 04:45:00,abylai-khan-01,0.7995884467655063,1,96.88167486121706,clear,1.3450456415125784,4,0,2.83,5.57,5.01
2026-08-24 05:00:00,abylai-khan-01,0.7273048165542904,7,21.046122733969188,clear,1.2102583568843197,5,0,6.11,2.83,5.57
2026-08-24 05:15:00,abylai-khan-01,0.9577060473025656,2,33.73606692402472,clear,1.1054060734779592,5,0,0.09,6.11,2.83
2026-08-24 05:30:00,tole-bi-01,0.8579611621169423,1,72.3011602474589,clear,2.1872021184488264,5,0,1.71,0.09,6.11
2026-08-24 05:45:00,tole-bi-01,0.7153006308669474,1,22.03781533880857,rain,2.208220081349999,5,0,5.56,1.71,0.09
2026-08-24 06:00:00,momyshuly-01,0.7195131484217007,5,25.08871969412006,clear,3.4767294479471467,6,0,6.41,5.56,1.71
2026-08-24 06:15:00,momyshuly-01,0.956480029225441,6,37.686309895475354,rain,3.6668884426670556,6,0,9.24,6.41,5.56
2026-08-24 06:30:00,tole-bi-01,0.6054536095623285,1,60.995181499510736,rain,2.282488837059082,6,0,6.94,9.24,6.41
2026-08-24 06:45:00,momyshuly-01,0.7290906290906554,3,63.6722047413446,clear,3.677600474404271,6,0,3.93,6.94,9.24
2026-08-24 07:00:00,tole-bi-01,0.8217426724865476,3,22.740889823480348,rain,2.4169473619916877,7,0,6.33,3.93,6.94
2026-08-24 07:15:00,abylai-khan-01,0.6592869848397298,6,33.62938006252249,clear,1.2910781916946128,7,0,5.4,6.33,3.93
2026-08-24 07:30:00,abylai-khan-01,0.6368395016798359,3,59.976453866772424,clear,1.2634023406042665,7,0,2.74,5.4,6.33
2026-08-24 07:45:00,momyshuly-01,0.926110532436224,5,67.51524967547242,clear,3.6287529120153224,7,0,5.46,2.74,5.4
2026-08-24 08:00:00,tole-bi-01,0.9577617554594029,2,31.87213571889723,clear,2.280963693668194,8,1,7.89,5.46,2.74
2026-08-24 08:15:00,tole-bi-01,0.9294425683192757,4,51.907312955757654,clear,2.2876353872766084,8,1,9.48,7.89,5.46
2026-08-24 08:30:00,momyshuly-01,0.9595151558949391,1,92.35211492135619,clear,3.6584363489046177,8,1,7.18,9.48,7.89
2026-08-24 08:45:00,tole-bi-01,0.8212447884233486,4,99.91194296369376,clear,2.203868460823238,8,1,8.42,7.18,9.48
2026-08-24 09:00:00,abylai-khan-01,0.9249032483961368,2,98.9771563864913,clear,1.1946115248712614,9,1,6.31,8.42,7.18
2026-08-24 09:15:00,momyshuly-01,0.7536170553564402,2,90.5339608229498,clear,3.525715780847236,9,1,7.25,6.31,8.42
2026-08-24 09:30:00,momyshuly-01,0.8665071445916154,5,51.572807035995666,clear,3.7172982078575463,9,1,9.64,7.25,6.31
2026-08-24 09:45:00,tole-bi-01,0.9955342125556658,3,74.92594336598273,clear,2.371705732691275,9,1,6.94,9.64,7.25
2026-08-24 10:00:00,momyshuly-01,0.690291089535651,3,53.327378222735895,clear,3.813745444557558,10,0,6.13,6.94,9.64
2026-08-24 10:15:00,tole-bi-01,0.7559598985164322,2,71.88216214593623,clear,2.224229874275996,10,0,4.18,6.13,6.94
2026-08-24 10:30:00,tole-bi-01,0.7920189509240343,5,44.75459767755866,clear,2.234952618661803,10,0,7.41,4.18,6.13
2026-08-24 10:45:00,tole-bi-01,0.6552061948080207,5,68.49618028882657,rain,2.305750110024429,10,0,8.68,7.41,4.18
2026-08-24 11:00:00,tole-bi-01,0.6324154441860227,6,61.90067972422799,rain,2.227454150743502,11,0,8.71,8.68,7.41
2026-08-24 11:15:00,tole-bi-01,0.9318891465286497,7,21.958421265055996,clear,2.3537619803519587,11,0,6.13,8.71,8.68
2026-08-24 11:30:00,momyshuly-01,0.9907177491310345,1,83.2562322996891,rain,3.594904687322777,11,0,4.73,6.13,8.71
2026-08-24 11:45:00,abylai-khan-01,0.7618900255318635,7,20.95182657961245,clear,1.1511469298300314,11,0,5.53,4.73,6.13
2026-08-24 12:00:00,abylai-khan-01,0.6350599344778612,3,43.45247538026414,clear,1.308760456461441,12,0,4.35,5.53,4.73
2026-08-24 12:15:00,momyshuly-01,0.6263247042762305,2,20.47392523632019,snow,3.4150411489558614,12,0,9.82,4.35,5.53
2026-08-24 12:30:00,momyshuly-01,0.9565272825441195,6,50.09611306361585,clear,3.6542113176838917,12,0,6.01,9.82,4.35
2026-08-24 12:45:00,abylai-khan-01,0.785525699891072,4,25.052842253131146,snow,1.14488675321303,12,0,8.66,6.01,9.82
2026-08-24 13:00:00,abylai-khan-01,0.7280109266249568,3,93.08087734649929,clear,1.2816756473923678,13,0,4.22,8.66,6.01
2026-08-24 13:15:00,abylai-khan-01,0.7905845084957598,1,53.25434361302949,clear,1.3056255708065296,13,0,1.37,4.22,8.66
2026-08-24 13:30:00,abylai-khan-01,0.7273216378769389,5,56.759661989152804,clear,0.9723649462947437,13,0,4.41,1.37,4.22
2026-08-24 13:45:00,abylai-khan-01,0.795614310123048,2,47.98801888726839,clear,1.1788377621245778,13,0,3.0,4.41,1.37
2026-08-24 14:00:00,tole-bi-01,0.9438225587671747,3,70.20049233614131,clear,2.3058191627986604,14,0,4.25,3.0,4.41
2026-08-24 14:15:00,momyshuly-01,0.8369205484248383,4,82.7526493294563,clear,3.3642164256800227,14,0,5.97,4.25,3.0
2026-08-24 14:30:00,tole-bi-01,0.8778615091240701,1,71.85173944391823,rain,2.3227750827209475,14,0,4.38,5.97,4.25
2026-08-24 14:45:00,abylai-khan-01,0.7458682704937346,1,79.8565694716102,clear,1.1471947092545602,14,0,0.77,4.38,5.97
2026-08-24 15:00:00,abylai-khan-01,0.8954023514042075,6,92.47789308074084,clear,1.0794272683769084,15,0,4.53,0.77,4.38
2026-08-24 15:15:00,abylai-khan-01,0.8666468339517489,3,89.0837225337143,clear,1.1349510915910992,15,0,2.95,4.53,0.77
2026-08-24 15:30:00,tole-bi-01,0.6478247991008226,4,73.92467622029567,rain,2.217668636354684,15,0,6.6,2.95,4.53
2026-08-24 15:45:00,tole-bi-01,0.8290571412462339,1,37.17103703235429,clear,2.2429142685627688,15,0,2.01,6.6,2.95
2026-08-24 16:00:00,abylai-khan-01,0.7026973985239032,2,71.0162280833543,clear,1.2185123390952541,16,0,4.18,2.01,6.6
2026-08-24 16:15:00,tole-bi-01,0.9216382678534372,1,60.48664765924087,snow,2.398124653006443,16,0,7.14,4.18,2.01
2026-08-24 16:30:00,tole-bi-01,0.7703750833867757,4,77.3775384808336,clear,2.2922164050176117,16,0,4.17,7.14,4.18
2026-08-24 16:45:00,abylai-khan-01,0.9978736660785948,5,86.6345318714332,clear,1.3102758070661988,16,0,3.82,4.17,7.14
2026-08-24 17:00:00,tole-bi-01,0.6370001751755855,5,79.4177197749134,rain,2.1954042516109413,17,0,8.53,3.82,4.17
2026-08-24 17:15:00,momyshuly-01,0.9121391450960634,6,87.72489359690282,rain,3.6152889266600643,17,0,8.39,8.53,3.82
2026-08-24 17:30:00,momyshuly-01,0.8694806934168626,3,25.109309867281908,clear,3.8106611548176073,17,0,5.25,8.39,8.53
2026-08-24 17:45:00,momyshuly-01,0.9069995322362822,4,22.529603058997118,clear,3.4409435236825043,17,0,2.95,5.25,8.39
2026-08-24 18:00:00,momyshuly-01,0.7230119181961825,6,40.68004541596751,rain,3.437124227106106,18,1,14.98,2.95,5.25
2026-08-24 18:15:00,abylai-khan-01,0.7968217957529602,7,92.05328672869027,clear,1.3279971703333489,18,1,10.54,14.98,2.95
2026-08-24 18:30:00,abylai-khan-01,0.9186034078894834,1,85.8927400787179,snow,1.222052513193528,18,1,12.35,10.54,14.98
2026-08-24 18:45:00,abylai-khan-01,0.693016532648342,7,74.61818382362493,clear,1.13984999583402,18,1,10.19,12.35,10.54
2026-08-24 19:00:00,momyshuly-01,0.6904132787154609,1,76.06069339517728,clear,3.48703263644945,19,1,9.62,10.19,12.35
2026-08-24 19:15:00,momyshuly-01,0.8204203813179729,5,78.133637540657,clear,3.5964011397142435,19,1,10.18,9.62,10.19
2026-08-24 19:30:00,tole-bi-01,0.8094254318119423,6,95.40821603877976,rain,2.313357909028038,19,1,13.77,10.18,9.62
2026-08-24 19:45:00,tole-bi-01,0.7129049881651731,5,86.5752921846046,rain,2.3138527286104718,19,1,12.72,13.77,10.18
2026-08-24 20:00:00,momyshuly-01,0.7192302602099291,2,69.87123096216379,clear,3.4860552582474456,20,0,5.38,12.72,13.77
2026-08-24 20:15:00,momyshuly-01,0.7111380652826262,7,73.25723482057124,snow,3.5663051077371337,20,0,12.65,5.38,12.72
2026-08-24 20:30:00,momyshuly-01,0.9086048247993951,7,37.09922096488975,clear,3.543191705365479,20,0,6.21,12.65,5.38
2026-08-24 20:45:00,momyshuly-01,0.8607603462249842,5,72.5855060125018,clear,3.664644389139651,20,0,7.22,6.21,12.65
2026-08-24 21:00:00,tole-bi-01,0.9329668733641011,2,53.97432099347668,rain,2.191955057290593,21,0,4.74,7.22,6.21
2026-08-24 21:15:00,momyshuly-01,0.9901892113256088,1,32.2369496484595,rain,3.6076027773180397,21,0,5.43,4.74,7.22
2026-08-24 21:30:00,tole-bi-01,0.7896657185087945,6,84.51222553972595,rain,2.5634226417635904,21,0,9.62,5.43,4.74
2026-08-24 21:45:00,momyshuly-01,0.6266775525621795,2,60.819767984251655,rain,3.485126952134109,21,0,6.29,9.62,5.43
2026-08-24 22:00:00,momyshuly-01,0.6192369241648141,6,98.19400333515372,clear,3.525273702209503,22,0,7.95,6.29,9.62
2026-08-24 22:15:00,momyshuly-01,0.7182660157086477,7,42.534348357961996,clear,3.5906137546901205,22,0,8.38,7.95,6.29
2026-08-24 22:30:00,tole-bi-01,0.9730178357409803,6,58.45360898440614,snow,2.0057745587877176,22,0,8.48,8.38,7.95
2026-08-24 22:45:00,tole-bi-01,0.80928522198835,7,55.83963637350945,clear,2.1573172542880226,22,0,6.88,8.48,8.38
2026-08-24 23:00:00,abylai-khan-01,0.7087146064320516,2,29.662361794606298,clear,1.231069255004326,23,0,2.6,6.88,8.48
2026-08-24 23:15:00,momyshuly-01,0.7596667178044079,7,54.08922230646236,clear,3.5824329879233514,23,0,9.25,2.6,6.88
2026-08-24 23:30:00,abylai-khan-01,0.8394380429618683,3,43.00427651367399,clear,1.3054707157543644,23,0,3.97,9.25,2.6
2026-08-24 23:45:00,abylai-khan-01,0.8611798632551368,7,32.82563770935475,rain,1.1761875161655024,23,0,8.67,3.97,9.25
2026-08-25 00:00:00,tole-bi-01,0.661567803913162,5,42.572446722891144,clear,2.267385583680388,0,0,3.84,8.67,3.97
2026-08-25 00:15:00,tole-bi-01,0.9908126706180704,2,38.66013530131136,rain,2.229712922483838,0,0,5.22,3.84,8.67
2026-08-25 00:30:00,abylai-khan-01,0.8179088907931156,1,78.72588248047023,clear,1.1657154921890989,0,0,0.96,5.22,3.84
2026-08-25 00:45:00,momyshuly-01,0.6542753271169117,6,22.462014260732808,clear,3.4788412181803188,0,0,8.22,0.96,5.22
2026-08-25 01:00:00,tole-bi-01,0.9574541013384534,4,69.3970198330577,clear,2.285253409703521,1,0,3.7,8.22,0.96
2026-08-25 01:15:00,momyshuly-01,0.6298553724317715,2,80.85290736188853,clear,3.502874318611077,1,0,4.15,3.7,8.22
2026-08-25 01:30:00,momyshuly-01,0.9630941732710051,5,58.45787651751785,clear,3.478923457875331,1,0,4.82,4.15,3.7
2026-08-25 01:45:00,abylai-khan-01,0.9986262625155929,7,94.52519840063347,clear,1.1360542562498595,1,0,4.72,4.82,4.15
2026-08-25 02:00:00,abylai-khan-01,0.8801727196626015,6,76.63045561892282,clear,1.2451152819738622,2,0,3.64,4.72,4.82
2026-08-25 02:15:00,abylai-khan-01,0.9081788884295959,3,79.83389210491339,clear,1.2142255507557913,2,0,1.53,3.64,4.72
2026-08-25 02:30:00,abylai-khan-01,0.7349211345869946,1,35.75467899526962,clear,1.2667606526554251,2,0,1.82,1.53,3.64
2026-08-25 02:45:00,tole-bi-01,0.9766307410935735,3,82.18364606712588,clear,2.2076763864330227,2,0,4.58,1.82,1.53
2026-08-25 03:00:00,tole-bi-01,0.8118855864433471,4,86.56757888664919,clear,2.2986803867618244,3,0,5.24,4.58,1.82
2026-08-25 03:15:00,abylai-khan-01,0.8929553786390219,2,48.90131107247917,clear,1.3701792101538561,3,0,3.01,5.24,4.58
2026-08-25 03:30:00,tole-bi-01,0.9696430863645118,6,37.0690454426377,rain,2.439751473190746,3,0,9.0,3.01,5.24
2026-08-25 03:45:00,abylai-khan-01,0.9900719903902033,2,50.80405433628933,clear,1.0725363114144517,3,0,1.87,9.0,3.01
2026-08-25 04:00:00,momyshuly-01,0.9332817426386697,5,79.16863752001098,rain,3.49915960738285,4,0,7.44,1.87,9.0
2026-08-25 04:15:00,momyshuly-01,0.721207002792812,2,53.41112046949622,rain,3.7697470389281116,4,0,6.51,7.44,1.87
2026-08-25 04:30:00,momyshuly-01,0.9866190066208329,1,78.93215001798303,clear,3.6451550426252575,4,0,1.62,6.51,7.44
2026-08-25 04:45:00,abylai-khan-01,0.8512478124974288,4,29.085163278203012,rain,1.180926991359598,4,0,6.99,1.62,6.51
2026-08-25 05:00:00,momyshuly-01,0.972256990540784,3,84.48093683907875,clear,3.5697588330443932,5,0,2.93,6.99,1.62
2026-08-25 05:15:00,tole-bi-01,0.8704420103257406,4,40.25659853138859,rain,2.3227459778605746,5,0,8.87,2.93,6.99
2026-08-25 05:30:00,momyshuly-01,0.7228955847390882,6,39.9143190171675,rain,3.623999350512668,5,0,8.72,8.87,2.93
2026-08-25 05:45:00,momyshuly-01,0.7480098096571264,2,67.23047721630886,clear,3.546683887093481,5,0,5.38,8.72,8.87
2026-08-25 06:00:00,momyshuly-01,0.8201887108411762,6,25.609443659759172,clear,3.5836799492251945,6,0,7.89,5.38,8.72
2026-08-25 06:15:00,tole-bi-01,0.9160059366239528,3,22.103818134773483,clear,2.2431779163286913,6,0,3.95,7.89,5.38
2026-08-25 06:30:00,abylai-khan-01,0.727193020536134,6,40.88229322347594,clear,1.2168740509675284,6,0,7.28,3.95,7.89
2026-08-25 06:45:00,tole-bi-01,0.8318924664536769,5,63.04540405878582,clear,2.2262432429037653,6,0,4.9,7.28,3.95
2026-08-25 07:00:00,abylai-khan-01,0.7382499974305606,4,92.60931089801818,clear,1.0732253426384823,7,0,4.25,4.9,7.28
2026-08-25 07:15:00,abylai-khan-01,0.9263077618540428,3,87.71481410458455,clear,1.347537576371028,7,0,2.96,4.25,4.9
2026-08-25 07:30:00,momyshuly-01,0.7866912375071802,3,59.23571679367804,clear,3.5930424401233636,7,0,5.31,2.96,4.25
2026-08-25 07:45:00,abylai-khan-01,0.6306891307411541,7,22.96415949547942,snow,1.3697054659723986,7,0,10.06,5.31,2.96
2026-08-25 08:00:00,tole-bi-01,0.6664210085926145,3,62.82021877034473,rain,2.1067717278816622,8,1,11.76,10.06,5.31
2026-08-25 08:15:00,tole-bi-01,0.6244418670478529,7,76.38364799402365,clear,2.1550526964196512,8,1,13.24,11.76,10.06
2026-08-25 08:30:00,abylai-khan-01,0.7997211784057301,1,47.1331626020027,clear,1.2466794774256136,8,1,6.48,13.24,11.76
2026-08-25 08:45:00,momyshuly-01,0.6425349189392908,7,28.885064262532374,clear,3.5931267406413143,8,1,15.12,6.48,13.24
2026-08-25 09:00:00,momyshuly-01,0.6456559877238528,4,42.285436256452755,clear,3.4842309936945792,9,1,11.11,15.12,6.48
2026-08-25 09:15:00,tole-bi-01,0.9764193040153508,6,81.72710915742512,rain,2.4136495357290313,9,1,13.27,11.11,15.12
2026-08-25 09:30:00,momyshuly-01,0.9490620288704221,7,48.099506582666265,clear,3.513010667076913,9,1,13.29,13.27,11.11
2026-08-25 09:45:00,abylai-khan-01,0.7808346387245464,3,84.95851925485681,clear,1.319855070311208,9,1,8.51,13.29,13.27
2026-08-25 10:00:00,abylai-khan-01,0.9943221283400823,4,45.561716144598066,rain,1.1929565170422571,10,0,7.08,8.51,13.29
2026-08-25 10:15:00,tole-bi-01,0.6000746112682652,7,33.08440307310545,snow,2.1930069434404107,10,0,13.1,7.08,8.51
2026-08-25 10:30:00,abylai-khan-01,0.8455917825093575,7,54.86786876108866,clear,1.133126148133086,10,0,6.36,13.1,7.08
2026-08-25 10:45:00,tole-bi-01,0.8465712709487481,3,56.18196098313112,clear,2.437215302791075,10,0,2.86,6.36,13.1
2026-08-25 11:00:00,abylai-khan-01,0.7829772223479553,5,21.288657483946956,clear,1.1702252964954942,11,0,5.79,2.86,6.36
2026-08-25 11:15:00,tole-bi-01,0.7587791891737171,5,29.36360581650609,clear,2.3972340871339655,11,0,4.92,5.79,2.86
2026-08-25 11:30:00,momyshuly-01,0.782153254192243,7,34.794081501825396,snow,3.7400440084798325,11,0,12.44,4.92,5.79
2026-08-25 11:45:00,abylai-khan-01,0.7659841744318722,5,29.08698539029399,clear,1.1919576750144012,11,0,6.03,12.44,4.92
2026-08-25 12:00:00,abylai-khan-01,0.8921969909929197,2,47.322086033709105,clear,1.1776807047073796,12,0,1.72,6.03,12.44
2026-08-25 12:15:00,tole-bi-01,0.6541421739893136,3,97.16982844936143,rain,2.2595031862419916,12,0,7.36,1.72,6.03
2026-08-25 12:30:00,tole-bi-01,0.679055688236452,2,60.73780306616624,rain,2.3352097624321857,12,0,6.19,7.36,1.72
2026-08-25 12:45:00,abylai-khan-01,0.6722072913569694,4,70.20448190965172,snow,1.3505930024000063,12,0,9.57,6.19,7.36
2026-08-25 13:00:00,tole-bi-01,0.7049882340485059,2,48.51091828184225,clear,2.1772963600693673,13,0,3.38,9.57,6.19
2026-08-25 13:15:00,abylai-khan-01,0.8101033675126333,4,45.879020931451684,clear,1.221915235965408,13,0,2.85,3.38,9.57
2026-08-25 13:30:00,momyshuly-01,0.6444834989352874,7,21.85174175320067,clear,3.617587942685827,13,0,8.72,2.85,3.38
2026-08-25 13:45:00,tole-bi-01,0.9472677181306016,4,60.02669245408179,clear,2.119581289030304,13,0,4.44,8.72,2.85
2026-08-25 14:00:00,abylai-khan-01,0.7189446125233889,4,58.6887205401333,clear,1.1112534268019787,14,0,3.65,4.44,8.72
2026-08-25 14:15:00,momyshuly-01,0.6650151949874831,6,32.62645809448984,clear,3.531745889331237,14,0,6.88,3.65,4.44
2026-08-25 14:30:00,momyshuly-01,0.8702485238392973,2,81.1459200165363,clear,3.6764029532800238,14,0,4.6,6.88,3.65
2026-08-25 14:45:00,abylai-khan-01,0.6152345202397277,6,59.41394642488024,rain,1.2938950911200822,14,0,8.44,4.6,6.88
2026-08-25 15:00:00,tole-bi-01,0.8479874259496657,7,47.11951761292586,clear,2.112462160008177,15,0,6.44,8.44,4.6
2026-08-25 15:15:00,abylai-khan-01,0.8792793722705998,3,31.752712721834158,rain,1.2639202082955165,15,0,4.52,6.44,8.44
2026-08-25 15:30:00,momyshuly-01,0.6859666125546877,2,64.172866157681,clear,3.6509927984820374,15,0,4.44,4.52,6.44
2026-08-25 15:45:00,abylai-khan-01,0.6167856293774537,3,80.22536208710477,rain,1.2578386676470574,15,0,5.7,4.44,4.52
2026-08-25 16:00:00,tole-bi-01,0.7454581435677798,3,42.559948214797735,clear,2.315274596429765,16,0,3.53,5.7,4.44
2026-08-25 16:15:00,momyshuly-01,0.6394376920967746,4,37.5035481261378,rain,3.69504398451294,16,0,7.88,3.53,5.7
2026-08-25 16:30:00,abylai-khan-01,0.6465911398693348,2,61.75479712516616,clear,1.3171520695452716,16,0,4.14,7.88,3.53
2026-08-25 16:45:00,tole-bi-01,0.7017044925779459,3,32.42746420080135,clear,2.1366134336106257,16,0,2.89,4.14,7.88
2026-08-25 17:00:00,momyshuly-01,0.7181871698507037,5,73.3290709275428,rain,3.595127569672775,17,0,9.19,2.89,4.14
2026-08-25 17:15:00,tole-bi-01,0.8119881364085683,3,68.42749023553844,clear,2.274551125406678,17,0,3.59,9.19,2.89
2026-08-25 17:30:00,momyshuly-01,0.8713567542012053,5,26.96656396731429,clear,3.542725289692463,17,0,7.1,3.59,9.19
2026-08-25 17:45:00,abylai-khan-01,0.8371083763480739,2,22.921630350509908,rain,1.1545491952645726,17,0,5.61,7.1,3.59
2026-08-25 18:00:00,tole-bi-01,0.6593441349158067,7,69.62309220708678,rain,2.3186783626337397,18,1,13.58,5.61,7.1
2026-08-25 18:15:00,momyshuly-01,0.6688344129810505,6,43.54350191909926,clear,3.470339124179163,18,1,11.71,13.58,5.61
2026-08-25 18:30:00,tole-bi-01,0.9515076999171658,2,26.915660253871884,clear,2.36706220600848,18,1,7.52,11.71,13.58
2026-08-25 18:45:00,tole-bi-01,0.8233409260256455,6,80.75429639651892,clear,2.2630877929161155,18,1,10.29,7.52,11.71
2026-08-25 19:00:00,abylai-khan-01,0.9479751331590756,6,45.123520241411526,clear,1.287464667958915,19,1,10.61,10.29,7.52
2026-08-25 19:15:00,tole-bi-01,0.7486186045279497,2,56.76796397105789,snow,2.2380068829964848,19,1,13.54,10.61,10.29
2026-08-25 19:30:00,momyshuly-01,0.8457600029725295,3,38.94503419630154,clear,3.532588638901883,19,1,9.22,13.54,10.61
2026-08-25 19:45:00,momyshuly-01,0.8094653664218443,1,70.18536626863717,clear,3.5054536653827655,19,1,9.14,9.22,13.54
2026-08-25 20:00:00,momyshuly-01,0.727649395928185,3,44.11907322834875,snow,3.5385645390714493,20,0,8.77,9.14,9.22
2026-08-25 20:15:00,momyshuly-01,0.7879661488134382,3,97.44167689821028,clear,3.5198570124551694,20,0,4.4,8.77,9.14
2026-08-25 20:30:00,abylai-khan-01,0.8009963507307728,7,76.23580388935252,clear,1.2434747189094655,20,0,6.29,4.4,8.77
2026-08-25 20:45:00,tole-bi-01,0.6803083899026714,4,30.93778210987726,clear,2.404710731968488,20,0,5.04,6.29,4.4
2026-08-25 21:00:00,abylai-khan-01,0.7260041489506927,4,53.33558717387734,clear,1.2387868089683516,21,0,1.17,5.04,6.29
2026-08-25 21:15:00,tole-bi-01,0.9165639002027902,3,50.83368797839029,clear,2.292257763503275,21,0,3.69,1.17,5.04
2026-08-25 21:30:00,tole-bi-01,0.9663152957816509,5,62.73976885763065,clear,2.3486887444111026,21,0,5.06,3.69,1.17
2026-08-25 21:45:00,tole-bi-01,0.7439176374181198,7,87.35445395834026,clear,2.296358037659105,21,0,5.92,5.06,3.69
2026-08-25 22:00:00,abylai-khan-01,0.7227889128836072,6,66.67376121464014,clear,1.202857334495848,22,0,3.49,5.92,5.06
2026-08-25 22:15:00,tole-bi-01,0.678078865828753,4,24.92453420799994,clear,2.2693361061734225,22,0,4.43,3.49,5.92
2026-08-25 22:30:00,abylai-khan-01,0.8713964674602325,3,72.4332557442284,clear,1.2836591263119546,22,0,2.75,4.43,3.49
2026-08-25 22:45:00,momyshuly-01,0.7292398806665349,7,20.66122383566867,clear,3.343406843265328,22,0,7.51,2.75,4.43
2026-08-25 23:00:00,momyshuly-01,0.9950998156396754,1,82.39683684323144,clear,3.3867151966802176,23,0,0.29,7.51,2.75
2026-08-25 23:15:00,tole-bi-01,0.7302739208255813,5,73.33088579289935,clear,2.4027224435754513,23,0,5.86,0.29,7.51
2026-08-25 23:30:00,abylai-khan-01,0.7576544187130513,2,44.70285266820688,clear,1.1803472865945295,23,0,3.73,5.86,0.29
2026-08-25 23:45:00,momyshuly-01,0.8413336784848139,3,43.39534436716126,clear,3.691723384519768,23,0,5.49,3.73,5.86
2026-08-26 00:00:00,abylai-khan-01,0.920673717276522,7,83.86183972370445,clear,1.1391921354447854,0,0,6.66,5.49,3.73
2026-08-26 00:15:00,abylai-khan-01,0.7878074661382535,3,82.66693535396965,rain,1.367424413288305,0,0,4.66,6.66,5.49
2026-08-26 00:30:00,tole-bi-01,0.7690624135155834,6,48.18418835014079,clear,2.2863481344640384,0,0,6.99,4.66,6.66
2026-08-26 00:45:00,momyshuly-01,0.9982551334379233,5,43.91581824638243,rain,3.6449391547060093,0,0,6.76,6.99,4.66
2026-08-26 01:00:00,tole-bi-01,0.6041974564559778,4,64.78598311062319,rain,2.2552853752117716,1,0,8.72,6.76,6.99
2026-08-26 01:15:00,tole-bi-01,0.9580261155404983,4,20.669252798731534,clear,2.210286831284427,1,0,3.08,8.72,6.76
2026-08-26 01:30:00,momyshuly-01,0.659656330375895,4,26.61336303892338,clear,3.425907141992959,1,0,6.24,3.08,8.72
2026-08-26 01:45:00,momyshuly-01,0.9143701104835653,2,30.09356721189894,snow,3.678570405626336,1,0,10.03,6.24,3.08
2026-08-26 02:00:00,abylai-khan-01,0.8471726239385192,7,34.832945426173936,clear,1.2395417575434242,2,0,6.76,10.03,6.24
2026-08-26 02:15:00,momyshuly-01,0.7367389141992369,5,60.96145013403753,rain,3.609369257994452,2,0,7.93,6.76,10.03
2026-08-26 02:30:00,abylai-khan-01,0.9495499822084074,5,99.37935318888977,clear,1.0861384166218673,2,0,2.74,7.93,6.76
2026-08-26 02:45:00,abylai-khan-01,0.6051628911923967,4,72.20907213978828,clear,1.3415466000084484,2,0,5.66,2.74,7.93
2026-08-26 03:00:00,abylai-khan-01,0.6906762608299695,4,24.903903555937887,clear,1.210587259354125,3,0,5.74,5.66,2.74
2026-08-26 03:15:00,momyshuly-01,0.8267571184998144,6,62.04634992497934,clear,3.6702888830135825,3,0,7.11,5.74,5.66
2026-08-26 03:30:00,tole-bi-01,0.7406169040198792,1,59.73161699116035,clear,2.299701282979516,3,0,2.24,7.11,5.74
2026-08-26 03:45:00,abylai-khan-01,0.8441509981273311,1,31.53342526544396,clear,1.0910578452801722,3,0,1.6,2.24,7.11
2026-08-26 04:00:00,tole-bi-01,0.6096440773634667,3,93.62178950419262,snow,2.3992436361185123,4,0,10.23,1.6,2.24
2026-08-26 04:15:00,tole-bi-01,0.646583572192685,3,55.261219814029516,rain,2.345076844452189,4,0,7.01,10.23,1.6
2026-08-26 04:30:00,momyshuly-01,0.6508384960873757,5,99.56473124877918,clear,3.581859002607645,4,0,5.8,7.01,10.23
2026-08-26 04:45:00,tole-bi-01,0.6757134583664037,5,53.60578362017314,rain,2.3433670532378117,4,0,9.43,5.8,7.01
2026-08-26 05:00:00,tole-bi-01,0.7837325763202171,2,68.63661621468874,rain,2.3817543542252158,5,0,7.68,9.43,5.8
2026-08-26 05:15:00,momyshuly-01,0.9008514798174285,2,28.381002916115207,snow,3.666020605697957,5,0,9.97,7.68,9.43
2026-08-26 05:30:00,abylai-khan-01,0.9622155351715604,1,56.33822590454954,clear,1.0288673781590816,5,0,0.0,9.97,7.68
2026-08-26 05:45:00,tole-bi-01,0.9341490121136984,3,39.101271520317866,rain,2.1509798215218465,5,0,6.84,0.0,9.97
2026-08-26 06:00:00,momyshuly-01,0.6787551487102734,1,86.8451838856988,clear,3.6732849129672007,6,0,4.43,6.84,0.0
2026-08-26 06:15:00,tole-bi-01,0.776460220892253,1,82.71356678940319,clear,2.2303879886461973,6,0,1.89,4.43,6.84
2026-08-26 06:30:00,tole-bi-01,0.679764639103414,3,85.93439997002868,snow,2.195138740155882,6,0,7.4,1.89,4.43
2026-08-26 06:45:00,abylai-khan-01,0.7057887266668763,7,77.88875502063611,clear,1.237210422974605,6,0,6.35,7.4,1.89
2026-08-26 07:00:00,tole-bi-01,0.8014187926047545,2,86.6146578896041,clear,2.1921056092859055,7,0,3.47,6.35,7.4
2026-08-26 07:15:00,momyshuly-01,0.627243609889409,6,36.06630001399367,rain,3.5520858787170906,7,0,8.9,3.47,6.35
2026-08-26 07:30:00,tole-bi-01,0.6872697318373093,6,56.16350212638413,clear,2.3852269849518692,7,0,7.77,8.9,3.47
2026-08-26 07:45:00,abylai-khan-01,0.974151264522847,6,75.34775039567745,rain,1.0485858181435175,7,0,8.15,7.77,8.9
2026-08-26 08:00:00,abylai-khan-01,0.7864465170633956,3,70.99139983481079,rain,1.0631736240304344,8,1,11.17,8.15,7.77
2026-08-26 08:15:00,momyshuly-01,0.7781546103911489,4,77.30835862992696,clear,3.438900356795121,8,1,8.99,11.17,8.15
2026-08-26 08:30:00,abylai-khan-01,0.6058268619005115,4,37.94067065209853,clear,1.1138835169315398,8,1,9.48,8.99,11.17
2026-08-26 08:45:00,tole-bi-01,0.6989598988233383,4,27.87477672359918,rain,2.308271523905971,8,1,13.26,9.48,8.99
2026-08-26 09:00:00,abylai-khan-01,0.9465169743928725,5,93.34452624598211,clear,1.1381212068745092,9,1,9.58,13.26,9.48
2026-08-26 09:15:00,momyshuly-01,0.6658513713034675,2,64.81375164538868,snow,3.750334906432576,9,1,13.95,9.58,13.26
2026-08-26 09:30:00,abylai-khan-01,0.7660499758138885,2,32.306073960592876,rain,1.2455309752048516,9,1,9.65,13.95,9.58
2026-08-26 09:45:00,abylai-khan-01,0.6057323623468005,7,83.47492655098893,clear,1.1981181948107826,9,1,11.17,9.65,13.95
2026-08-26 10:00:00,abylai-khan-01,0.7913341926682224,7,93.19439493034261,clear,1.3267408950177688,10,0,5.85,11.17,9.65
2026-08-26 10:15:00,momyshuly-01,0.6084084426904869,5,33.56508148568872,snow,3.466919299215487,10,0,11.36,5.85,11.17
2026-08-26 10:30:00,abylai-khan-01,0.9278438212263199,1,85.39299642152885,clear,1.28665715237825,10,0,0.63,11.36,5.85
2026-08-26 10:45:00,abylai-khan-01,0.9299415069948415,7,94.65800490553026,clear,1.1763741363374987,10,0,5.28,0.63,11.36
2026-08-26 11:00:00,tole-bi-01,0.915096875320948,6,95.0689280236814,rain,2.254467735603265,11,0,7.97,5.28,0.63
2026-08-26 11:15:00,momyshuly-01,0.7133456275564473,4,93.1325169322801,rain,3.6611071254166836,11,0,9.37,7.97,5.28
2026-08-26 11:30:00,abylai-khan-01,0.9348948872887273,6,63.71368098880822,clear,1.158749141912963,11,0,2.91,9.37,7.97
2026-08-26 11:45:00,momyshuly-01,0.8171992530421077,4,48.49690538030954,clear,3.618190353668758,11,0,6.51,2.91,9.37
2026-08-26 12:00:00,abylai-khan-01,0.749523243546801,6,20.581824615520745,clear,1.190008914302893,12,0,4.79,6.51,2.91
2026-08-26 12:15:00,abylai-khan-01,0.8501319838816932,1,24.872978149722165,rain,1.230645177342918,12,0,5.97,4.79,6.51
2026-08-26 12:30:00,abylai-khan-01,0.6049364184241496,6,54.307121223791256,rain,1.1492919570462166,12,0,9.34,5.97,4.79
2026-08-26 12:45:00,tole-bi-01,0.6571843510403008,6,51.946091711320825,snow,2.392676235991816,12,0,12.23,9.34,5.97
2026-08-26 13:00:00,tole-bi-01,0.8969174152681051,3,34.77711276559066,clear,2.095582109690465,13,0,3.22,12.23,9.34
2026-08-26 13:15:00,tole-bi-01,0.6976646434864612,6,51.63840224253255,rain,2.364089255515442,13,0,11.04,3.22,12.23
2026-08-26 13:30:00,momyshuly-01,0.8392036469314998,3,33.972005236429446,snow,3.410876025752328,13,0,9.34,11.04,3.22
2026-08-26 13:45:00,momyshuly-01,0.7540410411292119,2,87.90330022206724,clear,3.524655180801096,13,0,5.63,9.34,11.04
2026-08-26 14:00:00,tole-bi-01,0.9419223115197046,5,43.85559023004791,clear,2.352235905529095,14,0,4.1,5.63,9.34
2026-08-26 14:15:00,momyshuly-01,0.9809661223986574,6,67.8851480126648,rain,3.3986330428964706,14,0,9.04,4.1,5.63
2026-08-26 14:30:00,abylai-khan-01,0.9534258913480762,2,60.22744495992694,clear,1.216648074471572,14,0,3.74,9.04,4.1
2026-08-26 14:45:00,abylai-khan-01,0.7082479978774386,7,24.150566207519375,clear,1.0628654151132158,14,0,5.5,3.74,9.04
2026-08-26 15:00:00,abylai-khan-01,0.6776651476184329,7,95.3786975592933,clear,1.1030930152297092,15,0,7.0,5.5,3.74
2026-08-26 15:15:00,tole-bi-01,0.789773957448294,3,62.17807826003867,clear,2.1984926176992,15,0,3.16,7.0,5.5
2026-08-26 15:30:00,momyshuly-01,0.602933660334472,6,46.00461147134523,clear,3.4656666897721333,15,0,8.0,3.16,7.0
2026-08-26 15:45:00,tole-bi-01,0.6103237571452726,6,32.65012557064546,clear,2.1270389597424844,15,0,8.62,8.0,3.16
2026-08-26 16:00:00,momyshuly-01,0.8213162558492,1,47.08213077814686,snow,3.8071187460466147,16,0,7.35,8.62,8.0
2026-08-26 16:15:00,abylai-khan-01,0.8081797616661144,2,21.64092824187116,rain,1.1817528519496494,16,0,5.13,7.35,8.62
2026-08-26 16:30:00,tole-bi-01,0.997832795614104,4,49.084652427863816,rain,2.1762577553270956,16,0,5.28,5.13,7.35
2026-08-26 16:45:00,momyshuly-01,0.6807367341455033,4,62.518874184360385,clear,3.54378760635573,16,0,5.73,5.28,5.13
2026-08-26 17:00:00,momyshuly-01,0.7032415716641873,1,89.74929966807558,rain,3.6036661028391435,17,0,6.82,5.73,5.28
2026-08-26 17:15:00,abylai-khan-01,0.6454162569305146,3,74.9899534158238,rain,1.1621305197531147,17,0,6.09,6.82,5.73
2026-08-26 17:30:00,tole-bi-01,0.9670172038614979,4,28.926585050659313,clear,2.1733158225733007,17,0,5.33,6.09,6.82
2026-08-26 17:45:00,tole-bi-01,0.9111244977833803,4,31.819705955036888,clear,2.210076831941943,17,0,4.51,5.33,6.09
2026-08-26 18:00:00,tole-bi-01,0.928935644582739,7,54.249869425469974,clear,2.4185716409589144,18,1,9.85,4.51,5.33
2026-08-26 18:15:00,abylai-khan-01,0.9611055151858034,7,35.656620131103026,rain,1.059728704330227,18,1,13.03,9.85,4.51
2026-08-26 18:30:00,tole-bi-01,0.8099599946903353,5,22.22798220662046,clear,2.1003029114429363,18,1,11.58,13.03,9.85
2026-08-26 18:45:00,abylai-khan-01,0.7804772765802894,2,84.40119040944562,rain,1.1612045186649262,18,1,10.63,11.58,13.03
2026-08-26 19:00:00,abylai-khan-01,0.7321565894662466,3,21.561805655839528,clear,1.0068283619860499,19,1,8.67,10.63,11.58
2026-08-26 19:15:00,abylai-khan-01,0.8356858457391422,6,86.45516841584113,clear,1.1090226595656199,19,1,9.81,8.67,10.63
2026-08-26 19:30:00,momyshuly-01,0.781711358715929,2,31.528317042637283,rain,3.47480628015869,19,1,11.37,9.81,8.67
2026-08-26 19:45:00,tole-bi-01,0.78062623464223,3,97.97427286456929,clear,2.1756811358534356,19,1,8.9,11.37,9.81
2026-08-26 20:00:00,tole-bi-01,0.9747711454924556,4,68.30991294609521,clear,2.30695297843718,20,0,1.35,8.9,11.37
2026-08-26 20:15:00,abylai-khan-01,0.9936126057116521,5,78.79863773039163,snow,1.225705696964387,20,0,9.23,1.35,8.9
2026-08-26 20:30:00,abylai-khan-01,0.9185937557318323,2,28.838690237445192,rain,1.1194098357941127,20,0,5.43,9.23,1.35
2026-08-26 20:45:00,tole-bi-01,0.9027032360987713,4,88.96832587611841,clear,2.2905617850694497,20,0,3.36,5.43,9.23
2026-08-26 21:00:00,abylai-khan-01,0.8722232647116406,3,87.13538742972307,clear,1.1144279365246312,21,0,3.08,3.36,5.43
2026-08-26 21:15:00,tole-bi-01,0.6664299409334055,2,72.2394185233374,clear,2.3400838637503094,21,0,4.16,3.08,3.36
2026-08-26 21:30:00,momyshuly-01,0.6236423283502618,6,60.18198916763099,rain,3.452233630999637,21,0,10.78,4.16,3.08
2026-08-26 21:45:00,abylai-khan-01,0.8762905260453052,2,77.71913385053381,clear,1.216524064711872,21,0,2.2,10.78,4.16
2026-08-26 22:00:00,tole-bi-01,0.8915144889026303,4,20.47425722695025,clear,2.324108059617535,22,0,4.72,2.2,10.78
2026-08-26 22:15:00,abylai-khan-01,0.6187891964392559,2,67.39526043187675,clear,1.4335979169852868,22,0,2.31,4.72,2.2
2026-08-26 22:30:00,tole-bi-01,0.9712207000915393,6,87.79249079433893,rain,2.124555690674263,22,0,6.59,2.31,4.72
2026-08-26 22:45:00,tole-bi-01,0.636456255777871,5,48.55199097398039,rain,2.5655760448912663,22,0,9.11,6.59,2.31
2026-08-26 23:00:00,abylai-khan-01,0.714360213508481,5,28.663148518633346,snow,1.2756684610588658,23,0,9.82,9.11,6.59
2026-08-26 23:15:00,momyshuly-01,0.8689559251194818,4,53.67017997945649,clear,3.782731470614067,23,0,3.58,9.82,9.11
2026-08-26 23:30:00,tole-bi-01,0.6679490377617905,3,78.16835592468055,rain,2.3905265139252254,23,0,7.38,3.58,9.82
2026-08-26 23:45:00,tole-bi-01,0.6221663553768978,4,28.584096829653802,clear,2.205645979097167,23,0,4.05,7.38,3.58
2026-08-27 00:00:00,tole-bi-01,0.73245859566566,5,36.483884817031196,clear,2.365784000648901,0,0,8.33,4.05,7.38
2026-08-27 00:15:00,momyshuly-01,0.9063886299420716,1,31.804147746295996,rain,3.533434726054501,0,0,3.07,8.33,4.05
2026-08-27 00:30:00,momyshuly-01,0.7654714715941041,1,83.75582044601799,clear,3.5911855324308055,0,0,3.46,3.07,8.33
2026-08-27 00:45:00,abylai-khan-01,0.8611891687631756,2,25.031409796198947,clear,1.0825314906045433,0,0,1.06,3.46,3.07
2026-08-27 01:00:00,momyshuly-01,0.8318476388912547,6,74.92692016915464,rain,3.5321302338862375,1,0,9.99,1.06,3.46
2026-08-27 01:15:00,abylai-khan-01,0.6088873928102322,7,49.31655366025531,clear,1.2896976538305602,1,0,6.53,9.99,1.06
2026-08-27 01:30:00,abylai-khan-01,0.9954159948182827,7,80.46329943082418,clear,1.2437956506848957,1,0,6.18,6.53,9.99
2026-08-27 01:45:00,momyshuly-01,0.6165712355277551,7,97.15067350272301,clear,3.702423023392722,1,0,9.11,6.18,6.53
2026-08-27 02:00:00,abylai-khan-01,0.987121095059394,2,29.163623966918585,clear,1.0602187997515367,2,0,0.53,9.11,6.18
2026-08-27 02:15:00,momyshuly-01,0.8199456713457592,1,45.15080328539668,snow,3.4129559110570646,2,0,7.33,0.53,9.11
2026-08-27 02:30:00,abylai-khan-01,0.9852636108260266,5,84.81003421750856,clear,1.3101715712169113,2,0,3.51,7.33,0.53
2026-08-27 02:45:00,momyshuly-01,0.6459014397655342,2,41.29267088409412,rain,3.702767286968795,2,0,7.15,3.51,7.33
2026-08-27 03:00:00,momyshuly-01,0.7961634076742052,7,37.20964776368327,clear,3.6211537445291713,3,0,7.29,7.15,3.51
2026-08-27 03:15:00,abylai-khan-01,0.6678016367464235,7,86.03023822951774,clear,1.2419225648751024,3,0,7.37,7.29,7.15
2026-08-27 03:30:00,tole-bi-01,0.620389950808977,4,98.96658912047762,clear,2.386503814513086,3,0,5.67,7.37,7.29
2026-08-27 03:45:00,abylai-khan-01,0.8470116460249246,7,64.55044721183725,rain,1.2181524092588147,3,0,7.71,5.67,7.37
2026-08-27 04:00:00,momyshuly-01,0.6831133683846766,6,42.24389986666714,clear,3.6536667248102406,4,0,6.41,7.71,5.67
2026-08-27 04:15:00,tole-bi-01,0.8350788073150184,7,51.885276928004316,rain,2.3814822720248103,4,0,8.26,6.41,7.71
2026-08-27 04:30:00,abylai-khan-01,0.6449457927795942,4,33.61042619068872,clear,1.1906485503648543,4,0,4.94,8.26,6.41
2026-08-27 04:45:00,abylai-khan-01,0.7327945885730811,7,80.95098231126019,snow,1.1654405109929546,4,0,11.11,4.94,8.26
2026-08-27 05:00:00,abylai-khan-01,0.9126530232212988,6,81.87792142582143,rain,1.238205303575954,5,0,9.42,11.11,4.94
2026-08-27 05:15:00,tole-bi-01,0.7748206087368751,5,90.00967939059956,rain,2.526461403075783,5,0,8.03,9.42,11.11
2026-08-27 05:30:00,momyshuly-01,0.8510981659589345,2,22.12820508772511,rain,3.5152316357748568,5,0,6.37,8.03,9.42
2026-08-27 05:45:00,abylai-khan-01,0.8589831762982183,6,64.95850733011034,clear,1.1569259841246147,5,0,3.23,6.37,8.03
2026-08-27 06:00:00,abylai-khan-01,0.9375020175949175,4,37.14043474745475,rain,1.0243589293615445,6,0,4.36,3.23,6.37
2026-08-27 06:15:00,abylai-khan-01,0.7299691177626565,2,47.27064123938857,clear,1.243480339692298,6,0,1.74,4.36,3.23
2026-08-27 06:30:00,abylai-khan-01,0.874918225033007,2,82.7964492229206,clear,1.1470066208255831,6,0,1.62,1.74,4.36
2026-08-27 06:45:00,abylai-khan-01,0.9846463228184663,4,35.362692188919695,clear,1.0599667655215441,6,0,1.52,1.62,1.74
2026-08-27 07:00:00,momyshuly-01,0.8920973337431473,1,71.06734004648717,clear,3.5936409514766448,7,0,1.69,1.52,1.62
2026-08-27 07:15:00,momyshuly-01,0.7959481906870978,7,72.36529529788785,clear,3.749463156505027,7,0,8.23,1.69,1.52
2026-08-27 07:30:00,abylai-khan-01,0.8522869777967716,6,96.32751319218406,clear,1.1647974018735718,7,0,4.2,8.23,1.69
2026-08-27 07:45:00,tole-bi-01,0.8958731591052432,4,82.01287428231495,clear,2.2739485966057624,7,0,4.09,4.2,8.23
2026-08-27 08:00:00,momyshuly-01,0.8449103062775489,5,84.29081177229547,clear,3.7455706928236294,8,1,11.54,4.09,4.2
2026-08-27 08:15:00,tole-bi-01,0.6066703253959357,3,62.52805992143148,clear,2.2994991795437922,8,1,10.7,11.54,4.09
2026-08-27 08:30:00,momyshuly-01,0.6779093990748903,4,34.94246457298965,snow,3.4792359696595256,8,1,16.13,10.7,11.54
2026-08-27 08:45:00,abylai-khan-01,0.9241872868861865,7,54.04506925746813,snow,1.268899918936257,8,1,15.86,16.13,10.7
2026-08-27 09:00:00,momyshuly-01,0.7090602589249939,7,63.95916588094563,snow,3.712459329472316,9,1,18.91,15.86,16.13
2026-08-27 09:15:00,abylai-khan-01,0.8926248478244536,2,74.27354013709699,clear,1.1799624816235685,9,1,7.51,18.91,15.86
2026-08-27 09:30:00,momyshuly-01,0.7488480860966795,2,68.61672894655418,clear,3.613049301971537,9,1,10.23,7.51,18.91
2026-08-27 09:45:00,abylai-khan-01,0.8087537312631773,4,51.518226313379486,snow,1.0688812166483146,9,1,11.66,10.23,7.51
2026-08-27 10:00:00,abylai-khan-01,0.6271893199277615,3,41.225048559667314,snow,1.1129412673163082,10,0,8.86,11.66,10.23
2026-08-27 10:15:00,abylai-khan-01,0.6724902244198838,4,33.45846745629465,rain,1.1666960393752872,10,0,7.03,8.86,11.66
2026-08-27 10:30:00,abylai-khan-01,0.9828787854076938,3,75.50763090178131,clear,1.2076930605205385,10,0,2.28,7.03,8.86
2026-08-27 10:45:00,tole-bi-01,0.9560552213787656,3,71.63189394499881,clear,2.238025227073907,10,0,3.26,2.28,7.03
2026-08-27 11:00:00,abylai-khan-01,0.86091004435962,7,74.98979726062453,rain,1.1629220735291579,11,0,7.82,3.26,2.28
2026-08-27 11:15:00,tole-bi-01,0.783857838954295,7,49.80219622422359,clear,2.2876182906816593,11,0,7.53,7.82,3.26
2026-08-27 11:30:00,tole-bi-01,0.8703045171580894,7,40.9926258056596,clear,2.200197439367504,11,0,5.77,7.53,7.82
2026-08-27 11:45:00,abylai-khan-01,0.8474441156375756,5,80.77770629447403,rain,1.1731199102542584,11,0,6.67,5.77,7.53
2026-08-27 12:00:00,tole-bi-01,0.8274209022418448,7,81.89179160442673,rain,2.4155939966210664,12,0,10.57,6.67,5.77
2026-08-27 12:15:00,momyshuly-01,0.6236708287454167,6,56.44930991734725,clear,3.5403977603500816,12,0,8.82,10.57,6.67
2026-08-27 12:30:00,abylai-khan-01,0.8531210442646027,2,68.95232678138593,clear,1.1099069055150632,12,0,2.38,8.82,10.57
2026-08-27 12:45:00,tole-bi-01,0.9075680178284673,2,49.881573138539295,snow,2.508512446127703,12,0,7.18,2.38,8.82
2026-08-27 13:00:00,abylai-khan-01,0.9976326618582302,3,76.15577600958454,clear,1.2225602491719247,13,0,0.71,7.18,2.38
2026-08-27 13:15:00,abylai-khan-01,0.6044314210377238,2,86.8577277318297,rain,1.122716167789082,13,0,5.72,0.71,7.18
2026-08-27 13:30:00,abylai-khan-01,0.8920693813242706,1,75.05866218685196,rain,1.2643500536597188,13,0,4.45,5.72,0.71
2026-08-27 13:45:00,tole-bi-01,0.8287157263743922,3,61.00661014777092,rain,2.3256107245070714,13,0,5.54,4.45,5.72
2026-08-27 14:00:00,momyshuly-01,0.7736208704323827,2,56.69263675938963,rain,3.542981366485191,14,0,6.55,5.54,4.45
2026-08-27 14:15:00,momyshuly-01,0.6510280698285483,1,71.38557207805954,clear,3.595104818369186,14,0,3.58,6.55,5.54
2026-08-27 14:30:00,tole-bi-01,0.7636340594539505,5,74.38487132810641,clear,2.2708560659052957,14,0,3.7,3.58,6.55
2026-08-27 14:45:00,abylai-khan-01,0.7417508731944541,2,64.69835548196312,clear,1.2990083163993689,14,0,2.96,3.7,3.58
2026-08-27 15:00:00,tole-bi-01,0.7211319555914969,1,69.9953820085916,clear,2.3681342425654752,15,0,3.31,2.96,3.7
2026-08-27 15:15:00,tole-bi-01,0.8923518493288831,4,27.727094599562577,clear,2.0857055438306844,15,0,4.2,3.31,2.96
2026-08-27 15:30:00,tole-bi-01,0.8802902085137054,6,96.14124129138614,clear,2.490290896619896,15,0,7.35,4.2,3.31
2026-08-27 15:45:00,abylai-khan-01,0.8356080363923646,4,83.26184509856273,rain,1.1711683130259847,15,0,5.92,7.35,4.2
2026-08-27 16:00:00,tole-bi-01,0.9754659253173489,1,49.91422957654271,clear,2.4722363186051823,16,0,1.39,5.92,7.35
2026-08-27 16:15:00,abylai-khan-01,0.7399417536723418,3,65.0250088762904,clear,1.2716051135263065,16,0,5.7,1.39,5.92
2026-08-27 16:30:00,tole-bi-01,0.6975207750840718,7,23.785962410913708,clear,2.3248229935077434,16,0,5.91,5.7,1.39
2026-08-27 16:45:00,momyshuly-01,0.8623613252393598,7,23.29822511992483,clear,3.590583740639982,16,0,6.55,5.91,5.7
2026-08-27 17:00:00,tole-bi-01,0.6795256243749612,7,40.063866808957016,clear,2.5758777247811038,17,0,7.75,6.55,5.91
2026-08-27 17:15:00,tole-bi-01,0.7260042028733699,3,75.17613138916985,clear,2.2728350447593173,17,0,5.32,7.75,6.55
2026-08-27 17:30:00,momyshuly-01,0.689840976029954,2,88.17181982400093,clear,3.532866889653535,17,0,5.35,5.32,7.75
2026-08-27 17:45:00,abylai-khan-01,0.6276614270874005,7,64.73487039838787,rain,1.1418690972882652,17,0,8.22,5.35,5.32
2026-08-27 18:00:00,abylai-khan-01,0.9309994966542694,4,62.570619166588195,snow,1.200105916796182,18,1,14.96,8.22,5.35
2026-08-27 18:15:00,tole-bi-01,0.7018162171686645,3,52.184762703317276,snow,2.2999313753225517,18,1,14.79,14.96,8.22
2026-08-27 18:30:00,momyshuly-01,0.7892110013372082,3,32.927836476641694,clear,3.7004023972336437,18,1,8.95,14.79,14.96
2026-08-27 18:45:00,abylai-khan-01,0.6173261093017247,7,29.468328106127004,clear,1.2758249034211961,18,1,11.15,8.95,14.79
2026-08-27 19:00:00,tole-bi-01,0.8797357865010572,4,80.85438089767729,clear,2.3759490686454003,19,1,9.34,11.15,8.95
2026-08-27 19:15:00,momyshuly-01,0.7322244009225163,5,94.20028410372605,clear,3.577176200684837,19,1,13.5,9.34,11.15
2026-08-27 19:30:00,abylai-khan-01,0.897894691131684,3,56.66265731090185,clear,1.2676522108011246,19,1,8.03,13.5,9.34
2026-08-27 19:45:00,abylai-khan-01,0.7649612241871464,7,72.75565269725107,clear,1.2781296642681712,19,1,13.37,8.03,13.5
2026-08-27 20:00:00,momyshuly-01,0.6783022425622498,6,93.15661207047529,rain,3.5920673881514844,20,0,10.68,13.37,8.03
2026-08-27 20:15:00,momyshuly-01,0.8052700329128144,1,27.209090634731563,clear,3.627920014872276,20,0,1.99,10.68,13.37
2026-08-27 20:30:00,momyshuly-01,0.6522018238549759,2,81.63851624952238,clear,3.6780031392825046,20,0,6.08,1.99,10.68
2026-08-27 20:45:00,momyshuly-01,0.7762156639491979,3,69.34535075004601,clear,3.6211165301009034,20,0,3.84,6.08,1.99
2026-08-27 21:00:00,tole-bi-01,0.7269221909681947,6,67.8909743063889,clear,2.3306578275148464,21,0,5.71,3.84,6.08
2026-08-27 21:15:00,momyshuly-01,0.9647838336798533,6,43.40323427852559,rain,3.740709524041478,21,0,8.88,5.71,3.84
2026-08-27 21:30:00,abylai-khan-01,0.624371488688288,3,74.71146838221415,clear,1.2219013523475164,21,0,4.0,8.88,5.71
2026-08-27 21:45:00,abylai-khan-01,0.8776069656422968,5,83.58382038566212,clear,1.1392267916654597,21,0,5.13,4.0,8.88
2026-08-27 22:00:00,tole-bi-01,0.6731004663949743,1,29.02865319549577,clear,2.1654319988764454,22,0,3.47,5.13,4.0
2026-08-27 22:15:00,abylai-khan-01,0.7276180297328959,2,62.6817144784787,clear,1.2113150953966574,22,0,2.73,3.47,5.13
2026-08-27 22:30:00,abylai-khan-01,0.7662056252248264,3,28.101214478992773,clear,1.1668532873351756,22,0,5.05,2.73,3.47
2026-08-27 22:45:00,momyshuly-01,0.9632060357499896,2,89.80592154381156,snow,3.6808313930996923,22,0,7.8,5.05,2.73
2026-08-27 23:00:00,abylai-khan-01,0.69703130642953,4,60.610937812507785,snow,1.3577698098692643,23,0,8.48,7.8,5.05
2026-08-27 23:15:00,tole-bi-01,0.636523521017868,6,84.63725514086059,rain,2.1970294876688774,23,0,9.62,8.48,7.8
2026-08-27 23:30:00,momyshuly-01,0.7274758415962095,6,49.44685101329714,clear,3.511415275664531,23,0,7.02,9.62,8.48
2026-08-27 23:45:00,momyshuly-01,0.6418703882142133,3,30.006258145306035,clear,3.597584089041971,23,0,5.62,7.02,9.62
2026-08-28 00:00:00,tole-bi-01,0.651438594384221,3,23.319944350856918,clear,2.220006812840779,0,0,5.24,5.62,7.02
2026-08-28 00:15:00,momyshuly-01,0.8295402391900106,4,42.52076966179004,rain,3.577797406906014,0,0,7.53,5.24,5.62
2026-08-28 00:30:00,momyshuly-01,0.6243607732397973,5,39.538696029126285,rain,3.5463826781099335,0,0,11.18,7.53,5.24
2026-08-28 00:45:00,tole-bi-01,0.6123723525574264,3,64.82815792159695,rain,2.1992222209730357,0,0,7.43,11.18,7.53
2026-08-28 01:00:00,momyshuly-01,0.8857656405881991,6,21.73910704509659,clear,3.6825885381675967,1,0,5.97,7.43,11.18
2026-08-28 01:15:00,tole-bi-01,0.7446588379364179,2,61.64564354393387,clear,2.3075282044643006,1,0,4.02,5.97,7.43
2026-08-28 01:30:00,tole-bi-01,0.6501501396935493,1,51.341739360960254,clear,2.483036872937561,1,0,3.18,4.02,5.97
2026-08-28 01:45:00,abylai-khan-01,0.7014451083438833,7,66.16978159315536,clear,1.235900664095439,1,0,6.6,3.18,4.02
2026-08-28 02:00:00,abylai-khan-01,0.8568346029409596,2,76.19340225202917,clear,1.3288532339048489,2,0,1.24,6.6,3.18
2026-08-28 02:15:00,momyshuly-01,0.7102146268563405,5,70.72735560638712,clear,3.527120338556286,2,0,5.43,1.24,6.6
2026-08-28 02:30:00,momyshuly-01,0.7978084500481631,1,98.7715495498693,rain,3.5258792864797917,2,0,6.79,5.43,1.24
2026-08-28 02:45:00,tole-bi-01,0.6486781226906689,2,31.061227510149685,clear,2.522087060697289,2,0,2.76,6.79,5.43
2026-08-28 03:00:00,momyshuly-01,0.8352374550421788,2,54.37896071438228,clear,3.5391084070404295,3,0,3.64,2.76,6.79
2026-08-28 03:15:00,tole-bi-01,0.7264310735373056,4,53.986458931464895,clear,2.205085044917413,3,0,5.18,3.64,2.76
2026-08-28 03:30:00,tole-bi-01,0.8507873738114866,7,53.36425629623365,clear,2.182875385696268,3,0,7.79,5.18,3.64
2026-08-28 03:45:00,momyshuly-01,0.9233579529216092,5,73.10387136341348,rain,3.7915750564696546,3,0,7.64,7.79,5.18
2026-08-28 04:00:00,tole-bi-01,0.844658567755997,6,59.186244843737796,clear,2.272530296033539,4,0,6.52,7.64,7.79
2026-08-28 04:15:00,abylai-khan-01,0.7182990250380082,4,61.394604785037046,clear,1.2403392080100557,4,0,4.19,6.52,7.64
2026-08-28 04:30:00,momyshuly-01,0.7022974806193202,1,54.58847937174117,rain,3.6151397219490042,4,0,4.03,4.19,6.52
2026-08-28 04:45:00,abylai-khan-01,0.7309683834933792,7,99.335956881485,clear,1.1276590451677262,4,0,6.33,4.03,4.19
2026-08-28 05:00:00,momyshuly-01,0.6658482052946019,6,94.20490790552337,clear,3.5703697002495893,5,0,7.28,6.33,4.03
2026-08-28 05:15:00,tole-bi-01,0.672468740340008,4,44.61793514914967,rain,2.3845683870694825,5,0,8.13,7.28,6.33
2026-08-28 05:30:00,momyshuly-01,0.9162764407600672,7,28.927513981333377,rain,3.477414228154187,5,0,8.72,8.13,7.28
2026-08-28 05:45:00,abylai-khan-01,0.753893030602978,5,87.18117792308823,clear,1.2674168240591417,5,0,4.33,8.72,8.13
2026-08-28 06:00:00,tole-bi-01,0.7743980722282343,3,99.77362011405796,clear,2.443403766452158,6,0,5.28,4.33,8.72
2026-08-28 06:15:00,momyshuly-01,0.8376197862267245,3,43.40871152317164,clear,3.6292375339988,6,0,4.17,5.28,4.33
2026-08-28 06:30:00,momyshuly-01,0.8358613980606191,1,48.6227940673413,rain,3.7333400234332728,6,0,3.77,4.17,5.28
2026-08-28 06:45:00,momyshuly-01,0.6269507486087703,3,95.33065451881623,clear,3.462858663777907,6,0,5.85,3.77,4.17
2026-08-28 07:00:00,abylai-khan-01,0.9326163145350662,4,76.89036144024719,rain,1.0169957547316317,7,0,6.58,5.85,3.77
2026-08-28 07:15:00,abylai-khan-01,0.6709306212895757,1,43.65106654237089,rain,1.224264434005752,7,0,5.77,6.58,5.85
2026-08-28 07:30:00,momyshuly-01,0.8892286544198675,6,66.48371930271321,snow,3.5413654955740754,7,0,10.71,5.77,6.58
2026-08-28 07:45:00,tole-bi-01,0.9090683952512666,5,95.53836634914049,clear,2.3878764961659953,7,0,4.84,10.71,5.77
2026-08-28 08:00:00,tole-bi-01,0.8859598136365254,1,84.94504855566228,clear,2.268955601945634,8,1,7.61,4.84,10.71
2026-08-28 08:15:00,abylai-khan-01,0.831591058621658,6,79.34661709829277,clear,1.214719237495852,8,1,11.15,7.61,4.84
2026-08-28 08:30:00,tole-bi-01,0.6058435988435531,1,78.95970493816179,rain,2.3080983828074495,8,1,11.36,11.15,7.61
2026-08-28 08:45:00,abylai-khan-01,0.7441501969452683,2,34.24162594338163,clear,1.2112883994900543,8,1,8.55,11.36,11.15
2026-08-28 09:00:00,momyshuly-01,0.8419357717450324,2,85.97449913823492,clear,3.545735451218719,9,1,8.01,8.55,11.36
2026-08-28 09:15:00,abylai-khan-01,0.7549805183690155,1,42.08949059547665,clear,1.0635351868363114,9,1,4.65,8.01,8.55
2026-08-28 09:30:00,abylai-khan-01,0.9453919579651252,7,94.42933263212237,clear,1.1780808455281175,9,1,11.41,4.65,8.01
2026-08-28 09:45:00,momyshuly-01,0.7235209101398461,3,49.17119928110264,clear,3.7450041705031656,9,1,9.15,11.41,4.65
2026-08-28 10:00:00,tole-bi-01,0.7174139169834641,2,88.61283176338051,clear,2.2391171707538007,10,0,3.34,9.15,11.41
2026-08-28 10:15:00,abylai-khan-01,0.7063990772370632,7,41.298679561424116,clear,1.1385653401274074,10,0,7.21,3.34,9.15
2026-08-28 10:30:00,abylai-khan-01,0.7331123475843182,7,61.162154926579234,clear,1.215764742686849,10,0,6.36,7.21,3.34
2026-08-28 10:45:00,momyshuly-01,0.8229619857256749,5,28.550823639124843,clear,3.4822897491357887,10,0,6.59,6.36,7.21
2026-08-28 11:00:00,tole-bi-01,0.8828061177090363,6,72.80951223969393,rain,2.4003488167024325,11,0,10.62,6.59,6.36
2026-08-28 11:15:00,abylai-khan-01,0.8650271670955141,4,86.88634201334706,rain,1.0918264546212195,11,0,6.61,10.62,6.59
2026-08-28 11:30:00,momyshuly-01,0.9230871279925918,2,77.47578250419329,clear,3.5710702784902653,11,0,2.66,6.61,10.62
2026-08-28 11:45:00,abylai-khan-01,0.9543655981989699,1,61.86068103509258,clear,1.4538908373626735,11,0,0.0,2.66,6.61
2026-08-28 12:00:00,momyshuly-01,0.9264316169373406,3,23.60927028811676,rain,3.4857435762944258,12,0,7.2,0.0,2.66
2026-08-28 12:15:00,tole-bi-01,0.6075781613497419,4,94.67528057366867,clear,2.4472370717527365,12,0,5.62,7.2,0.0
2026-08-28 12:30:00,tole-bi-01,0.8943671814207954,6,76.43916388629077,clear,2.312124816719147,12,0,4.18,5.62,7.2
2026-08-28 12:45:00,tole-bi-01,0.6833598294473326,7,79.66913906922665,clear,2.326231813748239,12,0,8.4,4.18,5.62
2026-08-28 13:00:00,tole-bi-01,0.653171217083193,6,83.57444604086457,clear,2.2190638767749333,13,0,7.32,8.4,4.18
2026-08-28 13:15:00,abylai-khan-01,0.8553955139196542,2,79.81947407420886,clear,1.279875061123477,13,0,2.31,7.32,8.4
2026-08-28 13:30:00,abylai-khan-01,0.7278972781630779,6,55.28929312786669,rain,1.1634075187084867,13,0,10.31,2.31,7.32
2026-08-28 13:45:00,tole-bi-01,0.6228468653481772,6,78.68974634303575,rain,2.18522148526526,13,0,10.23,10.31,2.31
2026-08-28 14:00:00,tole-bi-01,0.6550518937593445,3,70.00214302482632,clear,2.4455660403142887,14,0,3.63,10.23,10.31
2026-08-28 14:15:00,tole-bi-01,0.6003717667479844,7,88.32130669350292,clear,2.261415110727109,14,0,8.73,3.63,10.23
2026-08-28 14:30:00,abylai-khan-01,0.9612894509378829,3,84.19678522698963,clear,1.0140616552844313,14,0,2.64,8.73,3.63
2026-08-28 14:45:00,tole-bi-01,0.6098471935364954,3,23.30995059738079,clear,2.2731293098750696,14,0,6.61,2.64,8.73
2026-08-28 15:00:00,tole-bi-01,0.6837823078038044,1,50.31096722660842,clear,2.3808069512660106,15,0,3.99,6.61,2.64
2026-08-28 15:15:00,tole-bi-01,0.7665051122751629,6,22.777292174711565,clear,2.364836180466666,15,0,6.65,3.99,6.61
2026-08-28 15:30:00,momyshuly-01,0.7426285303803276,6,28.165993981287833,rain,3.5359120863618627,15,0,9.91,6.65,3.99
2026-08-28 15:45:00,tole-bi-01,0.9646903507651103,6,68.1128577602889,clear,2.202251887021477,15,0,3.99,9.91,6.65
2026-08-28 16:00:00,momyshuly-01,0.6161155782938168,5,89.90574569298028,rain,3.463382279079106,16,0,8.79,3.99,9.91
2026-08-28 16:15:00,momyshuly-01,0.8048858830708207,3,29.58598069674138,clear,3.597723682832171,16,0,4.85,8.79,3.99
2026-08-28 16:30:00,tole-bi-01,0.8721917850097496,4,56.08714299734652,clear,2.31509957412726,16,0,2.89,4.85,8.79
2026-08-28 16:45:00,momyshuly-01,0.9726791894724676,2,92.8703123845155,clear,3.670896068073703,16,0,3.69,2.89,4.85
2026-08-28 17:00:00,tole-bi-01,0.8481485008494885,7,85.14407869372702,clear,2.285096576945247,17,0,5.71,3.69,2.89
2026-08-28 17:15:00,abylai-khan-01,0.9215020944047051,4,61.573431717274396,rain,1.1821332234345183,17,0,5.47,5.71,3.69
2026-08-28 17:30:00,abylai-khan-01,0.6334899751381393,7,81.72571514630647,clear,1.172150693174094,17,0,7.46,5.47,5.71
2026-08-28 17:45:00,abylai-khan-01,0.7543758043747709,1,61.81550192356296,clear,1.2152701699418713,17,0,1.48,7.46,5.47
2026-08-28 18:00:00,abylai-khan-01,0.749578853791627,1,32.6473869826279,clear,1.1866335544360123,18,1,7.51,1.48,7.46
2026-08-28 18:15:00,momyshuly-01,0.954515286582287,7,29.978889057734328,clear,3.6939087255515997,18,1,11.97,7.51,1.48
2026-08-28 18:30:00,tole-bi-01,0.6605484685053099,6,35.06945856536558,clear,2.331084497177152,18,1,10.57,11.97,7.51
2026-08-28 18:45:00,tole-bi-01,0.6607544689346521,4,48.07376759725436,clear,2.3108001938229306,18,1,11.09,10.57,11.97
2026-08-28 19:00:00,tole-bi-01,0.7314232599543193,6,94.4423414139215,snow,2.295826754470115,19,1,17.22,11.09,10.57
2026-08-28 19:15:00,abylai-khan-01,0.621786418946735,5,83.97427309228812,rain,1.1058175456296597,19,1,13.85,17.22,11.09
2026-08-28 19:30:00,abylai-khan-01,0.672983216260996,1,54.6241248981054,clear,1.199934745790298,19,1,9.3,13.85,17.22
2026-08-28 19:45:00,tole-bi-01,0.986083855418294,1,59.44613678300592,clear,2.2353471780180807,19,1,6.19,9.3,13.85
2026-08-28 20:00:00,abylai-khan-01,0.7712735759468692,4,41.24875661331319,clear,1.2346551027092314,20,0,2.12,6.19,9.3
2026-08-28 20:15:00,tole-bi-01,0.8528076833689746,1,76.3482365177704,clear,2.2791140950447373,20,0,1.57,2.12,6.19
2026-08-28 20:30:00,tole-bi-01,0.8904445037378548,5,84.22125371696305,rain,2.466431462142431,20,0,8.43,1.57,2.12
2026-08-28 20:45:00,tole-bi-01,0.7467845628028802,5,39.112375653406126,rain,2.173804930777247,20,0,7.86,8.43,1.57
2026-08-28 21:00:00,tole-bi-01,0.6588908297642068,5,23.345729902917228,clear,1.989948168462463,21,0,4.32,7.86,8.43
2026-08-28 21:15:00,tole-bi-01,0.6826324064887124,2,69.91111545303764,clear,2.326766303792443,21,0,2.04,4.32,7.86
2026-08-28 21:30:00,tole-bi-01,0.7253065906322441,5,65.00096953082533,snow,2.235675341030697,21,0,12.0,2.04,4.32
2026-08-28 21:45:00,tole-bi-01,0.8544273681408903,5,52.17049240231012,snow,2.3161060606412898,21,0,10.65,12.0,2.04
2026-08-28 22:00:00,abylai-khan-01,0.7593122196356218,2,71.5115153418568,clear,1.0764362176512647,22,0,2.13,10.65,12.0
2026-08-28 22:15:00,tole-bi-01,0.6027258791600513,6,64.04906383881149,clear,2.490895974126541,22,0,8.86,2.13,10.65
2026-08-28 22:30:00,tole-bi-01,0.8093628740269887,3,40.04652612753542,clear,2.2613488797420342,22,0,6.46,8.86,2.13
2026-08-28 22:45:00,abylai-khan-01,0.9686053567629671,1,51.81831804981779,rain,1.1292054429206424,22,0,4.55,6.46,8.86
2026-08-28 23:00:00,abylai-khan-01,0.9248310444034716,5,54.24908557977933,clear,1.389049216167698,23,0,4.93,4.55,6.46
2026-08-28 23:15:00,abylai-khan-01,0.9300845485038525,1,90.4198395580451,rain,1.2840343150400408,23,0,4.31,4.93,4.55
2026-08-28 23:30:00,tole-bi-01,0.9180232070424524,4,96.87233233031675,clear,2.438951064411991,23,0,4.99,4.31,4.93
2026-08-28 23:45:00,momyshuly-01,0.7294923302441695,1,91.44010899171977,clear,3.582782323892074,23,0,5.53,4.99,4.31
2026-08-29 00:00:00,momyshuly-01,0.9060775335017568,7,77.53424192415837,clear,3.6046909808164855,0,0,6.01,5.53,4.99
2026-08-29 00:15:00,abylai-khan-01,0.6572645431244771,6,66.79941868846575,snow,1.140327370450072,0,0,10.59,6.01,5.53
2026-08-29 00:30:00,momyshuly-01,0.8630864589103814,2,75.1409308372764,clear,3.5286527581038656,0,0,3.59,10.59,6.01
2026-08-29 00:45:00,abylai-khan-01,0.8566274266739977,1,95.12873765861512,rain,1.2398238579058998,0,0,4.66,3.59,10.59
2026-08-29 01:00:00,tole-bi-01,0.6102279196358938,1,39.99989881790654,clear,2.2631547644827616,1,0,4.88,4.66,3.59
2026-08-29 01:15:00,momyshuly-01,0.9151880534363727,1,62.80964061387239,snow,3.8220819120369542,1,0,8.29,4.88,4.66
2026-08-29 01:30:00,tole-bi-01,0.9612992420380522,3,75.16864152003264,rain,2.384252535783019,1,0,6.33,8.29,4.88
2026-08-29 01:45:00,momyshuly-01,0.706966111388843,3,74.33976010594196,clear,3.7883261566866744,1,0,5.87,6.33,8.29
2026-08-29 02:00:00,tole-bi-01,0.9249562896744603,4,40.18231676614691,rain,2.0771319815574643,2,0,6.41,5.87,6.33
2026-08-29 02:15:00,momyshuly-01,0.6329623887447793,2,66.93852219118014,clear,3.7895421006787195,2,0,4.41,6.41,5.87
2026-08-29 02:30:00,tole-bi-01,0.8399871433044264,1,83.67305139361251,clear,2.0615053618976504,2,0,2.23,4.41,6.41
2026-08-29 02:45:00,tole-bi-01,0.7942587461337108,1,58.00631840401951,clear,2.173908886432318,2,0,1.78,2.23,4.41
2026-08-29 03:00:00,momyshuly-01,0.8183694133236,1,83.46384613589879,snow,3.424735298386738,3,0,7.44,1.78,2.23
2026-08-29 03:15:00,tole-bi-01,0.970482080753738,1,48.790607820364386,snow,2.324304914034685,3,0,7.1,7.44,1.78
2026-08-29 03:30:00,tole-bi-01,0.9485260988987414,3,95.10081017310071,clear,2.298180295246839,3,0,2.73,7.1,7.44
2026-08-29 03:45:00,tole-bi-01,0.9140334628959028,6,62.714275239928085,rain,2.379491919426273,3,0,9.86,2.73,7.1
2026-08-29 04:00:00,momyshuly-01,0.7094793830713484,6,67.67583606340915,clear,3.5911535718365815,4,0,7.31,9.86,2.73
2026-08-29 04:15:00,momyshuly-01,0.9647274514744366,4,22.50892550436707,rain,3.7225100292467936,4,0,8.55,7.31,9.86
2026-08-29 04:30:00,tole-bi-01,0.63900307698555,7,33.62153097028754,clear,2.206730674646913,4,0,6.1,8.55,7.31
2026-08-29 04:45:00,tole-bi-01,0.9413316866235151,5,70.63471043768358,clear,2.424816281126839,4,0,3.5,6.1,8.55
2026-08-29 05:00:00,momyshuly-01,0.7312640289414432,2,53.5896297425817,clear,3.5969259326639222,5,0,4.16,3.5,6.1
2026-08-29 05:15:00,momyshuly-01,0.6215089246647933,6,60.653103236653976,clear,3.8355860200648086,5,0,8.64,4.16,3.5
2026-08-29 05:30:00,tole-bi-01,0.8677427936962994,7,25.037712698696033,clear,2.3871907009961713,5,0,5.94,8.64,4.16
2026-08-29 05:45:00,tole-bi-01,0.6925119713263822,1,86.73081907283074,clear,2.269633833047842,5,0,2.85,5.94,8.64
2026-08-29 06:00:00,tole-bi-01,0.6974284503458528,6,82.76044818369738,clear,2.296592704153072,6,0,7.44,2.85,5.94
2026-08-29 06:15:00,abylai-khan-01,0.7224188664915085,4,34.828318057747964,snow,1.0990884115584372,6,0,8.82,7.44,2.85
2026-08-29 06:30:00,momyshuly-01,0.6254739070010067,5,70.74634858059035,clear,3.635936016302177,6,0,6.11,8.82,7.44
2026-08-29 06:45:00,abylai-khan-01,0.6708508576793016,6,85.46521693234173,snow,1.1695803819618804,6,0,11.59,6.11,8.82
2026-08-29 07:00:00,momyshuly-01,0.6020558510342241,4,71.268330913248,clear,3.6724168288359027,7,0,4.99,11.59,6.11
2026-08-29 07:15:00,momyshuly-01,0.7781638084423147,3,44.831847623667585,clear,3.466200084241957,7,0,4.3,4.99,11.59
2026-08-29 07:30:00,momyshuly-01,0.6337021509671885,5,72.48889203825337,clear,3.5670327204360963,7,0,6.9,4.3,4.99
2026-08-29 07:45:00,momyshuly-01,0.8730610420176796,4,36.83693981465698,rain,3.4840478853985335,7,0,7.99,6.9,4.3
2026-08-29 08:00:00,momyshuly-01,0.6942491404766593,7,45.46039978235367,rain,3.490265857617618,8,1,16.19,7.99,6.9
2026-08-29 08:15:00,momyshuly-01,0.9774296576140709,6,39.20557224857429,clear,3.6606050167265725,8,1,11.98,16.19,7.99
2026-08-29 08:30:00,momyshuly-01,0.948500650959461,3,64.55400819121652,clear,3.7124506338167285,8,1,8.76,11.98,16.19
2026-08-29 08:45:00,abylai-khan-01,0.7157763579872833,7,28.65813174124389,clear,0.9667454658747123,8,1,12.22,8.76,11.98
2026-08-29 09:00:00,tole-bi-01,0.9132861818626715,4,94.66483042786709,clear,2.4861874531428407,9,1,9.69,12.22,8.76
2026-08-29 09:15:00,tole-bi-01,0.9212979618659225,4,46.680988293029344,rain,2.44040871437153,9,1,12.34,9.69,12.22
2026-08-29 09:30:00,abylai-khan-01,0.9946252456457642,7,37.5176101684641,clear,1.0653324277263325,9,1,9.43,12.34,9.69
2026-08-29 09:45:00,abylai-khan-01,0.8391359947382739,6,59.7239850881465,clear,1.2826843527492844,9,1,10.86,9.43,12.34
2026-08-29 10:00:00,abylai-khan-01,0.6327862938574649,5,42.159825476377286,rain,1.1539814008175424,10,0,7.69,10.86,9.43
2026-08-29 10:15:00,abylai-khan-01,0.8587348915705524,3,62.79232691061154,snow,1.19018994330696,10,0,8.0,7.69,10.86
2026-08-29 10:30:00,momyshuly-01,0.8499918993504141,1,47.880731982566836,clear,3.660205455763458,10,0,3.24,8.0,7.69
2026-08-29 10:45:00,tole-bi-01,0.8553402309681727,2,30.565344861523265,clear,2.347999585213902,10,0,5.07,3.24,8.0
2026-08-29 11:00:00,momyshuly-01,0.7228582592416846,5,41.27161936218096,clear,3.542700380873295,11,0,5.46,5.07,3.24
2026-08-29 11:15:00,tole-bi-01,0.9438718340321332,3,55.07518759692202,clear,2.2422767693233285,11,0,4.39,5.46,5.07
2026-08-29 11:30:00,tole-bi-01,0.9837888731821648,7,22.42345811837005,clear,2.2481773495892834,11,0,7.25,4.39,5.46
2026-08-29 11:45:00,abylai-khan-01,0.6870850051912606,4,81.65140216118095,rain,1.314282757841646,11,0,7.82,7.25,4.39
2026-08-29 12:00:00,momyshuly-01,0.6352608632546578,7,69.74596516723327,rain,3.4138183828536506,12,0,10.05,7.82,7.25
2026-08-29 12:15:00,abylai-khan-01,0.6778140132673937,3,68.10876858226834,clear,1.183808594609495,12,0,5.46,10.05,7.82
2026-08-29 12:30:00,momyshuly-01,0.9282208557022875,7,63.68399455062128,clear,3.7572546904861057,12,0,6.65,5.46,10.05
2026-08-29 12:45:00,tole-bi-01,0.870657853927939,7,67.22505378600547,clear,2.370370355090814,12,0,7.09,6.65,5.46
2026-08-29 13:00:00,abylai-khan-01,0.8544189369356506,2,94.77215621657764,clear,1.3050964055166365,13,0,2.46,7.09,6.65
2026-08-29 13:15:00,abylai-khan-01,0.7607172540437698,6,20.685536864859255,clear,1.1851941387761178,13,0,5.12,2.46,7.09
2026-08-29 13:30:00,tole-bi-01,0.8311311886045742,2,23.823976772619943,clear,2.183643682027395,13,0,3.52,5.12,2.46
2026-08-29 13:45:00,tole-bi-01,0.723149650109747,1,35.31947279446419,clear,2.305568755707056,13,0,4.71,3.52,5.12
2026-08-29 14:00:00,tole-bi-01,0.7908800317671845,1,33.384110399452005,clear,2.231106446083242,14,0,2.74,4.71,3.52
2026-08-29 14:15:00,abylai-khan-01,0.9172252113482624,2,34.495556757534615,clear,1.4230686512728576,14,0,4.1,2.74,4.71
2026-08-29 14:30:00,momyshuly-01,0.9924966389821849,5,73.75551086789201,clear,3.584182317439262,14,0,5.0,4.1,2.74
2026-08-29 14:45:00,abylai-khan-01,0.9729955694359207,5,56.758664084013226,clear,1.2637458993104977,14,0,3.96,5.0,4.1
2026-08-29 15:00:00,momyshuly-01,0.9735463771384996,7,99.34231026677546,clear,3.770239203514794,15,0,5.56,3.96,5.0
2026-08-29 15:15:00,abylai-khan-01,0.760889493938845,7,38.150873184235586,clear,1.0903250817333456,15,0,5.57,5.56,3.96
2026-08-29 15:30:00,abylai-khan-01,0.7875159522027164,4,44.86640808219957,clear,0.972027019486395,15,0,3.62,5.57,5.56
2026-08-29 15:45:00,tole-bi-01,0.8822541585475926,1,98.73925734413193,clear,2.349001374941311,15,0,1.81,3.62,5.57
2026-08-29 16:00:00,momyshuly-01,0.9688767712205137,4,86.54065126417976,snow,3.6678327395783628,16,0,8.68,1.81,3.62
2026-08-29 16:15:00,abylai-khan-01,0.6567977037408338,1,57.58393765428262,clear,1.1585903198992826,16,0,1.68,8.68,1.81
2026-08-29 16:30:00,abylai-khan-01,0.7216967455308783,2,64.36775084367918,clear,1.0843746768856872,16,0,2.52,1.68,8.68
2026-08-29 16:45:00,tole-bi-01,0.6556987378376438,5,87.45423365222723,clear,2.330981910557093,16,0,7.13,2.52,1.68
2026-08-29 17:00:00,tole-bi-01,0.8448034119837822,7,58.47841968370624,clear,2.2976253337722894,17,0,4.98,7.13,2.52
2026-08-29 17:15:00,momyshuly-01,0.7225203987550151,5,36.48189788656674,snow,3.6322201430832295,17,0,9.35,4.98,7.13
2026-08-29 17:30:00,abylai-khan-01,0.7304431410050294,2,86.27556308435084,rain,1.0867044136778605,17,0,3.5,9.35,4.98
2026-08-29 17:45:00,momyshuly-01,0.6283663837951917,4,63.02179930205148,clear,3.63247955865046,17,0,5.3,3.5,9.35
2026-08-29 18:00:00,abylai-khan-01,0.7399184247230368,4,32.2434077731057,clear,1.2819535364812455,18,1,9.88,5.3,3.5
2026-08-29 18:15:00,momyshuly-01,0.9449986029606341,3,60.44686649475181,clear,3.449411191101508,18,1,8.56,9.88,5.3
2026-08-29 18:30:00,tole-bi-01,0.693229124756334,7,53.0562704477487,clear,2.4460416608664555,18,1,11.88,8.56,9.88
2026-08-29 18:45:00,abylai-khan-01,0.8780749864840263,7,90.14740255054063,clear,1.2254492774217687,18,1,10.29,11.88,8.56
2026-08-29 19:00:00,momyshuly-01,0.8518513379754371,7,30.084434508856273,clear,3.6850944485915065,19,1,10.4,10.29,11.88
2026-08-29 19:15:00,tole-bi-01,0.9453938433476461,1,90.01678435584205,clear,2.172106937126746,19,1,7.61,10.4,10.29
2026-08-29 19:30:00,tole-bi-01,0.6529151790604153,4,60.97688134482277,clear,2.3682584988377484,19,1,11.59,7.61,10.4
2026-08-29 19:45:00,momyshuly-01,0.9910359841380173,2,52.34915439849181,rain,3.435535823129536,19,1,10.17,11.59,7.61
2026-08-29 20:00:00,abylai-khan-01,0.8330514584161463,4,32.957374752235225,clear,1.1051753373334916,20,0,3.8,10.17,11.59
2026-08-29 20:15:00,abylai-khan-01,0.9981896609387257,5,76.06543701109435,clear,1.2263367428502712,20,0,3.86,3.8,10.17
2026-08-29 20:30:00,tole-bi-01,0.9646058903463404,1,94.14453672880325,clear,2.2724049834607634,20,0,0.65,3.86,3.8
2026-08-29 20:45:00,abylai-khan-01,0.6886069088452423,7,50.03018831194559,clear,1.2027497168772228,20,0,6.08,0.65,3.86
2026-08-29 21:00:00,abylai-khan-01,0.6224648039613252,6,39.32680005366667,rain,1.392738684337112,21,0,10.52,6.08,0.65
2026-08-29 21:15:00,abylai-khan-01,0.7022556375181446,3,64.38935335993256,clear,1.2011814317322593,21,0,3.66,10.52,6.08
2026-08-29 21:30:00,tole-bi-01,0.8110254595997679,1,83.69487587470962,rain,2.3709701718877585,21,0,5.2,3.66,10.52
2026-08-29 21:45:00,momyshuly-01,0.6686385468260759,5,20.301415564042642,clear,3.593323407120411,21,0,5.95,5.2,3.66
2026-08-29 22:00:00,abylai-khan-01,0.6669838978071954,7,70.51019491163433,rain,1.190361529683231,22,0,8.68,5.95,5.2
2026-08-29 22:15:00,tole-bi-01,0.7850374188420612,5,67.72128005589047,rain,2.2021732173270654,22,0,8.43,8.68,5.95
2026-08-29 22:30:00,tole-bi-01,0.6133071884677433,5,45.452174864332804,clear,2.3368122225472967,22,0,5.3,8.43,8.68
2026-08-29 22:45:00,momyshuly-01,0.6487552330129082,7,56.113840288397625,clear,3.853547941868594,22,0,9.91,5.3,8.43
2026-08-29 23:00:00,abylai-khan-01,0.7663445357631791,5,39.75705793294567,rain,1.2087862973343229,23,0,5.66,9.91,5.3
2026-08-29 23:15:00,abylai-khan-01,0.6252519636831866,2,83.19085903614743,clear,1.1732991998785542,23,0,2.66,5.66,9.91
2026-08-29 23:30:00,momyshuly-01,0.7587020225822118,3,70.76279466928861,clear,3.714014056005231,23,0,3.43,2.66,5.66
2026-08-29 23:45:00,momyshuly-01,0.789602506379378,6,62.61692976311882,clear,3.702280274996153,23,0,8.19,3.43,2.66
2026-08-30 00:00:00,tole-bi-01,0.7805066456292458,5,51.40209587342618,clear,2.3439057397128757,0,0,5.36,8.19,3.43
2026-08-30 00:15:00,tole-bi-01,0.947669942961235,5,43.31075088165857,clear,2.2691631186050754,0,0,4.31,5.36,8.19
2026-08-30 00:30:00,momyshuly-01,0.812024982020693,4,85.81891888347451,clear,3.7144427459644125,0,0,5.77,4.31,5.36
2026-08-30 00:45:00,abylai-khan-01,0.7871921849912173,3,56.112613634685516,clear,1.2120930001411951,0,0,4.68,5.77,4.31
2026-08-30 01:00:00,tole-bi-01,0.7642836981566665,1,60.11579358733382,clear,2.391376040215789,1,0,2.91,4.68,5.77
2026-08-30 01:15:00,tole-bi-01,0.9270493513217944,3,61.66629844325933,rain,2.2180702560183456,1,0,6.9,2.91,4.68
2026-08-30 01:30:00,abylai-khan-01,0.9580226415999332,3,55.86935483452612,clear,1.1413290091851211,1,0,2.18,6.9,2.91
2026-08-30 01:45:00,tole-bi-01,0.9412969876788471,7,40.4870740990739,snow,2.3096880007848553,1,0,10.09,2.18,6.9
2026-08-30 02:00:00,abylai-khan-01,0.8694186312525563,7,29.62723521944416,snow,1.076479273448152,2,0,10.87,10.09,2.18
2026-08-30 02:15:00,abylai-khan-01,0.6549446983874697,7,27.882981373419256,rain,1.1630098954531976,2,0,8.45,10.87,10.09
2026-08-30 02:30:00,abylai-khan-01,0.7107479877968049,6,80.59700186725509,snow,1.0720461048687822,2,0,11.33,8.45,10.87
2026-08-30 02:45:00,momyshuly-01,0.618425225472791,3,37.882225784120905,rain,3.4455247284883734,2,0,7.48,11.33,8.45
2026-08-30 03:00:00,momyshuly-01,0.9723296299960457,6,24.453825196318046,rain,3.84359926764664,3,0,8.55,7.48,11.33
2026-08-30 03:15:00,momyshuly-01,0.8643194118763642,5,83.80139253567089,clear,3.5391025238813985,3,0,3.49,8.55,7.48
2026-08-30 03:30:00,abylai-khan-01,0.8985451537252966,7,32.324932228851836,clear,1.1478967071412178,3,0,5.42,3.49,8.55
2026-08-30 03:45:00,abylai-khan-01,0.7246286958328916,5,70.01168733866832,rain,1.208021909899914,3,0,7.22,5.42,3.49
2026-08-30 04:00:00,momyshuly-01,0.9382614089109369,7,47.091461715829055,clear,3.4938262467585006,4,0,7.94,7.22,5.42
2026-08-30 04:15:00,tole-bi-01,0.7038413134833914,2,30.118420535304757,rain,2.249833192711427,4,0,6.95,7.94,7.22
2026-08-30 04:30:00,abylai-khan-01,0.6006575028449799,6,53.15847834034879,rain,1.3834409168501447,4,0,8.85,6.95,7.94
2026-08-30 04:45:00,tole-bi-01,0.7505659850082775,6,21.18470889061001,clear,2.3358099582891247,4,0,4.59,8.85,6.95
2026-08-30 05:00:00,tole-bi-01,0.8283045923836294,1,87.28359860100483,rain,2.398608174243213,5,0,4.47,4.59,8.85
2026-08-30 05:15:00,abylai-khan-01,0.791481943186209,4,61.07983690734858,clear,1.3573593033334947,5,0,5.22,4.47,4.59
2026-08-30 05:30:00,abylai-khan-01,0.9448304570306388,3,31.132800872636945,clear,1.2210649486363938,5,0,2.38,5.22,4.47
2026-08-30 05:45:00,tole-bi-01,0.6421621143824667,1,38.95842547111877,clear,2.2778754493448576,5,0,2.11,2.38,5.22
2026-08-30 06:00:00,tole-bi-01,0.8215293762534902,6,55.838015371082136,clear,2.15661455423617,6,0,6.95,2.11,2.38
2026-08-30 06:15:00,momyshuly-01,0.805191739928363,1,35.10955062524389,clear,3.5617106553225355,6,0,1.59,6.95,2.11
2026-08-30 06:30:00,momyshuly-01,0.7125571928688652,2,41.48793292008687,clear,3.5837502235664354,6,0,4.23,1.59,6.95
2026-08-30 06:45:00,abylai-khan-01,0.9288912450308042,4,62.750845138821056,clear,1.1192721990340873,6,0,3.85,4.23,1.59
2026-08-30 07:00:00,momyshuly-01,0.9011394623528826,6,86.60872104307084,rain,3.7545225409371374,7,0,9.02,3.85,4.23
2026-08-30 07:15:00,momyshuly-01,0.8931436749327324,6,52.14717485519366,clear,3.7102294562820513,7,0,5.17,9.02,3.85
2026-08-30 07:30:00,momyshuly-01,0.9504769913078224,3,77.35802188428386,clear,3.6985542174076365,7,0,3.11,5.17,9.02
2026-08-30 07:45:00,momyshuly-01,0.8891138402486085,7,90.13473707685188,clear,3.5883797359741223,7,0,6.35,3.11,5.17
2026-08-30 08:00:00,tole-bi-01,0.6927365166858905,4,37.30407522369296,rain,2.19669681493458,8,1,13.29,6.35,3.11
2026-08-30 08:15:00,abylai-khan-01,0.8822250846598765,2,84.57535763217281,rain,1.33280015142171,8,1,9.9,13.29,6.35
2026-08-30 08:30:00,momyshuly-01,0.7230811253559375,5,80.5921758664822,clear,3.6335361284674383,8,1,11.04,9.9,13.29
2026-08-30 08:45:00,tole-bi-01,0.6968698601389882,1,48.5549838358508,clear,2.3773082372354275,8,1,8.4,11.04,9.9
2026-08-30 09:00:00,tole-bi-01,0.6292014371598509,3,99.16159676006937,rain,2.361924733458302,9,1,11.44,8.4,11.04
2026-08-30 09:15:00,tole-bi-01,0.8976114321390707,6,41.00578971487656,clear,2.331062725435716,9,1,11.3,11.44,8.4
2026-08-30 09:30:00,momyshuly-01,0.8844003847799244,5,40.38426128253565,clear,3.799961581650821,9,1,11.25,11.3,11.44
2026-08-30 09:45:00,momyshuly-01,0.6937997910696375,2,81.78073317225582,clear,3.5342606327669954,9,1,9.17,11.25,11.3
2026-08-30 10:00:00,abylai-khan-01,0.8997516066896624,4,54.77258544408674,clear,1.1691070448158813,10,0,3.29,9.17,11.25
2026-08-30 10:15:00,momyshuly-01,0.9671363532374212,1,46.46359958248346,rain,3.7641158601755325,10,0,4.76,3.29,9.17
2026-08-30 10:30:00,momyshuly-01,0.6432115829966317,3,34.29302442712824,clear,3.6082063415507406,10,0,6.37,4.76,3.29
2026-08-30 10:45:00,tole-bi-01,0.69305465535471,6,81.22659447476352,clear,2.287406656652048,10,0,6.67,6.37,4.76
2026-08-30 11:00:00,abylai-khan-01,0.9001043176349262,6,82.90574449088616,clear,1.1746992865201222,11,0,4.64,6.67,6.37
2026-08-30 11:15:00,momyshuly-01,0.7098026694028313,5,65.32512025841123,snow,3.667930261294376,11,0,10.54,4.64,6.67
2026-08-30 11:30:00,momyshuly-01,0.8498655897134867,5,96.58508905530982,rain,3.5770715173911913,11,0,8.91,10.54,4.64
2026-08-30 11:45:00,tole-bi-01,0.6324656897854858,1,45.45306163381234,rain,2.2658446667983703,11,0,6.26,8.91,10.54
2026-08-30 12:00:00,tole-bi-01,0.7808809916414154,4,37.56952363834698,clear,2.3662815616400033,12,0,4.18,6.26,8.91
2026-08-30 12:15:00,momyshuly-01,0.8956365687971812,2,74.19734151475694,clear,3.609325716638804,12,0,3.12,4.18,6.26
2026-08-30 12:30:00,abylai-khan-01,0.8746055772173009,7,80.67269126397638,snow,1.0990553009745518,12,0,10.51,3.12,4.18
2026-08-30 12:45:00,abylai-khan-01,0.9260288402703227,4,37.992477644145794,clear,1.2032016417635238,12,0,2.2,10.51,3.12
2026-08-30 13:00:00,tole-bi-01,0.9509808506412676,4,26.128861140889057,rain,2.4394531501962775,13,0,6.56,2.2,10.51
2026-08-30 13:15:00,tole-bi-01,0.9092734005035032,4,84.84131892690976,clear,2.376530614591162,13,0,2.49,6.56,2.2
2026-08-30 13:30:00,momyshuly-01,0.8686350971755703,7,98.12015789168099,clear,3.751797967142363,13,0,5.96,2.49,6.56
2026-08-30 13:45:00,tole-bi-01,0.6126889967264124,1,71.57378288578275,clear,2.2268700070857452,13,0,2.77,5.96,2.49
2026-08-30 14:00:00,momyshuly-01,0.8139866693637776,7,42.22935201151153,rain,3.707022977474703,14,0,9.33,2.77,5.96
2026-08-30 14:15:00,abylai-khan-01,0.6150790899659411,1,99.73380868422336,rain,1.135148313403586,14,0,5.56,9.33,2.77
2026-08-30 14:30:00,abylai-khan-01,0.9232271268464091,7,91.4613309013662,clear,1.0767607078939057,14,0,5.67,5.56,9.33
2026-08-30 14:45:00,momyshuly-01,0.728289809783983,2,61.07045170242351,clear,3.5196936283261557,14,0,5.61,5.67,5.56
2026-08-30 15:00:00,tole-bi-01,0.8249717496471684,4,86.0257027873467,snow,2.313141026339446,15,0,9.57,5.61,5.67
2026-08-30 15:15:00,abylai-khan-01,0.711778122927561,1,85.26564186103735,clear,1.302795154982348,15,0,2.48,9.57,5.61
2026-08-30 15:30:00,tole-bi-01,0.9130000577521175,7,94.78391757387996,rain,2.331041564458656,15,0,7.53,2.48,9.57
2026-08-30 15:45:00,abylai-khan-01,0.9546010106567611,2,87.2739075018768,clear,1.184671832063311,15,0,0.65,7.53,2.48
2026-08-30 16:00:00,momyshuly-01,0.7594569976852256,7,71.49433887657315,clear,3.49677886000136,16,0,7.64,0.65,7.53
2026-08-30 16:15:00,momyshuly-01,0.9451689574043955,6,68.74429751652059,clear,3.670533133156625,16,0,6.23,7.64,0.65
2026-08-30 16:30:00,momyshuly-01,0.706830002982533,2,57.38858306652894,clear,3.6963622635789317,16,0,4.73,6.23,7.64
2026-08-30 16:45:00,abylai-khan-01,0.8138643692302096,4,70.11885119766059,clear,1.2298283606526388,16,0,5.15,4.73,6.23
2026-08-30 17:00:00,tole-bi-01,0.9435045719354815,3,83.61732692243062,clear,2.194768137601048,17,0,2.05,5.15,4.73
2026-08-30 17:15:00,tole-bi-01,0.7303525370463162,4,97.52301010420426,clear,2.3808709129685535,17,0,6.63,2.05,5.15
2026-08-30 17:30:00,tole-bi-01,0.9816169060312343,3,57.38298865456961,clear,2.4227244742594753,17,0,1.65,6.63,2.05
2026-08-30 17:45:00,abylai-khan-01,0.6487518007125535,2,65.89225623910056,clear,1.3533016871977799,17,0,3.67,1.65,6.63
2026-08-30 18:00:00,abylai-khan-01,0.6073100278894025,6,55.58443960470254,rain,1.1562302994274283,18,1,12.41,3.67,1.65
2026-08-30 18:15:00,abylai-khan-01,0.9616541410312762,6,73.47908967867232,clear,1.24363048558012,18,1,10.34,12.41,3.67
2026-08-30 18:30:00,abylai-khan-01,0.6274594664591489,1,70.39364032490076,clear,1.1465468241977415,18,1,6.08,10.34,12.41
2026-08-30 18:45:00,abylai-khan-01,0.9967556783789967,6,21.426703215489866,clear,1.1077638564221575,18,1,6.65,6.08,10.34
2026-08-30 19:00:00,tole-bi-01,0.9805587447916424,5,63.292924728052675,clear,2.458320417828333,19,1,9.71,6.65,6.08
2026-08-30 19:15:00,abylai-khan-01,0.6548083640145282,2,27.078951655921124,rain,1.25645671946772,19,1,10.58,9.71,6.65
2026-08-30 19:30:00,abylai-khan-01,0.8150338502770264,1,22.110689440443068,clear,1.3292747631644328,19,1,7.94,10.58,9.71
2026-08-30 19:45:00,tole-bi-01,0.6739681189868577,6,83.29577296677586,rain,2.1775174909929005,19,1,14.05,7.94,10.58
2026-08-30 20:00:00,abylai-khan-01,0.771262069212048,2,40.69198897274404,clear,1.2288419074909034,20,0,1.92,14.05,7.94
2026-08-30 20:15:00,tole-bi-01,0.6245700517039331,4,47.25240618298394,clear,2.3508299066149805,20,0,4.86,1.92,14.05
2026-08-30 20:30:00,tole-bi-01,0.6895698351186358,6,25.126767008325295,clear,2.2167821377135373,20,0,9.64,4.86,1.92
2026-08-30 20:45:00,momyshuly-01,0.7453091185595598,7,34.36002083954805,rain,3.74878384660252,20,0,9.42,9.64,4.86
2026-08-30 21:00:00,momyshuly-01,0.775459000098422,3,81.24838546062338,snow,3.575447988244543,21,0,10.28,9.42,9.64
2026-08-30 21:15:00,momyshuly-01,0.9909985032835573,2,59.482466418609675,clear,3.645363529211749,21,0,3.53,10.28,9.42
2026-08-30 21:30:00,momyshuly-01,0.9231462582735925,1,90.45347700401187,rain,3.5449741617348334,21,0,5.72,3.53,10.28
2026-08-30 21:45:00,abylai-khan-01,0.8949639777247784,4,51.77937051734681,clear,1.0805592482142958,21,0,3.89,5.72,3.53
2026-08-30 22:00:00,momyshuly-01,0.8148165258967897,5,41.496058860341456,snow,3.691306009418432,22,0,10.78,3.89,5.72
2026-08-30 22:15:00,tole-bi-01,0.9359991042417374,4,47.80798515669208,clear,2.3379071047404354,22,0,2.23,10.78,3.89
2026-08-30 22:30:00,abylai-khan-01,0.7357291342622845,6,77.02174348135236,clear,1.2237251687119788,22,0,5.78,2.23,10.78
2026-08-30 22:45:00,momyshuly-01,0.8835596451093264,3,64.40045378675889,clear,3.5721831344902055,22,0,4.25,5.78,2.23
2026-08-30 23:00:00,tole-bi-01,0.9975135901512688,4,92.33529660419423,snow,2.33518296433196,23,0,8.84,4.25,5.78
2026-08-30 23:15:00,abylai-khan-01,0.7258515635740795,5,68.17350155111066,rain,1.3266237437622417,23,0,8.09,8.84,4.25
2026-08-30 23:30:00,abylai-khan-01,0.869607013953587,7,59.441456678520254,snow,1.1316190460860849,23,0,10.25,8.09,8.84
2026-08-30 23:45:00,momyshuly-01,0.937725945660953,1,82.86021791093863,rain,3.656027265998889,23,0,4.55,10.25,8.09
